sample_id,image_path,pred_label,pred_class
sample_0001.jpg,/path/to/meme-template-id/Social_Media/random_sampled/sample_0001.jpg,black_box_meme,Templated-Meme
sample_0002.jpg,/path/to/meme-template-id/Social_Media/random_sampled/sample_0002.jpg,spiderman-presentation,Templated-Meme
sample_0003.jpg,/path/to/meme-template-id/Social_Media/random_sampled/sample_0003.jpg,crying-wojak-vs-chad,Templated-Meme
sample_0004.jpg,/path/to/meme-template-id/Social_Media/random_sampled/sample_0004.jpg,0-days-without-lenny-simpsons,Templated-Meme
sample_0005.jpg,/path/to/meme-template-id/Social_Media/random_sampled/sample_0005.jpg,what_my_friends_think_i_do,Templated-Meme
sample_0006.jpg,/path/to/meme-template-id/Social_Media/random_sampled/sample_0006.jpg,average-blank-fan-vs-average-blank-enjoyer,Templated-Meme
sample_0007.jpg,/path/to/meme-template-id/Social_Media/random_sampled/sample_0007.jpg,0-days-without-lenny-simpsons,Templated-Meme
sample_0008.jpg,/path/to/meme-template-id/Social_Media/random_sampled/sample_0008.jpg,deadpool-surprised,Templated-Meme
sample_0009.jpg,/path/to/meme-template-id/Social_Media/random_sampled/sample_0009.jpg,it_cant_hurt_you,Templated-Meme
sample_0010.jpg,/path/to/meme-template-id/Social_Media/random_sampled/sample_0010.jpg,0-days-without-lenny-simpsons,Templated-Meme
sample_0011.jpg,/path/to/meme-template-id/Social_Media/random_sampled/sample_0011.jpg,blank_t_shirt,Templated-Meme
sample_0012.jpg,/path/to/meme-template-id/Social_Media/random_sampled/sample_0012.jpg,deadpool-surprised,Templated-Meme
sample_0013.jpg,/path/to/meme-template-id/Social_Media/random_sampled/sample_0013.jpg,quit-hatin,Templated-Meme
sample_0014.jpg,/path/to/meme-template-id/Social_Media/random_sampled/sample_0014.jpg,0-days-without-lenny-simpsons,Templated-Meme
sample_0015.jpg,/path/to/meme-template-id/Social_Media/random_sampled/sample_0015.jpg,blank_t_shirt,Templated-Meme
sample_0016.jpg,/path/to/meme-template-id/Social_Media/random_sampled/sample_0016.jpg,0-days-without-lenny-simpsons,Templated-Meme
sample_0017.jpg,/path/to/meme-template-id/Social_Media/random_sampled/sample_0017.jpg,net-noob,Templated-Meme
sample_0018.jpg,/path/to/meme-template-id/Social_Media/random_sampled/sample_0018.jpg,0-days-without-lenny-simpsons,Templated-Meme
sample_0019.jpg,/path/to/meme-template-id/Social_Media/random_sampled/sample_0019.jpg,blank-starter-pack,Templated-Meme
sample_0020.jpg,/path/to/meme-template-id/Social_Media/random_sampled/sample_0020.jpg,obama_cowboy_hat,Templated-Meme
sample_0021.jpg,/path/to/meme-template-id/Social_Media/random_sampled/sample_0021.jpg,0-days-without-lenny-simpsons,Templated-Meme
sample_0022.jpg,/path/to/meme-template-id/Social_Media/random_sampled/sample_0022.jpg,black_box_meme,Templated-Meme
sample_0023.jpg,/path/to/meme-template-id/Social_Media/random_sampled/sample_0023.jpg,crying-wojak-vs-chad,Templated-Meme
sample_0024.jpg,/path/to/meme-template-id/Social_Media/random_sampled/sample_0024.jpg,galaxy-brain-3-brains,Templated-Meme
sample_0025.jpg,/path/to/meme-template-id/Social_Media/random_sampled/sample_0025.jpg,gaga_baby,Templated-Meme
sample_0026.jpg,/path/to/meme-template-id/Social_Media/random_sampled/sample_0026.jpg,Non-Meme,Non-Meme
sample_0027.jpg,/path/to/meme-template-id/Social_Media/random_sampled/sample_0027.jpg,eminem,Templated-Meme
sample_0028.jpg,/path/to/meme-template-id/Social_Media/random_sampled/sample_0028.jpg,0-days-without-lenny-simpsons,Templated-Meme
sample_0029.jpg,/path/to/meme-template-id/Social_Media/random_sampled/sample_0029.jpg,floating-boy-chasing-running-boy,Templated-Meme
sample_0030.jpg,/path/to/meme-template-id/Social_Media/random_sampled/sample_0030.jpg,youtube_video_template,Templated-Meme
sample_0031.jpg,/path/to/meme-template-id/Social_Media/random_sampled/sample_0031.jpg,sweating-bullets,Templated-Meme
sample_0032.jpg,/path/to/meme-template-id/Social_Media/random_sampled/sample_0032.jpg,dat-boi,Templated-Meme
sample_0033.jpg,/path/to/meme-template-id/Social_Media/random_sampled/sample_0033.jpg,spiderman-glasses,Templated-Meme
sample_0034.jpg,/path/to/meme-template-id/Social_Media/random_sampled/sample_0034.jpg,0-days-without-lenny-simpsons,Templated-Meme
sample_0035.jpg,/path/to/meme-template-id/Social_Media/random_sampled/sample_0035.jpg,sweating-bullets,Templated-Meme
sample_0036.jpg,/path/to/meme-template-id/Social_Media/random_sampled/sample_0036.jpg,0-days-without-lenny-simpsons,Templated-Meme
sample_0037.jpg,/path/to/meme-template-id/Social_Media/random_sampled/sample_0037.jpg,0-days-without-lenny-simpsons,Templated-Meme
sample_0038.jpg,/path/to/meme-template-id/Social_Media/random_sampled/sample_0038.jpg,magic_8_ball,Templated-Meme
sample_0039.jpg,/path/to/meme-template-id/Social_Media/random_sampled/sample_0039.jpg,Non-Meme,Non-Meme
sample_0040.jpg,/path/to/meme-template-id/Social_Media/random_sampled/sample_0040.jpg,family_tech_support_guy,Templated-Meme
sample_0041.jpg,/path/to/meme-template-id/Social_Media/random_sampled/sample_0041.jpg,spiderman-presentation,Templated-Meme
sample_0042.jpg,/path/to/meme-template-id/Social_Media/random_sampled/sample_0042.jpg,blank_white_template,Templated-Meme
sample_0043.jpg,/path/to/meme-template-id/Social_Media/random_sampled/sample_0043.jpg,0-days-without-lenny-simpsons,Templated-Meme
sample_0044.jpg,/path/to/meme-template-id/Social_Media/random_sampled/sample_0044.jpg,0-days-without-lenny-simpsons,Templated-Meme
sample_0045.jpg,/path/to/meme-template-id/Social_Media/random_sampled/sample_0045.jpg,magic_8_ball,Templated-Meme
sample_0046.jpg,/path/to/meme-template-id/Social_Media/random_sampled/sample_0046.jpg,0-days-without-lenny-simpsons,Templated-Meme
sample_0047.jpg,/path/to/meme-template-id/Social_Media/random_sampled/sample_0047.jpg,look-how-they-massacred-my-boy,Templated-Meme
sample_0048.jpg,/path/to/meme-template-id/Social_Media/random_sampled/sample_0048.jpg,anakin-kills-younglings,Templated-Meme
sample_0049.jpg,/path/to/meme-template-id/Social_Media/random_sampled/sample_0049.jpg,0-days-without-lenny-simpsons,Templated-Meme
sample_0050.jpg,/path/to/meme-template-id/Social_Media/random_sampled/sample_0050.jpg,comparison-table,Templated-Meme
sample_0051.jpg,/path/to/meme-template-id/Social_Media/random_sampled/sample_0051.jpg,0-days-without-lenny-simpsons,Templated-Meme
sample_0052.jpg,/path/to/meme-template-id/Social_Media/random_sampled/sample_0052.jpg,im-in-danger,Templated-Meme
sample_0053.jpg,/path/to/meme-template-id/Social_Media/random_sampled/sample_0053.jpg,crosseyed-goku,Templated-Meme
sample_0054.jpg,/path/to/meme-template-id/Social_Media/random_sampled/sample_0054.jpg,Non-Meme,Non-Meme
sample_0055.jpg,/path/to/meme-template-id/Social_Media/random_sampled/sample_0055.jpg,la-noire-press-x-to-doubt,Templated-Meme
sample_0056.jpg,/path/to/meme-template-id/Social_Media/random_sampled/sample_0056.jpg,limmy-waking-up,Templated-Meme
sample_0057.jpg,/path/to/meme-template-id/Social_Media/random_sampled/sample_0057.jpg,la-noire-press-x-to-doubt,Templated-Meme
sample_0058.jpg,/path/to/meme-template-id/Social_Media/random_sampled/sample_0058.jpg,obi-wan-of-course-i-know-him-hes-me,Templated-Meme
sample_0059.jpg,/path/to/meme-template-id/Social_Media/random_sampled/sample_0059.jpg,youtube_video_template,Templated-Meme
sample_0060.jpg,/path/to/meme-template-id/Social_Media/random_sampled/sample_0060.jpg,0-days-without-lenny-simpsons,Templated-Meme
sample_0061.jpg,/path/to/meme-template-id/Social_Media/random_sampled/sample_0061.jpg,what_how,Templated-Meme
sample_0062.jpg,/path/to/meme-template-id/Social_Media/random_sampled/sample_0062.jpg,la-noire-press-x-to-doubt,Templated-Meme
sample_0063.jpg,/path/to/meme-template-id/Social_Media/random_sampled/sample_0063.jpg,0-days-without-lenny-simpsons,Templated-Meme
sample_0064.jpg,/path/to/meme-template-id/Social_Media/random_sampled/sample_0064.jpg,nobody-absolutely-no-one,Templated-Meme
sample_0065.jpg,/path/to/meme-template-id/Social_Media/random_sampled/sample_0065.jpg,ben-affleck-smoking,Templated-Meme
sample_0066.jpg,/path/to/meme-template-id/Social_Media/random_sampled/sample_0066.jpg,look-marge,Templated-Meme
sample_0067.jpg,/path/to/meme-template-id/Social_Media/random_sampled/sample_0067.jpg,0-days-without-lenny-simpsons,Templated-Meme
sample_0068.jpg,/path/to/meme-template-id/Social_Media/random_sampled/sample_0068.jpg,at_home,Templated-Meme
sample_0069.jpg,/path/to/meme-template-id/Social_Media/random_sampled/sample_0069.jpg,what_my_friends_think_i_do,Templated-Meme
sample_0070.jpg,/path/to/meme-template-id/Social_Media/random_sampled/sample_0070.jpg,0-days-without-lenny-simpsons,Templated-Meme
sample_0071.jpg,/path/to/meme-template-id/Social_Media/random_sampled/sample_0071.jpg,dafuq-did-i-just-read,Templated-Meme
sample_0072.jpg,/path/to/meme-template-id/Social_Media/random_sampled/sample_0072.jpg,Non-Meme,Non-Meme
sample_0073.jpg,/path/to/meme-template-id/Social_Media/random_sampled/sample_0073.jpg,0-days-without-lenny-simpsons,Templated-Meme
sample_0074.jpg,/path/to/meme-template-id/Social_Media/random_sampled/sample_0074.jpg,0-days-without-lenny-simpsons,Templated-Meme
sample_0075.jpg,/path/to/meme-template-id/Social_Media/random_sampled/sample_0075.jpg,show-me-the-real,Templated-Meme
sample_0076.jpg,/path/to/meme-template-id/Social_Media/random_sampled/sample_0076.jpg,0-days-without-lenny-simpsons,Templated-Meme
sample_0077.jpg,/path/to/meme-template-id/Social_Media/random_sampled/sample_0077.jpg,0-days-without-lenny-simpsons,Templated-Meme
sample_0078.jpg,/path/to/meme-template-id/Social_Media/random_sampled/sample_0078.jpg,0-days-without-lenny-simpsons,Templated-Meme
sample_0079.jpg,/path/to/meme-template-id/Social_Media/random_sampled/sample_0079.jpg,look-how-they-massacred-my-boy,Templated-Meme
sample_0080.jpg,/path/to/meme-template-id/Social_Media/random_sampled/sample_0080.jpg,look-how-they-massacred-my-boy,Templated-Meme
sample_0081.jpg,/path/to/meme-template-id/Social_Media/random_sampled/sample_0081.jpg,joins_battle_smash_bros,Templated-Meme
sample_0082.jpg,/path/to/meme-template-id/Social_Media/random_sampled/sample_0082.jpg,0-days-without-lenny-simpsons,Templated-Meme
sample_0083.jpg,/path/to/meme-template-id/Social_Media/random_sampled/sample_0083.jpg,0-days-without-lenny-simpsons,Templated-Meme
sample_0084.jpg,/path/to/meme-template-id/Social_Media/random_sampled/sample_0084.jpg,0-days-without-lenny-simpsons,Templated-Meme
sample_0085.jpg,/path/to/meme-template-id/Social_Media/random_sampled/sample_0085.jpg,0-days-without-lenny-simpsons,Templated-Meme
sample_0086.jpg,/path/to/meme-template-id/Social_Media/random_sampled/sample_0086.jpg,looks-good-to-me,Templated-Meme
sample_0087.jpg,/path/to/meme-template-id/Social_Media/random_sampled/sample_0087.jpg,0-days-without-lenny-simpsons,Templated-Meme
sample_0088.jpg,/path/to/meme-template-id/Social_Media/random_sampled/sample_0088.jpg,0-days-without-lenny-simpsons,Templated-Meme
sample_0089.jpg,/path/to/meme-template-id/Social_Media/random_sampled/sample_0089.jpg,pouring_gas_on_fire,Templated-Meme
sample_0090.jpg,/path/to/meme-template-id/Social_Media/random_sampled/sample_0090.jpg,im_doing_my_part,Templated-Meme
sample_0091.jpg,/path/to/meme-template-id/Social_Media/random_sampled/sample_0091.jpg,bestbetter-blurst,Templated-Meme
sample_0092.jpg,/path/to/meme-template-id/Social_Media/random_sampled/sample_0092.jpg,im_never_going_to_financially_recover_from_this,Templated-Meme
sample_0093.jpg,/path/to/meme-template-id/Social_Media/random_sampled/sample_0093.jpg,chainsaw_bear,Templated-Meme
sample_0094.jpg,/path/to/meme-template-id/Social_Media/random_sampled/sample_0094.jpg,superior-royalty,Templated-Meme
sample_0095.jpg,/path/to/meme-template-id/Social_Media/random_sampled/sample_0095.jpg,0-days-without-lenny-simpsons,Templated-Meme
sample_0096.jpg,/path/to/meme-template-id/Social_Media/random_sampled/sample_0096.jpg,0-days-without-lenny-simpsons,Templated-Meme
sample_0097.jpg,/path/to/meme-template-id/Social_Media/random_sampled/sample_0097.jpg,0-days-without-lenny-simpsons,Templated-Meme
sample_0098.jpg,/path/to/meme-template-id/Social_Media/random_sampled/sample_0098.jpg,guess-ill-die,Templated-Meme
sample_0099.jpg,/path/to/meme-template-id/Social_Media/random_sampled/sample_0099.jpg,sweating-bullets,Templated-Meme
sample_0100.jpg,/path/to/meme-template-id/Social_Media/random_sampled/sample_0100.jpg,black_box_meme,Templated-Meme
sample_0101.jpg,/path/to/meme-template-id/Social_Media/random_sampled/sample_0101.jpg,free,Templated-Meme
sample_0102.jpg,/path/to/meme-template-id/Social_Media/random_sampled/sample_0102.jpg,the-scroll-of-truth,Templated-Meme
sample_0103.jpg,/path/to/meme-template-id/Social_Media/random_sampled/sample_0103.jpg,damn_i_kinda_dont_meme,Templated-Meme
sample_0104.jpg,/path/to/meme-template-id/Social_Media/random_sampled/sample_0104.jpg,blank_white_template,Templated-Meme
sample_0105.jpg,/path/to/meme-template-id/Social_Media/random_sampled/sample_0105.jpg,la-noire-press-x-to-doubt,Templated-Meme
sample_0106.jpg,/path/to/meme-template-id/Social_Media/random_sampled/sample_0106.jpg,look-how-they-massacred-my-boy,Templated-Meme
sample_0107.jpg,/path/to/meme-template-id/Social_Media/random_sampled/sample_0107.jpg,anakin-kills-younglings,Templated-Meme
sample_0108.jpg,/path/to/meme-template-id/Social_Media/random_sampled/sample_0108.jpg,0-days-without-lenny-simpsons,Templated-Meme
sample_0109.jpg,/path/to/meme-template-id/Social_Media/random_sampled/sample_0109.jpg,blank_white_template,Templated-Meme
sample_0110.jpg,/path/to/meme-template-id/Social_Media/random_sampled/sample_0110.jpg,we_dont_do_that_here,Templated-Meme
sample_0111.jpg,/path/to/meme-template-id/Social_Media/random_sampled/sample_0111.jpg,0-days-without-lenny-simpsons,Templated-Meme
sample_0112.jpg,/path/to/meme-template-id/Social_Media/random_sampled/sample_0112.jpg,nobody-absolutely-no-one,Templated-Meme
sample_0113.jpg,/path/to/meme-template-id/Social_Media/random_sampled/sample_0113.jpg,Non-Meme,Non-Meme
sample_0114.jpg,/path/to/meme-template-id/Social_Media/random_sampled/sample_0114.jpg,0-days-without-lenny-simpsons,Templated-Meme
sample_0115.jpg,/path/to/meme-template-id/Social_Media/random_sampled/sample_0115.jpg,what_my_friends_think_i_do,Templated-Meme
sample_0116.jpg,/path/to/meme-template-id/Social_Media/random_sampled/sample_0116.jpg,sweating-bullets,Templated-Meme
sample_0117.jpg,/path/to/meme-template-id/Social_Media/random_sampled/sample_0117.jpg,the-more-you-know,Templated-Meme
sample_0118.jpg,/path/to/meme-template-id/Social_Media/random_sampled/sample_0118.jpg,la-noire-press-x-to-doubt,Templated-Meme
sample_0119.jpg,/path/to/meme-template-id/Social_Media/random_sampled/sample_0119.jpg,guess-ill-die,Templated-Meme
sample_0120.jpg,/path/to/meme-template-id/Social_Media/random_sampled/sample_0120.jpg,0-days-without-lenny-simpsons,Templated-Meme
sample_0121.jpg,/path/to/meme-template-id/Social_Media/random_sampled/sample_0121.jpg,sad_wojak_cycle,Templated-Meme
sample_0122.jpg,/path/to/meme-template-id/Social_Media/random_sampled/sample_0122.jpg,goku_staring,Templated-Meme
sample_0123.jpg,/path/to/meme-template-id/Social_Media/random_sampled/sample_0123.jpg,show-me-the-real,Templated-Meme
sample_0124.jpg,/path/to/meme-template-id/Social_Media/random_sampled/sample_0124.jpg,Non-Meme,Non-Meme
sample_0125.jpg,/path/to/meme-template-id/Social_Media/random_sampled/sample_0125.jpg,0-days-without-lenny-simpsons,Templated-Meme
sample_0126.jpg,/path/to/meme-template-id/Social_Media/random_sampled/sample_0126.jpg,black_box_meme,Templated-Meme
sample_0127.jpg,/path/to/meme-template-id/Social_Media/random_sampled/sample_0127.jpg,nobody-absolutely-no-one,Templated-Meme
sample_0128.jpg,/path/to/meme-template-id/Social_Media/random_sampled/sample_0128.jpg,0-days-without-lenny-simpsons,Templated-Meme
sample_0129.jpg,/path/to/meme-template-id/Social_Media/random_sampled/sample_0129.jpg,0-days-without-lenny-simpsons,Templated-Meme
sample_0130.jpg,/path/to/meme-template-id/Social_Media/random_sampled/sample_0130.jpg,0-days-without-lenny-simpsons,Templated-Meme
sample_0131.jpg,/path/to/meme-template-id/Social_Media/random_sampled/sample_0131.jpg,sad_wojak_cycle,Templated-Meme
sample_0132.jpg,/path/to/meme-template-id/Social_Media/random_sampled/sample_0132.jpg,the_mandalorian,Templated-Meme
sample_0133.jpg,/path/to/meme-template-id/Social_Media/random_sampled/sample_0133.jpg,0-days-without-lenny-simpsons,Templated-Meme
sample_0134.jpg,/path/to/meme-template-id/Social_Media/random_sampled/sample_0134.jpg,beggar,Templated-Meme
sample_0135.jpg,/path/to/meme-template-id/Social_Media/random_sampled/sample_0135.jpg,obi-wan-of-course-i-know-him-hes-me,Templated-Meme
sample_0136.jpg,/path/to/meme-template-id/Social_Media/random_sampled/sample_0136.jpg,nobody-absolutely-no-one,Templated-Meme
sample_0137.jpg,/path/to/meme-template-id/Social_Media/random_sampled/sample_0137.jpg,what_my_friends_think_i_do,Templated-Meme
sample_0138.jpg,/path/to/meme-template-id/Social_Media/random_sampled/sample_0138.jpg,0-days-without-lenny-simpsons,Templated-Meme
sample_0139.jpg,/path/to/meme-template-id/Social_Media/random_sampled/sample_0139.jpg,guess-ill-die,Templated-Meme
sample_0140.jpg,/path/to/meme-template-id/Social_Media/random_sampled/sample_0140.jpg,net-noob,Templated-Meme
sample_0141.jpg,/path/to/meme-template-id/Social_Media/random_sampled/sample_0141.jpg,la-noire-press-x-to-doubt,Templated-Meme
sample_0142.jpg,/path/to/meme-template-id/Social_Media/random_sampled/sample_0142.jpg,la-noire-press-x-to-doubt,Templated-Meme
sample_0143.jpg,/path/to/meme-template-id/Social_Media/random_sampled/sample_0143.jpg,albert-einstein-1,Templated-Meme
sample_0144.jpg,/path/to/meme-template-id/Social_Media/random_sampled/sample_0144.jpg,i-heart,Templated-Meme
sample_0145.jpg,/path/to/meme-template-id/Social_Media/random_sampled/sample_0145.jpg,la-noire-press-x-to-doubt,Templated-Meme
sample_0146.jpg,/path/to/meme-template-id/Social_Media/random_sampled/sample_0146.jpg,0-days-without-lenny-simpsons,Templated-Meme
sample_0147.jpg,/path/to/meme-template-id/Social_Media/random_sampled/sample_0147.jpg,chuck-norris-finger,Templated-Meme
sample_0148.jpg,/path/to/meme-template-id/Social_Media/random_sampled/sample_0148.jpg,black_background,Templated-Meme
sample_0149.jpg,/path/to/meme-template-id/Social_Media/random_sampled/sample_0149.jpg,Non-Meme,Non-Meme
sample_0150.jpg,/path/to/meme-template-id/Social_Media/random_sampled/sample_0150.jpg,two-buttons,Templated-Meme
sample_0151.jpg,/path/to/meme-template-id/Social_Media/random_sampled/sample_0151.jpg,magic_8_ball,Templated-Meme
sample_0152.jpg,/path/to/meme-template-id/Social_Media/random_sampled/sample_0152.jpg,0-days-without-lenny-simpsons,Templated-Meme
sample_0153.jpg,/path/to/meme-template-id/Social_Media/random_sampled/sample_0153.jpg,look-how-they-massacred-my-boy,Templated-Meme
sample_0154.jpg,/path/to/meme-template-id/Social_Media/random_sampled/sample_0154.jpg,0-days-without-lenny-simpsons,Templated-Meme
sample_0155.jpg,/path/to/meme-template-id/Social_Media/random_sampled/sample_0155.jpg,la-noire-press-x-to-doubt,Templated-Meme
sample_0156.jpg,/path/to/meme-template-id/Social_Media/random_sampled/sample_0156.jpg,0-days-without-lenny-simpsons,Templated-Meme
sample_0157.jpg,/path/to/meme-template-id/Social_Media/random_sampled/sample_0157.jpg,0-days-without-lenny-simpsons,Templated-Meme
sample_0158.jpg,/path/to/meme-template-id/Social_Media/random_sampled/sample_0158.jpg,la-noire-press-x-to-doubt,Templated-Meme
sample_0159.jpg,/path/to/meme-template-id/Social_Media/random_sampled/sample_0159.jpg,ben-affleck-smoking,Templated-Meme
sample_0160.jpg,/path/to/meme-template-id/Social_Media/random_sampled/sample_0160.jpg,blank_white_template,Templated-Meme
sample_0161.jpg,/path/to/meme-template-id/Social_Media/random_sampled/sample_0161.jpg,crying-because-of-cute,Templated-Meme
sample_0162.jpg,/path/to/meme-template-id/Social_Media/random_sampled/sample_0162.jpg,obama_cowboy_hat,Templated-Meme
sample_0163.jpg,/path/to/meme-template-id/Social_Media/random_sampled/sample_0163.jpg,blinking_guy_vertical_blank,Templated-Meme
sample_0164.jpg,/path/to/meme-template-id/Social_Media/random_sampled/sample_0164.jpg,0-days-without-lenny-simpsons,Templated-Meme
sample_0165.jpg,/path/to/meme-template-id/Social_Media/random_sampled/sample_0165.jpg,kramer_whats_going_on_in_there,Templated-Meme
sample_0166.jpg,/path/to/meme-template-id/Social_Media/random_sampled/sample_0166.jpg,0-days-without-lenny-simpsons,Templated-Meme
sample_0167.jpg,/path/to/meme-template-id/Social_Media/random_sampled/sample_0167.jpg,0-days-without-lenny-simpsons,Templated-Meme
sample_0168.jpg,/path/to/meme-template-id/Social_Media/random_sampled/sample_0168.jpg,thats-a-paddlin,Templated-Meme
sample_0169.jpg,/path/to/meme-template-id/Social_Media/random_sampled/sample_0169.jpg,deadpool-surprised,Templated-Meme
sample_0170.jpg,/path/to/meme-template-id/Social_Media/random_sampled/sample_0170.jpg,youtube_video_template,Templated-Meme
sample_0171.jpg,/path/to/meme-template-id/Social_Media/random_sampled/sample_0171.jpg,yu-gi-oh,Templated-Meme
sample_0172.jpg,/path/to/meme-template-id/Social_Media/random_sampled/sample_0172.jpg,mom-can-we-have,Templated-Meme
sample_0173.jpg,/path/to/meme-template-id/Social_Media/random_sampled/sample_0173.jpg,nobody-absolutely-no-one,Templated-Meme
sample_0174.jpg,/path/to/meme-template-id/Social_Media/random_sampled/sample_0174.jpg,magic_8_ball,Templated-Meme
sample_0175.jpg,/path/to/meme-template-id/Social_Media/random_sampled/sample_0175.jpg,nobody-absolutely-no-one,Templated-Meme
sample_0176.jpg,/path/to/meme-template-id/Social_Media/random_sampled/sample_0176.jpg,magic_8_ball,Templated-Meme
sample_0177.jpg,/path/to/meme-template-id/Social_Media/random_sampled/sample_0177.jpg,0-days-without-lenny-simpsons,Templated-Meme
sample_0178.jpg,/path/to/meme-template-id/Social_Media/random_sampled/sample_0178.jpg,crosseyed-goku,Templated-Meme
sample_0179.jpg,/path/to/meme-template-id/Social_Media/random_sampled/sample_0179.jpg,0-days-without-lenny-simpsons,Templated-Meme
sample_0180.jpg,/path/to/meme-template-id/Social_Media/random_sampled/sample_0180.jpg,0-days-without-lenny-simpsons,Templated-Meme
sample_0181.jpg,/path/to/meme-template-id/Social_Media/random_sampled/sample_0181.jpg,show-me-the-real,Templated-Meme
sample_0182.jpg,/path/to/meme-template-id/Social_Media/random_sampled/sample_0182.jpg,free,Templated-Meme
sample_0183.jpg,/path/to/meme-template-id/Social_Media/random_sampled/sample_0183.jpg,0-days-without-lenny-simpsons,Templated-Meme
sample_0184.jpg,/path/to/meme-template-id/Social_Media/random_sampled/sample_0184.jpg,0-days-without-lenny-simpsons,Templated-Meme
sample_0185.jpg,/path/to/meme-template-id/Social_Media/random_sampled/sample_0185.jpg,look-how-they-massacred-my-boy,Templated-Meme
sample_0186.jpg,/path/to/meme-template-id/Social_Media/random_sampled/sample_0186.jpg,this-is-worthless,Templated-Meme
sample_0187.jpg,/path/to/meme-template-id/Social_Media/random_sampled/sample_0187.jpg,drake_hotline_bling_normal,Templated-Meme
sample_0188.jpg,/path/to/meme-template-id/Social_Media/random_sampled/sample_0188.jpg,second-breakfast,Templated-Meme
sample_0189.jpg,/path/to/meme-template-id/Social_Media/random_sampled/sample_0189.jpg,anakin-kills-younglings,Templated-Meme
sample_0190.jpg,/path/to/meme-template-id/Social_Media/random_sampled/sample_0190.jpg,nobody-is-born-cool,Templated-Meme
sample_0191.jpg,/path/to/meme-template-id/Social_Media/random_sampled/sample_0191.jpg,look-marge,Templated-Meme
sample_0192.jpg,/path/to/meme-template-id/Social_Media/random_sampled/sample_0192.jpg,no_yes_lady,Templated-Meme
sample_0193.jpg,/path/to/meme-template-id/Social_Media/random_sampled/sample_0193.jpg,magic_8_ball,Templated-Meme
sample_0194.jpg,/path/to/meme-template-id/Social_Media/random_sampled/sample_0194.jpg,thats-a-paddlin,Templated-Meme
sample_0195.jpg,/path/to/meme-template-id/Social_Media/random_sampled/sample_0195.jpg,Non-Meme,Non-Meme
sample_0196.jpg,/path/to/meme-template-id/Social_Media/random_sampled/sample_0196.jpg,squidward-chair,Templated-Meme
sample_0197.jpg,/path/to/meme-template-id/Social_Media/random_sampled/sample_0197.jpg,0-days-without-lenny-simpsons,Templated-Meme
sample_0198.jpg,/path/to/meme-template-id/Social_Media/random_sampled/sample_0198.jpg,magic_8_ball,Templated-Meme
sample_0199.jpg,/path/to/meme-template-id/Social_Media/random_sampled/sample_0199.jpg,mr-incredible-becoming-uncanny,Templated-Meme
sample_0200.jpg,/path/to/meme-template-id/Social_Media/random_sampled/sample_0200.jpg,0-days-without-lenny-simpsons,Templated-Meme
sample_0201.jpg,/path/to/meme-template-id/Social_Media/random_sampled/sample_0201.jpg,nobody-absolutely-no-one,Templated-Meme
sample_0202.jpg,/path/to/meme-template-id/Social_Media/random_sampled/sample_0202.jpg,look-marge,Templated-Meme
sample_0203.jpg,/path/to/meme-template-id/Social_Media/random_sampled/sample_0203.jpg,chuck-norris-flex,Templated-Meme
sample_0204.jpg,/path/to/meme-template-id/Social_Media/random_sampled/sample_0204.jpg,0-days-without-lenny-simpsons,Templated-Meme
sample_0205.jpg,/path/to/meme-template-id/Social_Media/random_sampled/sample_0205.jpg,0-days-without-lenny-simpsons,Templated-Meme
sample_0206.jpg,/path/to/meme-template-id/Social_Media/random_sampled/sample_0206.jpg,0-days-without-lenny-simpsons,Templated-Meme
sample_0207.jpg,/path/to/meme-template-id/Social_Media/random_sampled/sample_0207.jpg,0-days-without-lenny-simpsons,Templated-Meme
sample_0208.jpg,/path/to/meme-template-id/Social_Media/random_sampled/sample_0208.jpg,magic_8_ball,Templated-Meme
sample_0209.jpg,/path/to/meme-template-id/Social_Media/random_sampled/sample_0209.jpg,0-days-without-lenny-simpsons,Templated-Meme
sample_0210.jpg,/path/to/meme-template-id/Social_Media/random_sampled/sample_0210.jpg,nobody-absolutely-no-one,Templated-Meme
sample_0211.jpg,/path/to/meme-template-id/Social_Media/random_sampled/sample_0211.jpg,fat-cat,Templated-Meme
sample_0212.jpg,/path/to/meme-template-id/Social_Media/random_sampled/sample_0212.jpg,la-noire-press-x-to-doubt,Templated-Meme
sample_0213.jpg,/path/to/meme-template-id/Social_Media/random_sampled/sample_0213.jpg,vince-mcmahon,Templated-Meme
sample_0214.jpg,/path/to/meme-template-id/Social_Media/random_sampled/sample_0214.jpg,0-days-without-lenny-simpsons,Templated-Meme
sample_0215.jpg,/path/to/meme-template-id/Social_Media/random_sampled/sample_0215.jpg,0-days-without-lenny-simpsons,Templated-Meme
sample_0216.jpg,/path/to/meme-template-id/Social_Media/random_sampled/sample_0216.jpg,the-scroll-of-truth,Templated-Meme
sample_0217.jpg,/path/to/meme-template-id/Social_Media/random_sampled/sample_0217.jpg,superior-royalty,Templated-Meme
sample_0218.jpg,/path/to/meme-template-id/Social_Media/random_sampled/sample_0218.jpg,0-days-without-lenny-simpsons,Templated-Meme
sample_0219.jpg,/path/to/meme-template-id/Social_Media/random_sampled/sample_0219.jpg,0-days-without-lenny-simpsons,Templated-Meme
sample_0220.jpg,/path/to/meme-template-id/Social_Media/random_sampled/sample_0220.jpg,nobody-absolutely-no-one,Templated-Meme
sample_0221.jpg,/path/to/meme-template-id/Social_Media/random_sampled/sample_0221.jpg,0-days-without-lenny-simpsons,Templated-Meme
sample_0222.jpg,/path/to/meme-template-id/Social_Media/random_sampled/sample_0222.jpg,0-days-without-lenny-simpsons,Templated-Meme
sample_0223.jpg,/path/to/meme-template-id/Social_Media/random_sampled/sample_0223.jpg,geordi-drake,Templated-Meme
sample_0224.jpg,/path/to/meme-template-id/Social_Media/random_sampled/sample_0224.jpg,blank-bingo,Templated-Meme
sample_0225.jpg,/path/to/meme-template-id/Social_Media/random_sampled/sample_0225.jpg,show-me-the-real,Templated-Meme
sample_0226.jpg,/path/to/meme-template-id/Social_Media/random_sampled/sample_0226.jpg,black_box_meme,Templated-Meme
sample_0227.jpg,/path/to/meme-template-id/Social_Media/random_sampled/sample_0227.jpg,0-days-without-lenny-simpsons,Templated-Meme
sample_0228.jpg,/path/to/meme-template-id/Social_Media/random_sampled/sample_0228.jpg,net-noob,Templated-Meme
sample_0229.jpg,/path/to/meme-template-id/Social_Media/random_sampled/sample_0229.jpg,0-days-without-lenny-simpsons,Templated-Meme
sample_0230.jpg,/path/to/meme-template-id/Social_Media/random_sampled/sample_0230.jpg,nobody-absolutely-no-one,Templated-Meme
sample_0231.jpg,/path/to/meme-template-id/Social_Media/random_sampled/sample_0231.jpg,0-days-without-lenny-simpsons,Templated-Meme
sample_0232.jpg,/path/to/meme-template-id/Social_Media/random_sampled/sample_0232.jpg,0-days-without-lenny-simpsons,Templated-Meme
sample_0233.jpg,/path/to/meme-template-id/Social_Media/random_sampled/sample_0233.jpg,nobody-absolutely-no-one,Templated-Meme
sample_0234.jpg,/path/to/meme-template-id/Social_Media/random_sampled/sample_0234.jpg,girl-putting-tuba-on-girls-head,Templated-Meme
sample_0235.jpg,/path/to/meme-template-id/Social_Media/random_sampled/sample_0235.jpg,vein-popping-kid,Templated-Meme
sample_0236.jpg,/path/to/meme-template-id/Social_Media/random_sampled/sample_0236.jpg,nobody-absolutely-no-one,Templated-Meme
sample_0237.jpg,/path/to/meme-template-id/Social_Media/random_sampled/sample_0237.jpg,0-days-without-lenny-simpsons,Templated-Meme
sample_0238.jpg,/path/to/meme-template-id/Social_Media/random_sampled/sample_0238.jpg,0-days-without-lenny-simpsons,Templated-Meme
sample_0239.jpg,/path/to/meme-template-id/Social_Media/random_sampled/sample_0239.jpg,guess-ill-die,Templated-Meme
sample_0240.jpg,/path/to/meme-template-id/Social_Media/random_sampled/sample_0240.jpg,show-me-the-real,Templated-Meme
sample_0241.jpg,/path/to/meme-template-id/Social_Media/random_sampled/sample_0241.jpg,0-days-without-lenny-simpsons,Templated-Meme
sample_0242.jpg,/path/to/meme-template-id/Social_Media/random_sampled/sample_0242.jpg,la-noire-press-x-to-doubt,Templated-Meme
sample_0243.jpg,/path/to/meme-template-id/Social_Media/random_sampled/sample_0243.jpg,crying-wojak-vs-chad,Templated-Meme
sample_0244.jpg,/path/to/meme-template-id/Social_Media/random_sampled/sample_0244.jpg,Non-Meme,Non-Meme
sample_0245.jpg,/path/to/meme-template-id/Social_Media/random_sampled/sample_0245.jpg,nobody-absolutely-no-one,Templated-Meme
sample_0246.jpg,/path/to/meme-template-id/Social_Media/random_sampled/sample_0246.jpg,magic_8_ball,Templated-Meme
sample_0247.jpg,/path/to/meme-template-id/Social_Media/random_sampled/sample_0247.jpg,0-days-without-lenny-simpsons,Templated-Meme
sample_0248.jpg,/path/to/meme-template-id/Social_Media/random_sampled/sample_0248.jpg,0-days-without-lenny-simpsons,Templated-Meme
sample_0249.jpg,/path/to/meme-template-id/Social_Media/random_sampled/sample_0249.jpg,banned-from-roblox,Templated-Meme
sample_0250.jpg,/path/to/meme-template-id/Social_Media/random_sampled/sample_0250.jpg,nobody-absolutely-no-one,Templated-Meme
sample_0251.jpg,/path/to/meme-template-id/Social_Media/random_sampled/sample_0251.jpg,0-days-without-lenny-simpsons,Templated-Meme
sample_0252.jpg,/path/to/meme-template-id/Social_Media/random_sampled/sample_0252.jpg,it_cant_hurt_you,Templated-Meme
sample_0253.jpg,/path/to/meme-template-id/Social_Media/random_sampled/sample_0253.jpg,0-days-without-lenny-simpsons,Templated-Meme
sample_0254.jpg,/path/to/meme-template-id/Social_Media/random_sampled/sample_0254.jpg,ppap,Templated-Meme
sample_0255.jpg,/path/to/meme-template-id/Social_Media/random_sampled/sample_0255.jpg,0-days-without-lenny-simpsons,Templated-Meme
sample_0256.jpg,/path/to/meme-template-id/Social_Media/random_sampled/sample_0256.jpg,0-days-without-lenny-simpsons,Templated-Meme
sample_0257.jpg,/path/to/meme-template-id/Social_Media/random_sampled/sample_0257.jpg,depends-on-the-context,Templated-Meme
sample_0258.jpg,/path/to/meme-template-id/Social_Media/random_sampled/sample_0258.jpg,0-days-without-lenny-simpsons,Templated-Meme
sample_0259.jpg,/path/to/meme-template-id/Social_Media/random_sampled/sample_0259.jpg,we-are-the-millers,Templated-Meme
sample_0260.jpg,/path/to/meme-template-id/Social_Media/random_sampled/sample_0260.jpg,0-days-without-lenny-simpsons,Templated-Meme
sample_0261.jpg,/path/to/meme-template-id/Social_Media/random_sampled/sample_0261.jpg,big_bird_and_mitt_romney,Templated-Meme
sample_0262.jpg,/path/to/meme-template-id/Social_Media/random_sampled/sample_0262.jpg,magic_8_ball,Templated-Meme
sample_0263.jpg,/path/to/meme-template-id/Social_Media/random_sampled/sample_0263.jpg,0-days-without-lenny-simpsons,Templated-Meme
sample_0264.jpg,/path/to/meme-template-id/Social_Media/random_sampled/sample_0264.jpg,0-days-without-lenny-simpsons,Templated-Meme
sample_0265.jpg,/path/to/meme-template-id/Social_Media/random_sampled/sample_0265.jpg,tuxedo-winnie-the-pooh-3-panel,Templated-Meme
sample_0266.jpg,/path/to/meme-template-id/Social_Media/random_sampled/sample_0266.jpg,nuclear-explosion,Templated-Meme
sample_0267.jpg,/path/to/meme-template-id/Social_Media/random_sampled/sample_0267.jpg,nobody-absolutely-no-one,Templated-Meme
sample_0268.jpg,/path/to/meme-template-id/Social_Media/random_sampled/sample_0268.jpg,0-days-without-lenny-simpsons,Templated-Meme
sample_0269.jpg,/path/to/meme-template-id/Social_Media/random_sampled/sample_0269.jpg,Non-Meme,Non-Meme
sample_0270.jpg,/path/to/meme-template-id/Social_Media/random_sampled/sample_0270.jpg,carefully_hes_a_hero,Templated-Meme
sample_0271.jpg,/path/to/meme-template-id/Social_Media/random_sampled/sample_0271.jpg,0-days-without-lenny-simpsons,Templated-Meme
sample_0272.jpg,/path/to/meme-template-id/Social_Media/random_sampled/sample_0272.jpg,0-days-without-lenny-simpsons,Templated-Meme
sample_0273.jpg,/path/to/meme-template-id/Social_Media/random_sampled/sample_0273.jpg,0-days-without-lenny-simpsons,Templated-Meme
sample_0274.jpg,/path/to/meme-template-id/Social_Media/random_sampled/sample_0274.jpg,Non-Meme,Non-Meme
sample_0275.jpg,/path/to/meme-template-id/Social_Media/random_sampled/sample_0275.jpg,sad_wojak_cycle,Templated-Meme
sample_0276.jpg,/path/to/meme-template-id/Social_Media/random_sampled/sample_0276.jpg,0-days-without-lenny-simpsons,Templated-Meme
sample_0277.jpg,/path/to/meme-template-id/Social_Media/random_sampled/sample_0277.jpg,the-more-you-know,Templated-Meme
sample_0278.jpg,/path/to/meme-template-id/Social_Media/random_sampled/sample_0278.jpg,0-days-without-lenny-simpsons,Templated-Meme
sample_0279.jpg,/path/to/meme-template-id/Social_Media/random_sampled/sample_0279.jpg,big-brain-wojak,Templated-Meme
sample_0280.jpg,/path/to/meme-template-id/Social_Media/random_sampled/sample_0280.jpg,life-is-good-but-it-can-be-better,Templated-Meme
sample_0281.jpg,/path/to/meme-template-id/Social_Media/random_sampled/sample_0281.jpg,smokey-the-bear,Templated-Meme
sample_0282.jpg,/path/to/meme-template-id/Social_Media/random_sampled/sample_0282.jpg,sweating-bullets,Templated-Meme
sample_0283.jpg,/path/to/meme-template-id/Social_Media/random_sampled/sample_0283.jpg,0-days-without-lenny-simpsons,Templated-Meme
sample_0284.jpg,/path/to/meme-template-id/Social_Media/random_sampled/sample_0284.jpg,0-days-without-lenny-simpsons,Templated-Meme
sample_0285.jpg,/path/to/meme-template-id/Social_Media/random_sampled/sample_0285.jpg,i-guarantee-it,Templated-Meme
sample_0286.jpg,/path/to/meme-template-id/Social_Media/random_sampled/sample_0286.jpg,pepe_holding_sign,Templated-Meme
sample_0287.jpg,/path/to/meme-template-id/Social_Media/random_sampled/sample_0287.jpg,0-days-without-lenny-simpsons,Templated-Meme
sample_0288.jpg,/path/to/meme-template-id/Social_Media/random_sampled/sample_0288.jpg,0-days-without-lenny-simpsons,Templated-Meme
sample_0289.jpg,/path/to/meme-template-id/Social_Media/random_sampled/sample_0289.jpg,we-are-the-millers,Templated-Meme
sample_0290.jpg,/path/to/meme-template-id/Social_Media/random_sampled/sample_0290.jpg,sad_wojak_cycle,Templated-Meme
sample_0291.jpg,/path/to/meme-template-id/Social_Media/random_sampled/sample_0291.jpg,0-days-without-lenny-simpsons,Templated-Meme
sample_0292.jpg,/path/to/meme-template-id/Social_Media/random_sampled/sample_0292.jpg,0-days-without-lenny-simpsons,Templated-Meme
sample_0293.jpg,/path/to/meme-template-id/Social_Media/random_sampled/sample_0293.jpg,0-days-without-lenny-simpsons,Templated-Meme
sample_0294.jpg,/path/to/meme-template-id/Social_Media/random_sampled/sample_0294.jpg,la-noire-press-x-to-doubt,Templated-Meme
sample_0295.jpg,/path/to/meme-template-id/Social_Media/random_sampled/sample_0295.jpg,the-more-you-know,Templated-Meme
sample_0296.jpg,/path/to/meme-template-id/Social_Media/random_sampled/sample_0296.jpg,Non-Meme,Non-Meme
sample_0297.jpg,/path/to/meme-template-id/Social_Media/random_sampled/sample_0297.jpg,the-more-you-know,Templated-Meme
sample_0298.jpg,/path/to/meme-template-id/Social_Media/random_sampled/sample_0298.jpg,smokey-the-bear,Templated-Meme
sample_0299.jpg,/path/to/meme-template-id/Social_Media/random_sampled/sample_0299.jpg,sweating-bullets,Templated-Meme
sample_0300.jpg,/path/to/meme-template-id/Social_Media/random_sampled/sample_0300.jpg,0-days-without-lenny-simpsons,Templated-Meme
sample_0301.jpg,/path/to/meme-template-id/Social_Media/random_sampled/sample_0301.jpg,blinking_guy_vertical_blank,Templated-Meme
sample_0302.jpg,/path/to/meme-template-id/Social_Media/random_sampled/sample_0302.jpg,red_button_hand,Templated-Meme
sample_0303.jpg,/path/to/meme-template-id/Social_Media/random_sampled/sample_0303.jpg,0-days-without-lenny-simpsons,Templated-Meme
sample_0304.jpg,/path/to/meme-template-id/Social_Media/random_sampled/sample_0304.jpg,0-days-without-lenny-simpsons,Templated-Meme
sample_0305.jpg,/path/to/meme-template-id/Social_Media/random_sampled/sample_0305.jpg,0-days-without-lenny-simpsons,Templated-Meme
sample_0306.jpg,/path/to/meme-template-id/Social_Media/random_sampled/sample_0306.jpg,what_my_friends_think_i_do,Templated-Meme
sample_0307.jpg,/path/to/meme-template-id/Social_Media/random_sampled/sample_0307.jpg,youtube_video_template,Templated-Meme
sample_0308.jpg,/path/to/meme-template-id/Social_Media/random_sampled/sample_0308.jpg,Non-Meme,Non-Meme
sample_0309.jpg,/path/to/meme-template-id/Social_Media/random_sampled/sample_0309.jpg,youtube_video_template,Templated-Meme
sample_0310.jpg,/path/to/meme-template-id/Social_Media/random_sampled/sample_0310.jpg,0-days-without-lenny-simpsons,Templated-Meme
sample_0311.jpg,/path/to/meme-template-id/Social_Media/random_sampled/sample_0311.jpg,magic_8_ball,Templated-Meme
sample_0312.jpg,/path/to/meme-template-id/Social_Media/random_sampled/sample_0312.jpg,0-days-without-lenny-simpsons,Templated-Meme
sample_0313.jpg,/path/to/meme-template-id/Social_Media/random_sampled/sample_0313.jpg,Non-Meme,Non-Meme
sample_0314.jpg,/path/to/meme-template-id/Social_Media/random_sampled/sample_0314.jpg,black_box_meme,Templated-Meme
sample_0315.jpg,/path/to/meme-template-id/Social_Media/random_sampled/sample_0315.jpg,nobody-absolutely-no-one,Templated-Meme
sample_0316.jpg,/path/to/meme-template-id/Social_Media/random_sampled/sample_0316.jpg,galaxy-brain-3-brains,Templated-Meme
sample_0317.jpg,/path/to/meme-template-id/Social_Media/random_sampled/sample_0317.jpg,so-anyway-i-started-blasting,Templated-Meme
sample_0318.jpg,/path/to/meme-template-id/Social_Media/random_sampled/sample_0318.jpg,0-days-without-lenny-simpsons,Templated-Meme
sample_0319.jpg,/path/to/meme-template-id/Social_Media/random_sampled/sample_0319.jpg,avengers_assemble,Templated-Meme
sample_0320.jpg,/path/to/meme-template-id/Social_Media/random_sampled/sample_0320.jpg,sad_wojak_cycle,Templated-Meme
sample_0321.jpg,/path/to/meme-template-id/Social_Media/random_sampled/sample_0321.jpg,0-days-without-lenny-simpsons,Templated-Meme
sample_0322.jpg,/path/to/meme-template-id/Social_Media/random_sampled/sample_0322.jpg,pouring_gas_on_fire,Templated-Meme
sample_0323.jpg,/path/to/meme-template-id/Social_Media/random_sampled/sample_0323.jpg,blank_meme_template,Templated-Meme
sample_0324.jpg,/path/to/meme-template-id/Social_Media/random_sampled/sample_0324.jpg,Non-Meme,Non-Meme
sample_0325.jpg,/path/to/meme-template-id/Social_Media/random_sampled/sample_0325.jpg,blank_white_template,Templated-Meme
sample_0326.jpg,/path/to/meme-template-id/Social_Media/random_sampled/sample_0326.jpg,ben-affleck-smoking,Templated-Meme
sample_0327.jpg,/path/to/meme-template-id/Social_Media/random_sampled/sample_0327.jpg,happy-then-sad,Templated-Meme
sample_0328.jpg,/path/to/meme-template-id/Social_Media/random_sampled/sample_0328.jpg,Non-Meme,Non-Meme
sample_0329.jpg,/path/to/meme-template-id/Social_Media/random_sampled/sample_0329.jpg,deadpool-surprised,Templated-Meme
sample_0330.jpg,/path/to/meme-template-id/Social_Media/random_sampled/sample_0330.jpg,0-days-without-lenny-simpsons,Templated-Meme
sample_0331.jpg,/path/to/meme-template-id/Social_Media/random_sampled/sample_0331.jpg,so-anyway-i-started-blasting,Templated-Meme
sample_0332.jpg,/path/to/meme-template-id/Social_Media/random_sampled/sample_0332.jpg,Non-Meme,Non-Meme
sample_0333.jpg,/path/to/meme-template-id/Social_Media/random_sampled/sample_0333.jpg,kramer_whats_going_on_in_there,Templated-Meme
sample_0334.jpg,/path/to/meme-template-id/Social_Media/random_sampled/sample_0334.jpg,the-more-you-know,Templated-Meme
sample_0335.jpg,/path/to/meme-template-id/Social_Media/random_sampled/sample_0335.jpg,gasp-rage-face,Templated-Meme
sample_0336.jpg,/path/to/meme-template-id/Social_Media/random_sampled/sample_0336.jpg,0-days-without-lenny-simpsons,Templated-Meme
sample_0337.jpg,/path/to/meme-template-id/Social_Media/random_sampled/sample_0337.jpg,kramer_whats_going_on_in_there,Templated-Meme
sample_0338.jpg,/path/to/meme-template-id/Social_Media/random_sampled/sample_0338.jpg,im_doing_my_part,Templated-Meme
sample_0339.jpg,/path/to/meme-template-id/Social_Media/random_sampled/sample_0339.jpg,look-how-they-massacred-my-boy,Templated-Meme
sample_0340.jpg,/path/to/meme-template-id/Social_Media/random_sampled/sample_0340.jpg,nobody-absolutely-no-one,Templated-Meme
sample_0341.jpg,/path/to/meme-template-id/Social_Media/random_sampled/sample_0341.jpg,obi-wan-of-course-i-know-him-hes-me,Templated-Meme
sample_0342.jpg,/path/to/meme-template-id/Social_Media/random_sampled/sample_0342.jpg,crying-wojak-vs-chad,Templated-Meme
sample_0343.jpg,/path/to/meme-template-id/Social_Media/random_sampled/sample_0343.jpg,0-days-without-lenny-simpsons,Templated-Meme
sample_0344.jpg,/path/to/meme-template-id/Social_Media/random_sampled/sample_0344.jpg,what_my_friends_think_i_do,Templated-Meme
sample_0345.jpg,/path/to/meme-template-id/Social_Media/random_sampled/sample_0345.jpg,0-days-without-lenny-simpsons,Templated-Meme
sample_0346.jpg,/path/to/meme-template-id/Social_Media/random_sampled/sample_0346.jpg,sad-cat-holding-dog,Templated-Meme
sample_0347.jpg,/path/to/meme-template-id/Social_Media/random_sampled/sample_0347.jpg,deadpool-surprised,Templated-Meme
sample_0348.jpg,/path/to/meme-template-id/Social_Media/random_sampled/sample_0348.jpg,0-days-without-lenny-simpsons,Templated-Meme
sample_0349.jpg,/path/to/meme-template-id/Social_Media/random_sampled/sample_0349.jpg,0-days-without-lenny-simpsons,Templated-Meme
sample_0350.jpg,/path/to/meme-template-id/Social_Media/random_sampled/sample_0350.jpg,magic_8_ball,Templated-Meme
sample_0351.jpg,/path/to/meme-template-id/Social_Media/random_sampled/sample_0351.jpg,0-days-without-lenny-simpsons,Templated-Meme
sample_0352.jpg,/path/to/meme-template-id/Social_Media/random_sampled/sample_0352.jpg,nobody-absolutely-no-one,Templated-Meme
sample_0353.jpg,/path/to/meme-template-id/Social_Media/random_sampled/sample_0353.jpg,we_dont_do_that_here,Templated-Meme
sample_0354.jpg,/path/to/meme-template-id/Social_Media/random_sampled/sample_0354.jpg,willem_dafoe_looking_up,Templated-Meme
sample_0355.jpg,/path/to/meme-template-id/Social_Media/random_sampled/sample_0355.jpg,the-more-you-know,Templated-Meme
sample_0356.jpg,/path/to/meme-template-id/Social_Media/random_sampled/sample_0356.jpg,0-days-without-lenny-simpsons,Templated-Meme
sample_0357.jpg,/path/to/meme-template-id/Social_Media/random_sampled/sample_0357.jpg,0-days-without-lenny-simpsons,Templated-Meme
sample_0358.jpg,/path/to/meme-template-id/Social_Media/random_sampled/sample_0358.jpg,nobody-absolutely-no-one,Templated-Meme
sample_0359.jpg,/path/to/meme-template-id/Social_Media/random_sampled/sample_0359.jpg,stonks,Templated-Meme
sample_0360.jpg,/path/to/meme-template-id/Social_Media/random_sampled/sample_0360.jpg,nobody-absolutely-no-one,Templated-Meme
sample_0361.jpg,/path/to/meme-template-id/Social_Media/random_sampled/sample_0361.jpg,terminator-arnold-schwarzenegger,Templated-Meme
sample_0362.jpg,/path/to/meme-template-id/Social_Media/random_sampled/sample_0362.jpg,milking-the-cow,Templated-Meme
sample_0363.jpg,/path/to/meme-template-id/Social_Media/random_sampled/sample_0363.jpg,pony-shrugs,Templated-Meme
sample_0364.jpg,/path/to/meme-template-id/Social_Media/random_sampled/sample_0364.jpg,black_box_meme,Templated-Meme
sample_0365.jpg,/path/to/meme-template-id/Social_Media/random_sampled/sample_0365.jpg,im_doing_my_part,Templated-Meme
sample_0366.jpg,/path/to/meme-template-id/Social_Media/random_sampled/sample_0366.jpg,obama_cowboy_hat,Templated-Meme
sample_0367.jpg,/path/to/meme-template-id/Social_Media/random_sampled/sample_0367.jpg,beggar,Templated-Meme
sample_0368.jpg,/path/to/meme-template-id/Social_Media/random_sampled/sample_0368.jpg,deadpool-surprised,Templated-Meme
sample_0369.jpg,/path/to/meme-template-id/Social_Media/random_sampled/sample_0369.jpg,limmy-waking-up,Templated-Meme
sample_0370.jpg,/path/to/meme-template-id/Social_Media/random_sampled/sample_0370.jpg,0-days-without-lenny-simpsons,Templated-Meme
sample_0371.jpg,/path/to/meme-template-id/Social_Media/random_sampled/sample_0371.jpg,Non-Meme,Non-Meme
sample_0372.jpg,/path/to/meme-template-id/Social_Media/random_sampled/sample_0372.jpg,0-days-without-lenny-simpsons,Templated-Meme
sample_0373.jpg,/path/to/meme-template-id/Social_Media/random_sampled/sample_0373.jpg,spiderman-presentation,Templated-Meme
sample_0374.jpg,/path/to/meme-template-id/Social_Media/random_sampled/sample_0374.jpg,chuck-norris-flex,Templated-Meme
sample_0375.jpg,/path/to/meme-template-id/Social_Media/random_sampled/sample_0375.jpg,0-days-without-lenny-simpsons,Templated-Meme
sample_0376.jpg,/path/to/meme-template-id/Social_Media/random_sampled/sample_0376.jpg,Non-Meme,Non-Meme
sample_0377.jpg,/path/to/meme-template-id/Social_Media/random_sampled/sample_0377.jpg,0-days-without-lenny-simpsons,Templated-Meme
sample_0378.jpg,/path/to/meme-template-id/Social_Media/random_sampled/sample_0378.jpg,show-me-the-real,Templated-Meme
sample_0379.jpg,/path/to/meme-template-id/Social_Media/random_sampled/sample_0379.jpg,black_background,Templated-Meme
sample_0380.jpg,/path/to/meme-template-id/Social_Media/random_sampled/sample_0380.jpg,0-days-without-lenny-simpsons,Templated-Meme
sample_0381.jpg,/path/to/meme-template-id/Social_Media/random_sampled/sample_0381.jpg,0-days-without-lenny-simpsons,Templated-Meme
sample_0382.jpg,/path/to/meme-template-id/Social_Media/random_sampled/sample_0382.jpg,nobody-absolutely-no-one,Templated-Meme
sample_0383.jpg,/path/to/meme-template-id/Social_Media/random_sampled/sample_0383.jpg,magic_8_ball,Templated-Meme
sample_0384.jpg,/path/to/meme-template-id/Social_Media/random_sampled/sample_0384.jpg,la-noire-press-x-to-doubt,Templated-Meme
sample_0385.jpg,/path/to/meme-template-id/Social_Media/random_sampled/sample_0385.jpg,0-days-without-lenny-simpsons,Templated-Meme
sample_0386.jpg,/path/to/meme-template-id/Social_Media/random_sampled/sample_0386.jpg,Non-Meme,Non-Meme
sample_0387.jpg,/path/to/meme-template-id/Social_Media/random_sampled/sample_0387.jpg,at_home,Templated-Meme
sample_0388.jpg,/path/to/meme-template-id/Social_Media/random_sampled/sample_0388.jpg,0-days-without-lenny-simpsons,Templated-Meme
sample_0389.jpg,/path/to/meme-template-id/Social_Media/random_sampled/sample_0389.jpg,0-days-without-lenny-simpsons,Templated-Meme
sample_0390.jpg,/path/to/meme-template-id/Social_Media/random_sampled/sample_0390.jpg,0-days-without-lenny-simpsons,Templated-Meme
sample_0391.jpg,/path/to/meme-template-id/Social_Media/random_sampled/sample_0391.jpg,net-noob,Templated-Meme
sample_0392.jpg,/path/to/meme-template-id/Social_Media/random_sampled/sample_0392.jpg,Non-Meme,Non-Meme
sample_0393.jpg,/path/to/meme-template-id/Social_Media/random_sampled/sample_0393.jpg,0-days-without-lenny-simpsons,Templated-Meme
sample_0394.jpg,/path/to/meme-template-id/Social_Media/random_sampled/sample_0394.jpg,magic_8_ball,Templated-Meme
sample_0395.jpg,/path/to/meme-template-id/Social_Media/random_sampled/sample_0395.jpg,0-days-without-lenny-simpsons,Templated-Meme
sample_0396.jpg,/path/to/meme-template-id/Social_Media/random_sampled/sample_0396.jpg,sad_wojak_cycle,Templated-Meme
sample_0397.jpg,/path/to/meme-template-id/Social_Media/random_sampled/sample_0397.jpg,0-days-without-lenny-simpsons,Templated-Meme
sample_0398.jpg,/path/to/meme-template-id/Social_Media/random_sampled/sample_0398.jpg,carefully_hes_a_hero,Templated-Meme
sample_0399.jpg,/path/to/meme-template-id/Social_Media/random_sampled/sample_0399.jpg,0-days-without-lenny-simpsons,Templated-Meme
sample_0400.jpg,/path/to/meme-template-id/Social_Media/random_sampled/sample_0400.jpg,blank_t_shirt,Templated-Meme
sample_0401.jpg,/path/to/meme-template-id/Social_Media/random_sampled/sample_0401.jpg,sweating-bullets,Templated-Meme
sample_0402.jpg,/path/to/meme-template-id/Social_Media/random_sampled/sample_0402.jpg,0-days-without-lenny-simpsons,Templated-Meme
sample_0403.jpg,/path/to/meme-template-id/Social_Media/random_sampled/sample_0403.jpg,0-days-without-lenny-simpsons,Templated-Meme
sample_0404.jpg,/path/to/meme-template-id/Social_Media/random_sampled/sample_0404.jpg,Non-Meme,Non-Meme
sample_0405.jpg,/path/to/meme-template-id/Social_Media/random_sampled/sample_0405.jpg,Non-Meme,Non-Meme
sample_0406.jpg,/path/to/meme-template-id/Social_Media/random_sampled/sample_0406.jpg,0-days-without-lenny-simpsons,Templated-Meme
sample_0407.jpg,/path/to/meme-template-id/Social_Media/random_sampled/sample_0407.jpg,willem_dafoe_looking_up,Templated-Meme
sample_0408.jpg,/path/to/meme-template-id/Social_Media/random_sampled/sample_0408.jpg,0-days-without-lenny-simpsons,Templated-Meme
sample_0409.jpg,/path/to/meme-template-id/Social_Media/random_sampled/sample_0409.jpg,the-more-you-know,Templated-Meme
sample_0410.jpg,/path/to/meme-template-id/Social_Media/random_sampled/sample_0410.jpg,la-noire-press-x-to-doubt,Templated-Meme
sample_0411.jpg,/path/to/meme-template-id/Social_Media/random_sampled/sample_0411.jpg,0-days-without-lenny-simpsons,Templated-Meme
sample_0412.jpg,/path/to/meme-template-id/Social_Media/random_sampled/sample_0412.jpg,0-days-without-lenny-simpsons,Templated-Meme
sample_0413.jpg,/path/to/meme-template-id/Social_Media/random_sampled/sample_0413.jpg,0-days-without-lenny-simpsons,Templated-Meme
sample_0414.jpg,/path/to/meme-template-id/Social_Media/random_sampled/sample_0414.jpg,0-days-without-lenny-simpsons,Templated-Meme
sample_0415.jpg,/path/to/meme-template-id/Social_Media/random_sampled/sample_0415.jpg,black_box_meme,Templated-Meme
sample_0416.jpg,/path/to/meme-template-id/Social_Media/random_sampled/sample_0416.jpg,0-days-without-lenny-simpsons,Templated-Meme
sample_0417.jpg,/path/to/meme-template-id/Social_Media/random_sampled/sample_0417.jpg,0-days-without-lenny-simpsons,Templated-Meme
sample_0418.jpg,/path/to/meme-template-id/Social_Media/random_sampled/sample_0418.jpg,black_box_meme,Templated-Meme
sample_0419.jpg,/path/to/meme-template-id/Social_Media/random_sampled/sample_0419.jpg,nobody-absolutely-no-one,Templated-Meme
sample_0420.jpg,/path/to/meme-template-id/Social_Media/random_sampled/sample_0420.jpg,goku_staring,Templated-Meme
sample_0421.jpg,/path/to/meme-template-id/Social_Media/random_sampled/sample_0421.jpg,kill-you-cat,Templated-Meme
sample_0422.jpg,/path/to/meme-template-id/Social_Media/random_sampled/sample_0422.jpg,0-days-without-lenny-simpsons,Templated-Meme
sample_0423.jpg,/path/to/meme-template-id/Social_Media/random_sampled/sample_0423.jpg,woah-kitty,Templated-Meme
sample_0424.jpg,/path/to/meme-template-id/Social_Media/random_sampled/sample_0424.jpg,0-days-without-lenny-simpsons,Templated-Meme
sample_0425.jpg,/path/to/meme-template-id/Social_Media/random_sampled/sample_0425.jpg,0-days-without-lenny-simpsons,Templated-Meme
sample_0426.jpg,/path/to/meme-template-id/Social_Media/random_sampled/sample_0426.jpg,what_my_friends_think_i_do,Templated-Meme
sample_0427.jpg,/path/to/meme-template-id/Social_Media/random_sampled/sample_0427.jpg,0-days-without-lenny-simpsons,Templated-Meme
sample_0428.jpg,/path/to/meme-template-id/Social_Media/random_sampled/sample_0428.jpg,Non-Meme,Non-Meme
sample_0429.jpg,/path/to/meme-template-id/Social_Media/random_sampled/sample_0429.jpg,thanos_back_to_me,Templated-Meme
sample_0430.jpg,/path/to/meme-template-id/Social_Media/random_sampled/sample_0430.jpg,eminem,Templated-Meme
sample_0431.jpg,/path/to/meme-template-id/Social_Media/random_sampled/sample_0431.jpg,blank_white_template,Templated-Meme
sample_0432.jpg,/path/to/meme-template-id/Social_Media/random_sampled/sample_0432.jpg,0-days-without-lenny-simpsons,Templated-Meme
sample_0433.jpg,/path/to/meme-template-id/Social_Media/random_sampled/sample_0433.jpg,Non-Meme,Non-Meme
sample_0434.jpg,/path/to/meme-template-id/Social_Media/random_sampled/sample_0434.jpg,la-noire-press-x-to-doubt,Templated-Meme
sample_0435.jpg,/path/to/meme-template-id/Social_Media/random_sampled/sample_0435.jpg,anakin-kills-younglings,Templated-Meme
sample_0436.jpg,/path/to/meme-template-id/Social_Media/random_sampled/sample_0436.jpg,superman_starman_meme,Templated-Meme
sample_0437.jpg,/path/to/meme-template-id/Social_Media/random_sampled/sample_0437.jpg,drake_hotline_bling_normal,Templated-Meme
sample_0438.jpg,/path/to/meme-template-id/Social_Media/random_sampled/sample_0438.jpg,la-noire-press-x-to-doubt,Templated-Meme
sample_0439.jpg,/path/to/meme-template-id/Social_Media/random_sampled/sample_0439.jpg,mr-incredible-becoming-uncanny,Templated-Meme
sample_0440.jpg,/path/to/meme-template-id/Social_Media/random_sampled/sample_0440.jpg,superior-royalty,Templated-Meme
sample_0441.jpg,/path/to/meme-template-id/Social_Media/random_sampled/sample_0441.jpg,sweating-bullets,Templated-Meme
sample_0442.jpg,/path/to/meme-template-id/Social_Media/random_sampled/sample_0442.jpg,nobody-absolutely-no-one,Templated-Meme
sample_0443.jpg,/path/to/meme-template-id/Social_Media/random_sampled/sample_0443.jpg,team-rocket,Templated-Meme
sample_0444.jpg,/path/to/meme-template-id/Social_Media/random_sampled/sample_0444.jpg,geordi-drake,Templated-Meme
sample_0445.jpg,/path/to/meme-template-id/Social_Media/random_sampled/sample_0445.jpg,happy-then-sad,Templated-Meme
sample_0446.jpg,/path/to/meme-template-id/Social_Media/random_sampled/sample_0446.jpg,modern_problems,Templated-Meme
sample_0447.jpg,/path/to/meme-template-id/Social_Media/random_sampled/sample_0447.jpg,blank-pokemon-card,Templated-Meme
sample_0448.jpg,/path/to/meme-template-id/Social_Media/random_sampled/sample_0448.jpg,0-days-without-lenny-simpsons,Templated-Meme
sample_0449.jpg,/path/to/meme-template-id/Social_Media/random_sampled/sample_0449.jpg,0-days-without-lenny-simpsons,Templated-Meme
sample_0450.jpg,/path/to/meme-template-id/Social_Media/random_sampled/sample_0450.jpg,0-days-without-lenny-simpsons,Templated-Meme
sample_0451.jpg,/path/to/meme-template-id/Social_Media/random_sampled/sample_0451.jpg,nobody-absolutely-no-one,Templated-Meme
sample_0452.jpg,/path/to/meme-template-id/Social_Media/random_sampled/sample_0452.jpg,0-days-without-lenny-simpsons,Templated-Meme
sample_0453.jpg,/path/to/meme-template-id/Social_Media/random_sampled/sample_0453.jpg,guess-ill-die,Templated-Meme
sample_0454.jpg,/path/to/meme-template-id/Social_Media/random_sampled/sample_0454.jpg,0-days-without-lenny-simpsons,Templated-Meme
sample_0455.jpg,/path/to/meme-template-id/Social_Media/random_sampled/sample_0455.jpg,0-days-without-lenny-simpsons,Templated-Meme
sample_0456.jpg,/path/to/meme-template-id/Social_Media/random_sampled/sample_0456.jpg,Non-Meme,Non-Meme
sample_0457.jpg,/path/to/meme-template-id/Social_Media/random_sampled/sample_0457.jpg,0-days-without-lenny-simpsons,Templated-Meme
sample_0458.jpg,/path/to/meme-template-id/Social_Media/random_sampled/sample_0458.jpg,0-days-without-lenny-simpsons,Templated-Meme
sample_0459.jpg,/path/to/meme-template-id/Social_Media/random_sampled/sample_0459.jpg,chuck-norris-finger,Templated-Meme
sample_0460.jpg,/path/to/meme-template-id/Social_Media/random_sampled/sample_0460.jpg,drake_hotline_bling_normal,Templated-Meme
sample_0461.jpg,/path/to/meme-template-id/Social_Media/random_sampled/sample_0461.jpg,mother-ignoring-kid-drowning-in-a-pool,Templated-Meme
sample_0462.jpg,/path/to/meme-template-id/Social_Media/random_sampled/sample_0462.jpg,live-reaction,Templated-Meme
sample_0463.jpg,/path/to/meme-template-id/Social_Media/random_sampled/sample_0463.jpg,i-fear-no-man-but-that-thingit-scares-me,Templated-Meme
sample_0464.jpg,/path/to/meme-template-id/Social_Media/random_sampled/sample_0464.jpg,0-days-without-lenny-simpsons,Templated-Meme
sample_0465.jpg,/path/to/meme-template-id/Social_Media/random_sampled/sample_0465.jpg,black-girl-wat,Templated-Meme
sample_0466.jpg,/path/to/meme-template-id/Social_Media/random_sampled/sample_0466.jpg,Non-Meme,Non-Meme
sample_0467.jpg,/path/to/meme-template-id/Social_Media/random_sampled/sample_0467.jpg,adios,Templated-Meme
sample_0468.jpg,/path/to/meme-template-id/Social_Media/random_sampled/sample_0468.jpg,strong-dog-vs-weak-dog,Templated-Meme
sample_0469.jpg,/path/to/meme-template-id/Social_Media/random_sampled/sample_0469.jpg,angry-flower,Templated-Meme
sample_0470.jpg,/path/to/meme-template-id/Social_Media/random_sampled/sample_0470.jpg,geordi-drake,Templated-Meme
sample_0471.jpg,/path/to/meme-template-id/Social_Media/random_sampled/sample_0471.jpg,avengers_assemble,Templated-Meme
sample_0472.jpg,/path/to/meme-template-id/Social_Media/random_sampled/sample_0472.jpg,why_are_you_gay,Templated-Meme
sample_0473.jpg,/path/to/meme-template-id/Social_Media/random_sampled/sample_0473.jpg,blank_comic_panel_1x2,Templated-Meme
sample_0474.jpg,/path/to/meme-template-id/Social_Media/random_sampled/sample_0474.jpg,0-days-without-lenny-simpsons,Templated-Meme
sample_0475.jpg,/path/to/meme-template-id/Social_Media/random_sampled/sample_0475.jpg,born_died_welcome_back,Templated-Meme
sample_0476.jpg,/path/to/meme-template-id/Social_Media/random_sampled/sample_0476.jpg,pink-guy-vs-bane,Templated-Meme
sample_0477.jpg,/path/to/meme-template-id/Social_Media/random_sampled/sample_0477.jpg,la-noire-press-x-to-doubt,Templated-Meme
sample_0478.jpg,/path/to/meme-template-id/Social_Media/random_sampled/sample_0478.jpg,0-days-without-lenny-simpsons,Templated-Meme
sample_0479.jpg,/path/to/meme-template-id/Social_Media/random_sampled/sample_0479.jpg,black_box_meme,Templated-Meme
sample_0480.jpg,/path/to/meme-template-id/Social_Media/random_sampled/sample_0480.jpg,0-days-without-lenny-simpsons,Templated-Meme
sample_0481.jpg,/path/to/meme-template-id/Social_Media/random_sampled/sample_0481.jpg,ben-affleck-smoking,Templated-Meme
sample_0482.jpg,/path/to/meme-template-id/Social_Media/random_sampled/sample_0482.jpg,0-days-without-lenny-simpsons,Templated-Meme
sample_0483.jpg,/path/to/meme-template-id/Social_Media/random_sampled/sample_0483.jpg,la-noire-press-x-to-doubt,Templated-Meme
sample_0484.jpg,/path/to/meme-template-id/Social_Media/random_sampled/sample_0484.jpg,0-days-without-lenny-simpsons,Templated-Meme
sample_0485.jpg,/path/to/meme-template-id/Social_Media/random_sampled/sample_0485.jpg,beggar,Templated-Meme
sample_0486.jpg,/path/to/meme-template-id/Social_Media/random_sampled/sample_0486.jpg,pink-guy-vs-bane,Templated-Meme
sample_0487.jpg,/path/to/meme-template-id/Social_Media/random_sampled/sample_0487.jpg,nobody-absolutely-no-one,Templated-Meme
sample_0488.jpg,/path/to/meme-template-id/Social_Media/random_sampled/sample_0488.jpg,0-days-without-lenny-simpsons,Templated-Meme
sample_0489.jpg,/path/to/meme-template-id/Social_Media/random_sampled/sample_0489.jpg,Non-Meme,Non-Meme
sample_0490.jpg,/path/to/meme-template-id/Social_Media/random_sampled/sample_0490.jpg,net-noob,Templated-Meme
sample_0491.jpg,/path/to/meme-template-id/Social_Media/random_sampled/sample_0491.jpg,lisa-simpsons-presentation,Templated-Meme
sample_0492.jpg,/path/to/meme-template-id/Social_Media/random_sampled/sample_0492.jpg,0-days-without-lenny-simpsons,Templated-Meme
sample_0493.jpg,/path/to/meme-template-id/Social_Media/random_sampled/sample_0493.jpg,0-days-without-lenny-simpsons,Templated-Meme
sample_0494.jpg,/path/to/meme-template-id/Social_Media/random_sampled/sample_0494.jpg,willem_dafoe_looking_up,Templated-Meme
sample_0495.jpg,/path/to/meme-template-id/Social_Media/random_sampled/sample_0495.jpg,and-thats-a-fact,Templated-Meme
sample_0496.jpg,/path/to/meme-template-id/Social_Media/random_sampled/sample_0496.jpg,0-days-without-lenny-simpsons,Templated-Meme
sample_0497.jpg,/path/to/meme-template-id/Social_Media/random_sampled/sample_0497.jpg,im_tired_boss,Templated-Meme
sample_0498.jpg,/path/to/meme-template-id/Social_Media/random_sampled/sample_0498.jpg,0-days-without-lenny-simpsons,Templated-Meme
sample_0499.jpg,/path/to/meme-template-id/Social_Media/random_sampled/sample_0499.jpg,pentagon-hexagon-octagon,Templated-Meme
sample_0500.jpg,/path/to/meme-template-id/Social_Media/random_sampled/sample_0500.jpg,it_cant_hurt_you,Templated-Meme
sample_0501.jpg,/path/to/meme-template-id/Social_Media/random_sampled/sample_0501.jpg,sad_wojak_cycle,Templated-Meme
sample_0502.jpg,/path/to/meme-template-id/Social_Media/random_sampled/sample_0502.jpg,nobody-absolutely-no-one,Templated-Meme
sample_0503.jpg,/path/to/meme-template-id/Social_Media/random_sampled/sample_0503.jpg,nobody-absolutely-no-one,Templated-Meme
sample_0504.jpg,/path/to/meme-template-id/Social_Media/random_sampled/sample_0504.jpg,so-anyway-i-started-blasting,Templated-Meme
sample_0505.jpg,/path/to/meme-template-id/Social_Media/random_sampled/sample_0505.jpg,hello_person_from,Templated-Meme
sample_0506.jpg,/path/to/meme-template-id/Social_Media/random_sampled/sample_0506.jpg,0-days-without-lenny-simpsons,Templated-Meme
sample_0507.jpg,/path/to/meme-template-id/Social_Media/random_sampled/sample_0507.jpg,what_how,Templated-Meme
sample_0508.jpg,/path/to/meme-template-id/Social_Media/random_sampled/sample_0508.jpg,0-days-without-lenny-simpsons,Templated-Meme
sample_0509.jpg,/path/to/meme-template-id/Social_Media/random_sampled/sample_0509.jpg,kramer_whats_going_on_in_there,Templated-Meme
sample_0510.jpg,/path/to/meme-template-id/Social_Media/random_sampled/sample_0510.jpg,vince-mcmahon,Templated-Meme
sample_0511.jpg,/path/to/meme-template-id/Social_Media/random_sampled/sample_0511.jpg,i-am-inevitable,Templated-Meme
sample_0512.jpg,/path/to/meme-template-id/Social_Media/random_sampled/sample_0512.jpg,la-noire-press-x-to-doubt,Templated-Meme
sample_0513.jpg,/path/to/meme-template-id/Social_Media/random_sampled/sample_0513.jpg,0-days-without-lenny-simpsons,Templated-Meme
sample_0514.jpg,/path/to/meme-template-id/Social_Media/random_sampled/sample_0514.jpg,0-days-without-lenny-simpsons,Templated-Meme
sample_0515.jpg,/path/to/meme-template-id/Social_Media/random_sampled/sample_0515.jpg,la-noire-press-x-to-doubt,Templated-Meme
sample_0516.jpg,/path/to/meme-template-id/Social_Media/random_sampled/sample_0516.jpg,la-noire-press-x-to-doubt,Templated-Meme
sample_0517.jpg,/path/to/meme-template-id/Social_Media/random_sampled/sample_0517.jpg,live-reaction,Templated-Meme
sample_0518.jpg,/path/to/meme-template-id/Social_Media/random_sampled/sample_0518.jpg,0-days-without-lenny-simpsons,Templated-Meme
sample_0519.jpg,/path/to/meme-template-id/Social_Media/random_sampled/sample_0519.jpg,damn_i_kinda_dont_meme,Templated-Meme
sample_0520.jpg,/path/to/meme-template-id/Social_Media/random_sampled/sample_0520.jpg,0-days-without-lenny-simpsons,Templated-Meme
sample_0521.jpg,/path/to/meme-template-id/Social_Media/random_sampled/sample_0521.jpg,pepe-punch,Templated-Meme
sample_0522.jpg,/path/to/meme-template-id/Social_Media/random_sampled/sample_0522.jpg,lisa-simpsons-presentation,Templated-Meme
sample_0523.jpg,/path/to/meme-template-id/Social_Media/random_sampled/sample_0523.jpg,pepe-the-frog,Templated-Meme
sample_0524.jpg,/path/to/meme-template-id/Social_Media/random_sampled/sample_0524.jpg,black_background,Templated-Meme
sample_0525.jpg,/path/to/meme-template-id/Social_Media/random_sampled/sample_0525.jpg,0-days-without-lenny-simpsons,Templated-Meme
sample_0526.jpg,/path/to/meme-template-id/Social_Media/random_sampled/sample_0526.jpg,pretending-to-be-happy-hiding-crying-behind-a-mask,Templated-Meme
sample_0527.jpg,/path/to/meme-template-id/Social_Media/random_sampled/sample_0527.jpg,lebron_james_reportedly_forgot_to,Templated-Meme
sample_0528.jpg,/path/to/meme-template-id/Social_Media/random_sampled/sample_0528.jpg,comparison-table,Templated-Meme
sample_0529.jpg,/path/to/meme-template-id/Social_Media/random_sampled/sample_0529.jpg,0-days-without-lenny-simpsons,Templated-Meme
sample_0530.jpg,/path/to/meme-template-id/Social_Media/random_sampled/sample_0530.jpg,la-noire-press-x-to-doubt,Templated-Meme
sample_0531.jpg,/path/to/meme-template-id/Social_Media/random_sampled/sample_0531.jpg,0-days-without-lenny-simpsons,Templated-Meme
sample_0532.jpg,/path/to/meme-template-id/Social_Media/random_sampled/sample_0532.jpg,0-days-without-lenny-simpsons,Templated-Meme
sample_0533.jpg,/path/to/meme-template-id/Social_Media/random_sampled/sample_0533.jpg,creepy-condescending-wonka,Templated-Meme
sample_0534.jpg,/path/to/meme-template-id/Social_Media/random_sampled/sample_0534.jpg,la-noire-press-x-to-doubt,Templated-Meme
sample_0535.jpg,/path/to/meme-template-id/Social_Media/random_sampled/sample_0535.jpg,0-days-without-lenny-simpsons,Templated-Meme
sample_0536.jpg,/path/to/meme-template-id/Social_Media/random_sampled/sample_0536.jpg,0-days-without-lenny-simpsons,Templated-Meme
sample_0537.jpg,/path/to/meme-template-id/Social_Media/random_sampled/sample_0537.jpg,mind_blown_template,Templated-Meme
sample_0538.jpg,/path/to/meme-template-id/Social_Media/random_sampled/sample_0538.jpg,blank_comic_panel_2x2,Templated-Meme
sample_0539.jpg,/path/to/meme-template-id/Social_Media/random_sampled/sample_0539.jpg,Non-Meme,Non-Meme
sample_0540.jpg,/path/to/meme-template-id/Social_Media/random_sampled/sample_0540.jpg,nobody-absolutely-no-one,Templated-Meme
sample_0541.jpg,/path/to/meme-template-id/Social_Media/random_sampled/sample_0541.jpg,silence_x_a_y_is_talking,Templated-Meme
sample_0542.jpg,/path/to/meme-template-id/Social_Media/random_sampled/sample_0542.jpg,obama_cowboy_hat,Templated-Meme
sample_0543.jpg,/path/to/meme-template-id/Social_Media/random_sampled/sample_0543.jpg,black-girl-wat,Templated-Meme
sample_0544.jpg,/path/to/meme-template-id/Social_Media/random_sampled/sample_0544.jpg,0-days-without-lenny-simpsons,Templated-Meme
sample_0545.jpg,/path/to/meme-template-id/Social_Media/random_sampled/sample_0545.jpg,carefully_hes_a_hero,Templated-Meme
sample_0546.jpg,/path/to/meme-template-id/Social_Media/random_sampled/sample_0546.jpg,0-days-without-lenny-simpsons,Templated-Meme
sample_0547.jpg,/path/to/meme-template-id/Social_Media/random_sampled/sample_0547.jpg,nobody-absolutely-no-one,Templated-Meme
sample_0548.jpg,/path/to/meme-template-id/Social_Media/random_sampled/sample_0548.jpg,comparison-table,Templated-Meme
sample_0549.jpg,/path/to/meme-template-id/Social_Media/random_sampled/sample_0549.jpg,afraid-to-ask-andy,Templated-Meme
sample_0550.jpg,/path/to/meme-template-id/Social_Media/random_sampled/sample_0550.jpg,magic_8_ball,Templated-Meme
sample_0551.jpg,/path/to/meme-template-id/Social_Media/random_sampled/sample_0551.jpg,0-days-without-lenny-simpsons,Templated-Meme
sample_0552.jpg,/path/to/meme-template-id/Social_Media/random_sampled/sample_0552.jpg,0-days-without-lenny-simpsons,Templated-Meme
sample_0553.jpg,/path/to/meme-template-id/Social_Media/random_sampled/sample_0553.jpg,unsettled-tom,Templated-Meme
sample_0554.jpg,/path/to/meme-template-id/Social_Media/random_sampled/sample_0554.jpg,zuckerberg,Templated-Meme
sample_0555.jpg,/path/to/meme-template-id/Social_Media/random_sampled/sample_0555.jpg,black-guy-crying-and-black-guy-laughing,Templated-Meme
sample_0556.jpg,/path/to/meme-template-id/Social_Media/random_sampled/sample_0556.jpg,la-noire-press-x-to-doubt,Templated-Meme
sample_0557.jpg,/path/to/meme-template-id/Social_Media/random_sampled/sample_0557.jpg,thats-a-paddlin,Templated-Meme
sample_0558.jpg,/path/to/meme-template-id/Social_Media/random_sampled/sample_0558.jpg,blank_white_template,Templated-Meme
sample_0559.jpg,/path/to/meme-template-id/Social_Media/random_sampled/sample_0559.jpg,black_box_meme,Templated-Meme
sample_0560.jpg,/path/to/meme-template-id/Social_Media/random_sampled/sample_0560.jpg,0-days-without-lenny-simpsons,Templated-Meme
sample_0561.jpg,/path/to/meme-template-id/Social_Media/random_sampled/sample_0561.jpg,nuclear-explosion,Templated-Meme
sample_0562.jpg,/path/to/meme-template-id/Social_Media/random_sampled/sample_0562.jpg,Non-Meme,Non-Meme
sample_0563.jpg,/path/to/meme-template-id/Social_Media/random_sampled/sample_0563.jpg,ppap,Templated-Meme
sample_0564.jpg,/path/to/meme-template-id/Social_Media/random_sampled/sample_0564.jpg,0-days-without-lenny-simpsons,Templated-Meme
sample_0565.jpg,/path/to/meme-template-id/Social_Media/random_sampled/sample_0565.jpg,hagrid-yer-a-wizard,Templated-Meme
sample_0566.jpg,/path/to/meme-template-id/Social_Media/random_sampled/sample_0566.jpg,0-days-without-lenny-simpsons,Templated-Meme
sample_0567.jpg,/path/to/meme-template-id/Social_Media/random_sampled/sample_0567.jpg,magic_8_ball,Templated-Meme
sample_0568.jpg,/path/to/meme-template-id/Social_Media/random_sampled/sample_0568.jpg,nobody-absolutely-no-one,Templated-Meme
sample_0569.jpg,/path/to/meme-template-id/Social_Media/random_sampled/sample_0569.jpg,sweating-bullets,Templated-Meme
sample_0570.jpg,/path/to/meme-template-id/Social_Media/random_sampled/sample_0570.jpg,youtube_video_template,Templated-Meme
sample_0571.jpg,/path/to/meme-template-id/Social_Media/random_sampled/sample_0571.jpg,it-is-time-to-go,Templated-Meme
sample_0572.jpg,/path/to/meme-template-id/Social_Media/random_sampled/sample_0572.jpg,ben-affleck-smoking,Templated-Meme
sample_0573.jpg,/path/to/meme-template-id/Social_Media/random_sampled/sample_0573.jpg,black_box_meme,Templated-Meme
sample_0574.jpg,/path/to/meme-template-id/Social_Media/random_sampled/sample_0574.jpg,four-horsemen,Templated-Meme
sample_0575.jpg,/path/to/meme-template-id/Social_Media/random_sampled/sample_0575.jpg,black_background,Templated-Meme
sample_0576.jpg,/path/to/meme-template-id/Social_Media/random_sampled/sample_0576.jpg,hector,Templated-Meme
sample_0577.jpg,/path/to/meme-template-id/Social_Media/random_sampled/sample_0577.jpg,deadpool-surprised,Templated-Meme
sample_0578.jpg,/path/to/meme-template-id/Social_Media/random_sampled/sample_0578.jpg,0-days-without-lenny-simpsons,Templated-Meme
sample_0579.jpg,/path/to/meme-template-id/Social_Media/random_sampled/sample_0579.jpg,mr-incredible-becoming-uncanny,Templated-Meme
sample_0580.jpg,/path/to/meme-template-id/Social_Media/random_sampled/sample_0580.jpg,la-vieja-confiable,Templated-Meme
sample_0581.jpg,/path/to/meme-template-id/Social_Media/random_sampled/sample_0581.jpg,it_cant_hurt_you,Templated-Meme
sample_0582.jpg,/path/to/meme-template-id/Social_Media/random_sampled/sample_0582.jpg,crying-peter-parker,Templated-Meme
sample_0583.jpg,/path/to/meme-template-id/Social_Media/random_sampled/sample_0583.jpg,lisa-simpsons-presentation,Templated-Meme
sample_0584.jpg,/path/to/meme-template-id/Social_Media/random_sampled/sample_0584.jpg,0-days-without-lenny-simpsons,Templated-Meme
sample_0585.jpg,/path/to/meme-template-id/Social_Media/random_sampled/sample_0585.jpg,elmo-fire,Templated-Meme
sample_0586.jpg,/path/to/meme-template-id/Social_Media/random_sampled/sample_0586.jpg,0-days-without-lenny-simpsons,Templated-Meme
sample_0587.jpg,/path/to/meme-template-id/Social_Media/random_sampled/sample_0587.jpg,what_my_friends_think_i_do,Templated-Meme
sample_0588.jpg,/path/to/meme-template-id/Social_Media/random_sampled/sample_0588.jpg,0-days-without-lenny-simpsons,Templated-Meme
sample_0589.jpg,/path/to/meme-template-id/Social_Media/random_sampled/sample_0589.jpg,la-noire-press-x-to-doubt,Templated-Meme
sample_0590.jpg,/path/to/meme-template-id/Social_Media/random_sampled/sample_0590.jpg,0-days-without-lenny-simpsons,Templated-Meme
sample_0591.jpg,/path/to/meme-template-id/Social_Media/random_sampled/sample_0591.jpg,thats-a-paddlin,Templated-Meme
sample_0592.jpg,/path/to/meme-template-id/Social_Media/random_sampled/sample_0592.jpg,Non-Meme,Non-Meme
sample_0593.jpg,/path/to/meme-template-id/Social_Media/random_sampled/sample_0593.jpg,Non-Meme,Non-Meme
sample_0594.jpg,/path/to/meme-template-id/Social_Media/random_sampled/sample_0594.jpg,thats-a-paddlin,Templated-Meme
sample_0595.jpg,/path/to/meme-template-id/Social_Media/random_sampled/sample_0595.jpg,look-how-they-massacred-my-boy,Templated-Meme
sample_0596.jpg,/path/to/meme-template-id/Social_Media/random_sampled/sample_0596.jpg,deadpool-surprised,Templated-Meme
sample_0597.jpg,/path/to/meme-template-id/Social_Media/random_sampled/sample_0597.jpg,always-you-three,Templated-Meme
sample_0598.jpg,/path/to/meme-template-id/Social_Media/random_sampled/sample_0598.jpg,0-days-without-lenny-simpsons,Templated-Meme
sample_0599.jpg,/path/to/meme-template-id/Social_Media/random_sampled/sample_0599.jpg,la-noire-press-x-to-doubt,Templated-Meme
sample_0600.jpg,/path/to/meme-template-id/Social_Media/random_sampled/sample_0600.jpg,0-days-without-lenny-simpsons,Templated-Meme
sample_0601.jpg,/path/to/meme-template-id/Social_Media/random_sampled/sample_0601.jpg,blinking_guy_vertical_blank,Templated-Meme
sample_0602.jpg,/path/to/meme-template-id/Social_Media/random_sampled/sample_0602.jpg,0-days-without-lenny-simpsons,Templated-Meme
sample_0603.jpg,/path/to/meme-template-id/Social_Media/random_sampled/sample_0603.jpg,ben-affleck-smoking,Templated-Meme
sample_0604.jpg,/path/to/meme-template-id/Social_Media/random_sampled/sample_0604.jpg,death-battle,Templated-Meme
sample_0605.jpg,/path/to/meme-template-id/Social_Media/random_sampled/sample_0605.jpg,0-days-without-lenny-simpsons,Templated-Meme
sample_0606.jpg,/path/to/meme-template-id/Social_Media/random_sampled/sample_0606.jpg,black_box_meme,Templated-Meme
sample_0607.jpg,/path/to/meme-template-id/Social_Media/random_sampled/sample_0607.jpg,kill-you-cat,Templated-Meme
sample_0608.jpg,/path/to/meme-template-id/Social_Media/random_sampled/sample_0608.jpg,0-days-without-lenny-simpsons,Templated-Meme
sample_0609.jpg,/path/to/meme-template-id/Social_Media/random_sampled/sample_0609.jpg,0-days-without-lenny-simpsons,Templated-Meme
sample_0610.jpg,/path/to/meme-template-id/Social_Media/random_sampled/sample_0610.jpg,joins_battle_smash_bros,Templated-Meme
sample_0611.jpg,/path/to/meme-template-id/Social_Media/random_sampled/sample_0611.jpg,the-more-you-know,Templated-Meme
sample_0612.jpg,/path/to/meme-template-id/Social_Media/random_sampled/sample_0612.jpg,0-days-without-lenny-simpsons,Templated-Meme
sample_0613.jpg,/path/to/meme-template-id/Social_Media/random_sampled/sample_0613.jpg,so-anyway-i-started-blasting,Templated-Meme
sample_0614.jpg,/path/to/meme-template-id/Social_Media/random_sampled/sample_0614.jpg,magic_8_ball,Templated-Meme
sample_0615.jpg,/path/to/meme-template-id/Social_Media/random_sampled/sample_0615.jpg,sweating-bullets,Templated-Meme
sample_0616.jpg,/path/to/meme-template-id/Social_Media/random_sampled/sample_0616.jpg,omg_hi,Templated-Meme
sample_0617.jpg,/path/to/meme-template-id/Social_Media/random_sampled/sample_0617.jpg,magic_8_ball,Templated-Meme
sample_0618.jpg,/path/to/meme-template-id/Social_Media/random_sampled/sample_0618.jpg,anakin-kills-younglings,Templated-Meme
sample_0619.jpg,/path/to/meme-template-id/Social_Media/random_sampled/sample_0619.jpg,magic_8_ball,Templated-Meme
sample_0620.jpg,/path/to/meme-template-id/Social_Media/random_sampled/sample_0620.jpg,la-noire-press-x-to-doubt,Templated-Meme
sample_0621.jpg,/path/to/meme-template-id/Social_Media/random_sampled/sample_0621.jpg,0-days-without-lenny-simpsons,Templated-Meme
sample_0622.jpg,/path/to/meme-template-id/Social_Media/random_sampled/sample_0622.jpg,0-days-without-lenny-simpsons,Templated-Meme
sample_0623.jpg,/path/to/meme-template-id/Social_Media/random_sampled/sample_0623.jpg,0-days-without-lenny-simpsons,Templated-Meme
sample_0624.jpg,/path/to/meme-template-id/Social_Media/random_sampled/sample_0624.jpg,obama_cowboy_hat,Templated-Meme
sample_0625.jpg,/path/to/meme-template-id/Social_Media/random_sampled/sample_0625.jpg,nobody-absolutely-no-one,Templated-Meme
sample_0626.jpg,/path/to/meme-template-id/Social_Media/random_sampled/sample_0626.jpg,0-days-without-lenny-simpsons,Templated-Meme
sample_0627.jpg,/path/to/meme-template-id/Social_Media/random_sampled/sample_0627.jpg,baby-godfather,Templated-Meme
sample_0628.jpg,/path/to/meme-template-id/Social_Media/random_sampled/sample_0628.jpg,magic_8_ball,Templated-Meme
sample_0629.jpg,/path/to/meme-template-id/Social_Media/random_sampled/sample_0629.jpg,look-marge,Templated-Meme
sample_0630.jpg,/path/to/meme-template-id/Social_Media/random_sampled/sample_0630.jpg,sweating-bullets,Templated-Meme
sample_0631.jpg,/path/to/meme-template-id/Social_Media/random_sampled/sample_0631.jpg,the-more-you-know,Templated-Meme
sample_0632.jpg,/path/to/meme-template-id/Social_Media/random_sampled/sample_0632.jpg,chuck-norris-finger,Templated-Meme
sample_0633.jpg,/path/to/meme-template-id/Social_Media/random_sampled/sample_0633.jpg,black_background,Templated-Meme
sample_0634.jpg,/path/to/meme-template-id/Social_Media/random_sampled/sample_0634.jpg,sad_wojak_cycle,Templated-Meme
sample_0635.jpg,/path/to/meme-template-id/Social_Media/random_sampled/sample_0635.jpg,malicious_advice_mallard,Templated-Meme
sample_0636.jpg,/path/to/meme-template-id/Social_Media/random_sampled/sample_0636.jpg,0-days-without-lenny-simpsons,Templated-Meme
sample_0637.jpg,/path/to/meme-template-id/Social_Media/random_sampled/sample_0637.jpg,0-days-without-lenny-simpsons,Templated-Meme
sample_0638.jpg,/path/to/meme-template-id/Social_Media/random_sampled/sample_0638.jpg,0-days-without-lenny-simpsons,Templated-Meme
sample_0639.jpg,/path/to/meme-template-id/Social_Media/random_sampled/sample_0639.jpg,0-days-without-lenny-simpsons,Templated-Meme
sample_0640.jpg,/path/to/meme-template-id/Social_Media/random_sampled/sample_0640.jpg,Non-Meme,Non-Meme
sample_0641.jpg,/path/to/meme-template-id/Social_Media/random_sampled/sample_0641.jpg,0-days-without-lenny-simpsons,Templated-Meme
sample_0642.jpg,/path/to/meme-template-id/Social_Media/random_sampled/sample_0642.jpg,la-noire-press-x-to-doubt,Templated-Meme
sample_0643.jpg,/path/to/meme-template-id/Social_Media/random_sampled/sample_0643.jpg,disloyal-boyfriend,Templated-Meme
sample_0644.jpg,/path/to/meme-template-id/Social_Media/random_sampled/sample_0644.jpg,limmy-waking-up,Templated-Meme
sample_0645.jpg,/path/to/meme-template-id/Social_Media/random_sampled/sample_0645.jpg,disappearing,Templated-Meme
sample_0646.jpg,/path/to/meme-template-id/Social_Media/random_sampled/sample_0646.jpg,black_box_meme,Templated-Meme
sample_0647.jpg,/path/to/meme-template-id/Social_Media/random_sampled/sample_0647.jpg,monkey-looking-away,Templated-Meme
sample_0648.jpg,/path/to/meme-template-id/Social_Media/random_sampled/sample_0648.jpg,happy-then-sad,Templated-Meme
sample_0649.jpg,/path/to/meme-template-id/Social_Media/random_sampled/sample_0649.jpg,squid_game_season_1_vs_season,Templated-Meme
sample_0650.jpg,/path/to/meme-template-id/Social_Media/random_sampled/sample_0650.jpg,comparison-table,Templated-Meme
sample_0651.jpg,/path/to/meme-template-id/Social_Media/random_sampled/sample_0651.jpg,Non-Meme,Non-Meme
sample_0652.jpg,/path/to/meme-template-id/Social_Media/random_sampled/sample_0652.jpg,tuxedo-winnie-the-pooh-3-panel,Templated-Meme
sample_0653.jpg,/path/to/meme-template-id/Social_Media/random_sampled/sample_0653.jpg,0-days-without-lenny-simpsons,Templated-Meme
sample_0654.jpg,/path/to/meme-template-id/Social_Media/random_sampled/sample_0654.jpg,0-days-without-lenny-simpsons,Templated-Meme
sample_0655.jpg,/path/to/meme-template-id/Social_Media/random_sampled/sample_0655.jpg,0-days-without-lenny-simpsons,Templated-Meme
sample_0656.jpg,/path/to/meme-template-id/Social_Media/random_sampled/sample_0656.jpg,look-how-they-massacred-my-boy,Templated-Meme
sample_0657.jpg,/path/to/meme-template-id/Social_Media/random_sampled/sample_0657.jpg,blank-pokemon-card,Templated-Meme
sample_0658.jpg,/path/to/meme-template-id/Social_Media/random_sampled/sample_0658.jpg,dafuq-did-i-just-read,Templated-Meme
sample_0659.jpg,/path/to/meme-template-id/Social_Media/random_sampled/sample_0659.jpg,magic_8_ball,Templated-Meme
sample_0660.jpg,/path/to/meme-template-id/Social_Media/random_sampled/sample_0660.jpg,0-days-without-lenny-simpsons,Templated-Meme
sample_0661.jpg,/path/to/meme-template-id/Social_Media/random_sampled/sample_0661.jpg,0-days-without-lenny-simpsons,Templated-Meme
sample_0662.jpg,/path/to/meme-template-id/Social_Media/random_sampled/sample_0662.jpg,magic_8_ball,Templated-Meme
sample_0663.jpg,/path/to/meme-template-id/Social_Media/random_sampled/sample_0663.jpg,sad_wojak_cycle,Templated-Meme
sample_0664.jpg,/path/to/meme-template-id/Social_Media/random_sampled/sample_0664.jpg,0-days-without-lenny-simpsons,Templated-Meme
sample_0665.jpg,/path/to/meme-template-id/Social_Media/random_sampled/sample_0665.jpg,0-days-without-lenny-simpsons,Templated-Meme
sample_0666.jpg,/path/to/meme-template-id/Social_Media/random_sampled/sample_0666.jpg,meme-stealing-license,Templated-Meme
sample_0667.jpg,/path/to/meme-template-id/Social_Media/random_sampled/sample_0667.jpg,look-how-they-massacred-my-boy,Templated-Meme
sample_0668.jpg,/path/to/meme-template-id/Social_Media/random_sampled/sample_0668.jpg,look-how-they-massacred-my-boy,Templated-Meme
sample_0669.jpg,/path/to/meme-template-id/Social_Media/random_sampled/sample_0669.jpg,look-how-they-massacred-my-boy,Templated-Meme
sample_0670.jpg,/path/to/meme-template-id/Social_Media/random_sampled/sample_0670.jpg,show-me-the-real,Templated-Meme
sample_0671.jpg,/path/to/meme-template-id/Social_Media/random_sampled/sample_0671.jpg,0-days-without-lenny-simpsons,Templated-Meme
sample_0672.jpg,/path/to/meme-template-id/Social_Media/random_sampled/sample_0672.jpg,damn_i_kinda_dont_meme,Templated-Meme
sample_0673.jpg,/path/to/meme-template-id/Social_Media/random_sampled/sample_0673.jpg,why_are_you_gay,Templated-Meme
sample_0674.jpg,/path/to/meme-template-id/Social_Media/random_sampled/sample_0674.jpg,0-days-without-lenny-simpsons,Templated-Meme
sample_0675.jpg,/path/to/meme-template-id/Social_Media/random_sampled/sample_0675.jpg,la-noire-press-x-to-doubt,Templated-Meme
sample_0676.jpg,/path/to/meme-template-id/Social_Media/random_sampled/sample_0676.jpg,0-days-without-lenny-simpsons,Templated-Meme
sample_0677.jpg,/path/to/meme-template-id/Social_Media/random_sampled/sample_0677.jpg,galaxy_brain,Templated-Meme
sample_0678.jpg,/path/to/meme-template-id/Social_Media/random_sampled/sample_0678.jpg,0-days-without-lenny-simpsons,Templated-Meme
sample_0679.jpg,/path/to/meme-template-id/Social_Media/random_sampled/sample_0679.jpg,la-noire-press-x-to-doubt,Templated-Meme
sample_0680.jpg,/path/to/meme-template-id/Social_Media/random_sampled/sample_0680.jpg,cheems,Templated-Meme
sample_0681.jpg,/path/to/meme-template-id/Social_Media/random_sampled/sample_0681.jpg,Non-Meme,Non-Meme
sample_0682.jpg,/path/to/meme-template-id/Social_Media/random_sampled/sample_0682.jpg,spiderman-presentation,Templated-Meme
sample_0683.jpg,/path/to/meme-template-id/Social_Media/random_sampled/sample_0683.jpg,anakin-kills-younglings,Templated-Meme
sample_0684.jpg,/path/to/meme-template-id/Social_Media/random_sampled/sample_0684.jpg,la-noire-press-x-to-doubt,Templated-Meme
sample_0685.jpg,/path/to/meme-template-id/Social_Media/random_sampled/sample_0685.jpg,0-days-without-lenny-simpsons,Templated-Meme
sample_0686.jpg,/path/to/meme-template-id/Social_Media/random_sampled/sample_0686.jpg,0-days-without-lenny-simpsons,Templated-Meme
sample_0687.jpg,/path/to/meme-template-id/Social_Media/random_sampled/sample_0687.jpg,look-marge,Templated-Meme
sample_0688.jpg,/path/to/meme-template-id/Social_Media/random_sampled/sample_0688.jpg,obama_cowboy_hat,Templated-Meme
sample_0689.jpg,/path/to/meme-template-id/Social_Media/random_sampled/sample_0689.jpg,look-marge,Templated-Meme
sample_0690.jpg,/path/to/meme-template-id/Social_Media/random_sampled/sample_0690.jpg,deadpool-surprised,Templated-Meme
sample_0691.jpg,/path/to/meme-template-id/Social_Media/random_sampled/sample_0691.jpg,crazy_dawg,Templated-Meme
sample_0692.jpg,/path/to/meme-template-id/Social_Media/random_sampled/sample_0692.jpg,Non-Meme,Non-Meme
sample_0693.jpg,/path/to/meme-template-id/Social_Media/random_sampled/sample_0693.jpg,Non-Meme,Non-Meme
sample_0694.jpg,/path/to/meme-template-id/Social_Media/random_sampled/sample_0694.jpg,0-days-without-lenny-simpsons,Templated-Meme
sample_0695.jpg,/path/to/meme-template-id/Social_Media/random_sampled/sample_0695.jpg,0-days-without-lenny-simpsons,Templated-Meme
sample_0696.jpg,/path/to/meme-template-id/Social_Media/random_sampled/sample_0696.jpg,nobody-absolutely-no-one,Templated-Meme
sample_0697.jpg,/path/to/meme-template-id/Social_Media/random_sampled/sample_0697.jpg,black_box_meme,Templated-Meme
sample_0698.jpg,/path/to/meme-template-id/Social_Media/random_sampled/sample_0698.jpg,blank_comic_panel_2x1,Templated-Meme
sample_0699.jpg,/path/to/meme-template-id/Social_Media/random_sampled/sample_0699.jpg,magic_8_ball,Templated-Meme
sample_0700.jpg,/path/to/meme-template-id/Social_Media/random_sampled/sample_0700.jpg,net-noob,Templated-Meme
sample_0701.jpg,/path/to/meme-template-id/Social_Media/random_sampled/sample_0701.jpg,show-me-the-real,Templated-Meme
sample_0702.jpg,/path/to/meme-template-id/Social_Media/random_sampled/sample_0702.jpg,look-how-they-massacred-my-boy,Templated-Meme
sample_0703.jpg,/path/to/meme-template-id/Social_Media/random_sampled/sample_0703.jpg,the-more-you-know,Templated-Meme
sample_0704.jpg,/path/to/meme-template-id/Social_Media/random_sampled/sample_0704.jpg,0-days-without-lenny-simpsons,Templated-Meme
sample_0705.jpg,/path/to/meme-template-id/Social_Media/random_sampled/sample_0705.jpg,damn_i_kinda_dont_meme,Templated-Meme
sample_0706.jpg,/path/to/meme-template-id/Social_Media/random_sampled/sample_0706.jpg,sweating-bullets,Templated-Meme
sample_0707.jpg,/path/to/meme-template-id/Social_Media/random_sampled/sample_0707.jpg,look-how-they-massacred-my-boy,Templated-Meme
sample_0708.jpg,/path/to/meme-template-id/Social_Media/random_sampled/sample_0708.jpg,the-more-you-know,Templated-Meme
sample_0709.jpg,/path/to/meme-template-id/Social_Media/random_sampled/sample_0709.jpg,black_box_meme,Templated-Meme
sample_0710.jpg,/path/to/meme-template-id/Social_Media/random_sampled/sample_0710.jpg,0-days-without-lenny-simpsons,Templated-Meme
sample_0711.jpg,/path/to/meme-template-id/Social_Media/random_sampled/sample_0711.jpg,galaxy-brain-3-brains,Templated-Meme
sample_0712.jpg,/path/to/meme-template-id/Social_Media/random_sampled/sample_0712.jpg,happy-then-sad,Templated-Meme
sample_0713.jpg,/path/to/meme-template-id/Social_Media/random_sampled/sample_0713.jpg,nuclear-explosion,Templated-Meme
sample_0714.jpg,/path/to/meme-template-id/Social_Media/random_sampled/sample_0714.jpg,spiderman-presentation,Templated-Meme
sample_0715.jpg,/path/to/meme-template-id/Social_Media/random_sampled/sample_0715.jpg,Non-Meme,Non-Meme
sample_0716.jpg,/path/to/meme-template-id/Social_Media/random_sampled/sample_0716.jpg,blank_comic_panel_2x1,Templated-Meme
sample_0717.jpg,/path/to/meme-template-id/Social_Media/random_sampled/sample_0717.jpg,angry-birds-pig,Templated-Meme
sample_0718.jpg,/path/to/meme-template-id/Social_Media/random_sampled/sample_0718.jpg,Non-Meme,Non-Meme
sample_0719.jpg,/path/to/meme-template-id/Social_Media/random_sampled/sample_0719.jpg,0-days-without-lenny-simpsons,Templated-Meme
sample_0720.jpg,/path/to/meme-template-id/Social_Media/random_sampled/sample_0720.jpg,0-days-without-lenny-simpsons,Templated-Meme
sample_0721.jpg,/path/to/meme-template-id/Social_Media/random_sampled/sample_0721.jpg,the-more-you-know,Templated-Meme
sample_0722.jpg,/path/to/meme-template-id/Social_Media/random_sampled/sample_0722.jpg,thanos_back_to_me,Templated-Meme
sample_0723.jpg,/path/to/meme-template-id/Social_Media/random_sampled/sample_0723.jpg,look-how-they-massacred-my-boy,Templated-Meme
sample_0724.jpg,/path/to/meme-template-id/Social_Media/random_sampled/sample_0724.jpg,nuclear-explosion,Templated-Meme
sample_0725.jpg,/path/to/meme-template-id/Social_Media/random_sampled/sample_0725.jpg,billboard_blank,Templated-Meme
sample_0726.jpg,/path/to/meme-template-id/Social_Media/random_sampled/sample_0726.jpg,Non-Meme,Non-Meme
sample_0727.jpg,/path/to/meme-template-id/Social_Media/random_sampled/sample_0727.jpg,nobody-absolutely-no-one,Templated-Meme
sample_0728.jpg,/path/to/meme-template-id/Social_Media/random_sampled/sample_0728.jpg,spiderman-glasses,Templated-Meme
sample_0729.jpg,/path/to/meme-template-id/Social_Media/random_sampled/sample_0729.jpg,0-days-without-lenny-simpsons,Templated-Meme
sample_0730.jpg,/path/to/meme-template-id/Social_Media/random_sampled/sample_0730.jpg,youtube_video_template,Templated-Meme
sample_0731.jpg,/path/to/meme-template-id/Social_Media/random_sampled/sample_0731.jpg,galaxy-brain-3-brains,Templated-Meme
sample_0732.jpg,/path/to/meme-template-id/Social_Media/random_sampled/sample_0732.jpg,0-days-without-lenny-simpsons,Templated-Meme
sample_0733.jpg,/path/to/meme-template-id/Social_Media/random_sampled/sample_0733.jpg,0-days-without-lenny-simpsons,Templated-Meme
sample_0734.jpg,/path/to/meme-template-id/Social_Media/random_sampled/sample_0734.jpg,what_how,Templated-Meme
sample_0735.jpg,/path/to/meme-template-id/Social_Media/random_sampled/sample_0735.jpg,blank-for-president,Templated-Meme
sample_0736.jpg,/path/to/meme-template-id/Social_Media/random_sampled/sample_0736.jpg,panik-kalm-panik,Templated-Meme
sample_0737.jpg,/path/to/meme-template-id/Social_Media/random_sampled/sample_0737.jpg,0-days-without-lenny-simpsons,Templated-Meme
sample_0738.jpg,/path/to/meme-template-id/Social_Media/random_sampled/sample_0738.jpg,0-days-without-lenny-simpsons,Templated-Meme
sample_0739.jpg,/path/to/meme-template-id/Social_Media/random_sampled/sample_0739.jpg,0-days-without-lenny-simpsons,Templated-Meme
sample_0740.jpg,/path/to/meme-template-id/Social_Media/random_sampled/sample_0740.jpg,0-days-without-lenny-simpsons,Templated-Meme
sample_0741.jpg,/path/to/meme-template-id/Social_Media/random_sampled/sample_0741.jpg,the-more-you-know,Templated-Meme
sample_0742.jpg,/path/to/meme-template-id/Social_Media/random_sampled/sample_0742.jpg,magic_8_ball,Templated-Meme
sample_0743.jpg,/path/to/meme-template-id/Social_Media/random_sampled/sample_0743.jpg,im_doing_my_part,Templated-Meme
sample_0744.jpg,/path/to/meme-template-id/Social_Media/random_sampled/sample_0744.jpg,nuclear-explosion,Templated-Meme
sample_0745.jpg,/path/to/meme-template-id/Social_Media/random_sampled/sample_0745.jpg,guess-ill-die,Templated-Meme
sample_0746.jpg,/path/to/meme-template-id/Social_Media/random_sampled/sample_0746.jpg,look-how-they-massacred-my-boy,Templated-Meme
sample_0747.jpg,/path/to/meme-template-id/Social_Media/random_sampled/sample_0747.jpg,obama_cowboy_hat,Templated-Meme
sample_0748.jpg,/path/to/meme-template-id/Social_Media/random_sampled/sample_0748.jpg,0-days-without-lenny-simpsons,Templated-Meme
sample_0749.jpg,/path/to/meme-template-id/Social_Media/random_sampled/sample_0749.jpg,0-days-without-lenny-simpsons,Templated-Meme
sample_0750.jpg,/path/to/meme-template-id/Social_Media/random_sampled/sample_0750.jpg,0-days-without-lenny-simpsons,Templated-Meme
sample_0751.jpg,/path/to/meme-template-id/Social_Media/random_sampled/sample_0751.jpg,0-days-without-lenny-simpsons,Templated-Meme
sample_0752.jpg,/path/to/meme-template-id/Social_Media/random_sampled/sample_0752.jpg,0-days-without-lenny-simpsons,Templated-Meme
sample_0753.jpg,/path/to/meme-template-id/Social_Media/random_sampled/sample_0753.jpg,thor-is-he-though,Templated-Meme
sample_0754.jpg,/path/to/meme-template-id/Social_Media/random_sampled/sample_0754.jpg,thanos_smile,Templated-Meme
sample_0755.jpg,/path/to/meme-template-id/Social_Media/random_sampled/sample_0755.jpg,Non-Meme,Non-Meme
sample_0756.jpg,/path/to/meme-template-id/Social_Media/random_sampled/sample_0756.jpg,walking-running-sprinting,Templated-Meme
sample_0757.jpg,/path/to/meme-template-id/Social_Media/random_sampled/sample_0757.jpg,0-days-without-lenny-simpsons,Templated-Meme
sample_0758.jpg,/path/to/meme-template-id/Social_Media/random_sampled/sample_0758.jpg,0-days-without-lenny-simpsons,Templated-Meme
sample_0759.jpg,/path/to/meme-template-id/Social_Media/random_sampled/sample_0759.jpg,blank-starter-pack,Templated-Meme
sample_0760.jpg,/path/to/meme-template-id/Social_Media/random_sampled/sample_0760.jpg,deadpool-surprised,Templated-Meme
sample_0761.jpg,/path/to/meme-template-id/Social_Media/random_sampled/sample_0761.jpg,show-me-the-real,Templated-Meme
sample_0762.jpg,/path/to/meme-template-id/Social_Media/random_sampled/sample_0762.jpg,sad_wojak_cycle,Templated-Meme
sample_0763.jpg,/path/to/meme-template-id/Social_Media/random_sampled/sample_0763.jpg,0-days-without-lenny-simpsons,Templated-Meme
sample_0764.jpg,/path/to/meme-template-id/Social_Media/random_sampled/sample_0764.jpg,crying-wojak-vs-chad,Templated-Meme
sample_0765.jpg,/path/to/meme-template-id/Social_Media/random_sampled/sample_0765.jpg,sad_wojak_cycle,Templated-Meme
sample_0766.jpg,/path/to/meme-template-id/Social_Media/random_sampled/sample_0766.jpg,ben-affleck-smoking,Templated-Meme
sample_0767.jpg,/path/to/meme-template-id/Social_Media/random_sampled/sample_0767.jpg,nobody-absolutely-no-one,Templated-Meme
sample_0768.jpg,/path/to/meme-template-id/Social_Media/random_sampled/sample_0768.jpg,skeletor-disturbing-facts,Templated-Meme
sample_0769.jpg,/path/to/meme-template-id/Social_Media/random_sampled/sample_0769.jpg,michael-phelps-death-stare,Templated-Meme
sample_0770.jpg,/path/to/meme-template-id/Social_Media/random_sampled/sample_0770.jpg,smokey-the-bear,Templated-Meme
sample_0771.jpg,/path/to/meme-template-id/Social_Media/random_sampled/sample_0771.jpg,deadpool-surprised,Templated-Meme
sample_0772.jpg,/path/to/meme-template-id/Social_Media/random_sampled/sample_0772.jpg,la-vieja-confiable,Templated-Meme
sample_0773.jpg,/path/to/meme-template-id/Social_Media/random_sampled/sample_0773.jpg,black-girl-wat,Templated-Meme
sample_0774.jpg,/path/to/meme-template-id/Social_Media/random_sampled/sample_0774.jpg,hello_person_from,Templated-Meme
sample_0775.jpg,/path/to/meme-template-id/Social_Media/random_sampled/sample_0775.jpg,Non-Meme,Non-Meme
sample_0776.jpg,/path/to/meme-template-id/Social_Media/random_sampled/sample_0776.jpg,0-days-without-lenny-simpsons,Templated-Meme
sample_0777.jpg,/path/to/meme-template-id/Social_Media/random_sampled/sample_0777.jpg,happy-then-sad,Templated-Meme
sample_0778.jpg,/path/to/meme-template-id/Social_Media/random_sampled/sample_0778.jpg,0-days-without-lenny-simpsons,Templated-Meme
sample_0779.jpg,/path/to/meme-template-id/Social_Media/random_sampled/sample_0779.jpg,show-me-the-real,Templated-Meme
sample_0780.jpg,/path/to/meme-template-id/Social_Media/random_sampled/sample_0780.jpg,i-fear-no-man-but-that-thingit-scares-me,Templated-Meme
sample_0781.jpg,/path/to/meme-template-id/Social_Media/random_sampled/sample_0781.jpg,im_tired_boss,Templated-Meme
sample_0782.jpg,/path/to/meme-template-id/Social_Media/random_sampled/sample_0782.jpg,drake_hotline_bling_normal,Templated-Meme
sample_0783.jpg,/path/to/meme-template-id/Social_Media/random_sampled/sample_0783.jpg,0-days-without-lenny-simpsons,Templated-Meme
sample_0784.jpg,/path/to/meme-template-id/Social_Media/random_sampled/sample_0784.jpg,deadpool-surprised,Templated-Meme
sample_0785.jpg,/path/to/meme-template-id/Social_Media/random_sampled/sample_0785.jpg,la-noire-press-x-to-doubt,Templated-Meme
sample_0786.jpg,/path/to/meme-template-id/Social_Media/random_sampled/sample_0786.jpg,guinness_world_record,Templated-Meme
sample_0787.jpg,/path/to/meme-template-id/Social_Media/random_sampled/sample_0787.jpg,modern_problems,Templated-Meme
sample_0788.jpg,/path/to/meme-template-id/Social_Media/random_sampled/sample_0788.jpg,magic_8_ball,Templated-Meme
sample_0789.jpg,/path/to/meme-template-id/Social_Media/random_sampled/sample_0789.jpg,stonks,Templated-Meme
sample_0790.jpg,/path/to/meme-template-id/Social_Media/random_sampled/sample_0790.jpg,babe-please,Templated-Meme
sample_0791.jpg,/path/to/meme-template-id/Social_Media/random_sampled/sample_0791.jpg,why_are_you_gay,Templated-Meme
sample_0792.jpg,/path/to/meme-template-id/Social_Media/random_sampled/sample_0792.jpg,mind_blown_template,Templated-Meme
sample_0793.jpg,/path/to/meme-template-id/Social_Media/random_sampled/sample_0793.jpg,black-girl-wat,Templated-Meme
sample_0794.jpg,/path/to/meme-template-id/Social_Media/random_sampled/sample_0794.jpg,show-me-the-real,Templated-Meme
sample_0795.jpg,/path/to/meme-template-id/Social_Media/random_sampled/sample_0795.jpg,deadpool-surprised,Templated-Meme
sample_0796.jpg,/path/to/meme-template-id/Social_Media/random_sampled/sample_0796.jpg,nobody-absolutely-no-one,Templated-Meme
sample_0797.jpg,/path/to/meme-template-id/Social_Media/random_sampled/sample_0797.jpg,0-days-without-lenny-simpsons,Templated-Meme
sample_0798.jpg,/path/to/meme-template-id/Social_Media/random_sampled/sample_0798.jpg,roblox_error_message,Templated-Meme
sample_0799.jpg,/path/to/meme-template-id/Social_Media/random_sampled/sample_0799.jpg,geordi-drake,Templated-Meme
sample_0800.jpg,/path/to/meme-template-id/Social_Media/random_sampled/sample_0800.jpg,hello_person_from,Templated-Meme
sample_0801.jpg,/path/to/meme-template-id/Social_Media/random_sampled/sample_0801.jpg,show-me-the-real,Templated-Meme
sample_0802.jpg,/path/to/meme-template-id/Social_Media/random_sampled/sample_0802.jpg,la-noire-press-x-to-doubt,Templated-Meme
sample_0803.jpg,/path/to/meme-template-id/Social_Media/random_sampled/sample_0803.jpg,beggar,Templated-Meme
sample_0804.jpg,/path/to/meme-template-id/Social_Media/random_sampled/sample_0804.jpg,black_background,Templated-Meme
sample_0805.jpg,/path/to/meme-template-id/Social_Media/random_sampled/sample_0805.jpg,Non-Meme,Non-Meme
sample_0806.jpg,/path/to/meme-template-id/Social_Media/random_sampled/sample_0806.jpg,deadpool-surprised,Templated-Meme
sample_0807.jpg,/path/to/meme-template-id/Social_Media/random_sampled/sample_0807.jpg,galaxy-brain-3-brains,Templated-Meme
sample_0808.jpg,/path/to/meme-template-id/Social_Media/random_sampled/sample_0808.jpg,la-noire-press-x-to-doubt,Templated-Meme
sample_0809.jpg,/path/to/meme-template-id/Social_Media/random_sampled/sample_0809.jpg,la-noire-press-x-to-doubt,Templated-Meme
sample_0810.jpg,/path/to/meme-template-id/Social_Media/random_sampled/sample_0810.jpg,0-days-without-lenny-simpsons,Templated-Meme
sample_0811.jpg,/path/to/meme-template-id/Social_Media/random_sampled/sample_0811.jpg,0-days-without-lenny-simpsons,Templated-Meme
sample_0812.jpg,/path/to/meme-template-id/Social_Media/random_sampled/sample_0812.jpg,0-days-without-lenny-simpsons,Templated-Meme
sample_0813.jpg,/path/to/meme-template-id/Social_Media/random_sampled/sample_0813.jpg,genie_rules_meme,Templated-Meme
sample_0814.jpg,/path/to/meme-template-id/Social_Media/random_sampled/sample_0814.jpg,sweating-bullets,Templated-Meme
sample_0815.jpg,/path/to/meme-template-id/Social_Media/random_sampled/sample_0815.jpg,i-fear-no-man-but-that-thingit-scares-me,Templated-Meme
sample_0816.jpg,/path/to/meme-template-id/Social_Media/random_sampled/sample_0816.jpg,blank_comic_panel_2x2,Templated-Meme
sample_0817.jpg,/path/to/meme-template-id/Social_Media/random_sampled/sample_0817.jpg,Non-Meme,Non-Meme
sample_0818.jpg,/path/to/meme-template-id/Social_Media/random_sampled/sample_0818.jpg,nobody-absolutely-no-one,Templated-Meme
sample_0819.jpg,/path/to/meme-template-id/Social_Media/random_sampled/sample_0819.jpg,so-you-have-chosen-death,Templated-Meme
sample_0820.jpg,/path/to/meme-template-id/Social_Media/random_sampled/sample_0820.jpg,look-how-they-massacred-my-boy,Templated-Meme
sample_0821.jpg,/path/to/meme-template-id/Social_Media/random_sampled/sample_0821.jpg,what_my_friends_think_i_do,Templated-Meme
sample_0822.jpg,/path/to/meme-template-id/Social_Media/random_sampled/sample_0822.jpg,0-days-without-lenny-simpsons,Templated-Meme
sample_0823.jpg,/path/to/meme-template-id/Social_Media/random_sampled/sample_0823.jpg,0-days-without-lenny-simpsons,Templated-Meme
sample_0824.jpg,/path/to/meme-template-id/Social_Media/random_sampled/sample_0824.jpg,lisa-simpsons-presentation,Templated-Meme
sample_0825.jpg,/path/to/meme-template-id/Social_Media/random_sampled/sample_0825.jpg,show-me-the-real,Templated-Meme
sample_0826.jpg,/path/to/meme-template-id/Social_Media/random_sampled/sample_0826.jpg,0-days-without-lenny-simpsons,Templated-Meme
sample_0827.jpg,/path/to/meme-template-id/Social_Media/random_sampled/sample_0827.jpg,blank_meme_template,Templated-Meme
sample_0828.jpg,/path/to/meme-template-id/Social_Media/random_sampled/sample_0828.jpg,two-buttons,Templated-Meme
sample_0829.jpg,/path/to/meme-template-id/Social_Media/random_sampled/sample_0829.jpg,avengers_assemble,Templated-Meme
sample_0830.jpg,/path/to/meme-template-id/Social_Media/random_sampled/sample_0830.jpg,left-exit-12-off-ramp,Templated-Meme
sample_0831.jpg,/path/to/meme-template-id/Social_Media/random_sampled/sample_0831.jpg,0-days-without-lenny-simpsons,Templated-Meme
sample_0832.jpg,/path/to/meme-template-id/Social_Media/random_sampled/sample_0832.jpg,0-days-without-lenny-simpsons,Templated-Meme
sample_0833.jpg,/path/to/meme-template-id/Social_Media/random_sampled/sample_0833.jpg,s06_grus_plan_four_five_panel,Templated-Meme
sample_0834.jpg,/path/to/meme-template-id/Social_Media/random_sampled/sample_0834.jpg,blank_t_shirt,Templated-Meme
sample_0835.jpg,/path/to/meme-template-id/Social_Media/random_sampled/sample_0835.jpg,for-dummies-book,Templated-Meme
sample_0836.jpg,/path/to/meme-template-id/Social_Media/random_sampled/sample_0836.jpg,Non-Meme,Non-Meme
sample_0837.jpg,/path/to/meme-template-id/Social_Media/random_sampled/sample_0837.jpg,the-more-you-know,Templated-Meme
sample_0838.jpg,/path/to/meme-template-id/Social_Media/random_sampled/sample_0838.jpg,sweating-bullets,Templated-Meme
sample_0839.jpg,/path/to/meme-template-id/Social_Media/random_sampled/sample_0839.jpg,0-days-without-lenny-simpsons,Templated-Meme
sample_0840.jpg,/path/to/meme-template-id/Social_Media/random_sampled/sample_0840.jpg,happy-then-sad,Templated-Meme
sample_0841.jpg,/path/to/meme-template-id/Social_Media/random_sampled/sample_0841.jpg,guess-ill-die,Templated-Meme
sample_0842.jpg,/path/to/meme-template-id/Social_Media/random_sampled/sample_0842.jpg,happy-then-sad,Templated-Meme
sample_0843.jpg,/path/to/meme-template-id/Social_Media/random_sampled/sample_0843.jpg,show-me-the-real,Templated-Meme
sample_0844.jpg,/path/to/meme-template-id/Social_Media/random_sampled/sample_0844.jpg,sad_wojak_cycle,Templated-Meme
sample_0845.jpg,/path/to/meme-template-id/Social_Media/random_sampled/sample_0845.jpg,damn_i_kinda_dont_meme,Templated-Meme
sample_0846.jpg,/path/to/meme-template-id/Social_Media/random_sampled/sample_0846.jpg,the-more-you-know,Templated-Meme
sample_0847.jpg,/path/to/meme-template-id/Social_Media/random_sampled/sample_0847.jpg,0-days-without-lenny-simpsons,Templated-Meme
sample_0848.jpg,/path/to/meme-template-id/Social_Media/random_sampled/sample_0848.jpg,galaxy-brain-3-brains,Templated-Meme
sample_0849.jpg,/path/to/meme-template-id/Social_Media/random_sampled/sample_0849.jpg,it_cant_hurt_you,Templated-Meme
sample_0850.jpg,/path/to/meme-template-id/Social_Media/random_sampled/sample_0850.jpg,you-wouldnt-get-it,Templated-Meme
sample_0851.jpg,/path/to/meme-template-id/Social_Media/random_sampled/sample_0851.jpg,four-horsemen,Templated-Meme
sample_0852.jpg,/path/to/meme-template-id/Social_Media/random_sampled/sample_0852.jpg,0-days-without-lenny-simpsons,Templated-Meme
sample_0853.jpg,/path/to/meme-template-id/Social_Media/random_sampled/sample_0853.jpg,elmo-cocaine,Templated-Meme
sample_0854.jpg,/path/to/meme-template-id/Social_Media/random_sampled/sample_0854.jpg,Non-Meme,Non-Meme
sample_0855.jpg,/path/to/meme-template-id/Social_Media/random_sampled/sample_0855.jpg,right-in-the-childhood,Templated-Meme
sample_0856.jpg,/path/to/meme-template-id/Social_Media/random_sampled/sample_0856.jpg,look-marge,Templated-Meme
sample_0857.jpg,/path/to/meme-template-id/Social_Media/random_sampled/sample_0857.jpg,0-days-without-lenny-simpsons,Templated-Meme
sample_0858.jpg,/path/to/meme-template-id/Social_Media/random_sampled/sample_0858.jpg,make_your_own_meme,Templated-Meme
sample_0859.jpg,/path/to/meme-template-id/Social_Media/random_sampled/sample_0859.jpg,nobody-absolutely-no-one,Templated-Meme
sample_0860.jpg,/path/to/meme-template-id/Social_Media/random_sampled/sample_0860.jpg,black_background,Templated-Meme
sample_0861.jpg,/path/to/meme-template-id/Social_Media/random_sampled/sample_0861.jpg,shocked-black-guy,Templated-Meme
sample_0862.jpg,/path/to/meme-template-id/Social_Media/random_sampled/sample_0862.jpg,deadpool-surprised,Templated-Meme
sample_0863.jpg,/path/to/meme-template-id/Social_Media/random_sampled/sample_0863.jpg,sweating-bullets,Templated-Meme
sample_0864.jpg,/path/to/meme-template-id/Social_Media/random_sampled/sample_0864.jpg,0-days-without-lenny-simpsons,Templated-Meme
sample_0865.jpg,/path/to/meme-template-id/Social_Media/random_sampled/sample_0865.jpg,0-days-without-lenny-simpsons,Templated-Meme
sample_0866.jpg,/path/to/meme-template-id/Social_Media/random_sampled/sample_0866.jpg,happy-then-sad,Templated-Meme
sample_0867.jpg,/path/to/meme-template-id/Social_Media/random_sampled/sample_0867.jpg,pink-guy-vs-bane,Templated-Meme
sample_0868.jpg,/path/to/meme-template-id/Social_Media/random_sampled/sample_0868.jpg,0-days-without-lenny-simpsons,Templated-Meme
sample_0869.jpg,/path/to/meme-template-id/Social_Media/random_sampled/sample_0869.jpg,black-girl-wat,Templated-Meme
sample_0870.jpg,/path/to/meme-template-id/Social_Media/random_sampled/sample_0870.jpg,tuxedo-winnie-the-pooh-3-panel,Templated-Meme
sample_0871.jpg,/path/to/meme-template-id/Social_Media/random_sampled/sample_0871.jpg,0-days-without-lenny-simpsons,Templated-Meme
sample_0872.jpg,/path/to/meme-template-id/Social_Media/random_sampled/sample_0872.jpg,la-noire-press-x-to-doubt,Templated-Meme
sample_0873.jpg,/path/to/meme-template-id/Social_Media/random_sampled/sample_0873.jpg,make_your_own_meme,Templated-Meme
sample_0874.jpg,/path/to/meme-template-id/Social_Media/random_sampled/sample_0874.jpg,0-days-without-lenny-simpsons,Templated-Meme
sample_0875.jpg,/path/to/meme-template-id/Social_Media/random_sampled/sample_0875.jpg,deadpool-surprised,Templated-Meme
sample_0876.jpg,/path/to/meme-template-id/Social_Media/random_sampled/sample_0876.jpg,magic_8_ball,Templated-Meme
sample_0877.jpg,/path/to/meme-template-id/Social_Media/random_sampled/sample_0877.jpg,nobody-absolutely-no-one,Templated-Meme
sample_0878.jpg,/path/to/meme-template-id/Social_Media/random_sampled/sample_0878.jpg,0-days-without-lenny-simpsons,Templated-Meme
sample_0879.jpg,/path/to/meme-template-id/Social_Media/random_sampled/sample_0879.jpg,0-days-without-lenny-simpsons,Templated-Meme
sample_0880.jpg,/path/to/meme-template-id/Social_Media/random_sampled/sample_0880.jpg,nobody-absolutely-no-one,Templated-Meme
sample_0881.jpg,/path/to/meme-template-id/Social_Media/random_sampled/sample_0881.jpg,expanding-brain-5-panel,Templated-Meme
sample_0882.jpg,/path/to/meme-template-id/Social_Media/random_sampled/sample_0882.jpg,nobody-absolutely-no-one,Templated-Meme
sample_0883.jpg,/path/to/meme-template-id/Social_Media/random_sampled/sample_0883.jpg,dont-make-me-tap-the-sign,Templated-Meme
sample_0884.jpg,/path/to/meme-template-id/Social_Media/random_sampled/sample_0884.jpg,guess-ill-die,Templated-Meme
sample_0885.jpg,/path/to/meme-template-id/Social_Media/random_sampled/sample_0885.jpg,show-me-the-real,Templated-Meme
sample_0886.jpg,/path/to/meme-template-id/Social_Media/random_sampled/sample_0886.jpg,la-noire-press-x-to-doubt,Templated-Meme
sample_0887.jpg,/path/to/meme-template-id/Social_Media/random_sampled/sample_0887.jpg,0-days-without-lenny-simpsons,Templated-Meme
sample_0888.jpg,/path/to/meme-template-id/Social_Media/random_sampled/sample_0888.jpg,monkey-looking-away,Templated-Meme
sample_0889.jpg,/path/to/meme-template-id/Social_Media/random_sampled/sample_0889.jpg,0-days-without-lenny-simpsons,Templated-Meme
sample_0890.jpg,/path/to/meme-template-id/Social_Media/random_sampled/sample_0890.jpg,superman_starman_meme,Templated-Meme
sample_0891.jpg,/path/to/meme-template-id/Social_Media/random_sampled/sample_0891.jpg,look-how-they-massacred-my-boy,Templated-Meme
sample_0892.jpg,/path/to/meme-template-id/Social_Media/random_sampled/sample_0892.jpg,0-days-without-lenny-simpsons,Templated-Meme
sample_0893.jpg,/path/to/meme-template-id/Social_Media/random_sampled/sample_0893.jpg,magic_8_ball,Templated-Meme
sample_0894.jpg,/path/to/meme-template-id/Social_Media/random_sampled/sample_0894.jpg,0-days-without-lenny-simpsons,Templated-Meme
sample_0895.jpg,/path/to/meme-template-id/Social_Media/random_sampled/sample_0895.jpg,nobody-absolutely-no-one,Templated-Meme
sample_0896.jpg,/path/to/meme-template-id/Social_Media/random_sampled/sample_0896.jpg,crying-wojak-vs-chad,Templated-Meme
sample_0897.jpg,/path/to/meme-template-id/Social_Media/random_sampled/sample_0897.jpg,blank_comic_panel_2x1,Templated-Meme
sample_0898.jpg,/path/to/meme-template-id/Social_Media/random_sampled/sample_0898.jpg,sad_wojak_cycle,Templated-Meme
sample_0899.jpg,/path/to/meme-template-id/Social_Media/random_sampled/sample_0899.jpg,inside-you-there-are-two-wolves,Templated-Meme
sample_0900.jpg,/path/to/meme-template-id/Social_Media/random_sampled/sample_0900.jpg,magic_8_ball,Templated-Meme
sample_0901.jpg,/path/to/meme-template-id/Social_Media/random_sampled/sample_0901.jpg,i-hate-the-antichrist,Templated-Meme
sample_0902.jpg,/path/to/meme-template-id/Social_Media/random_sampled/sample_0902.jpg,spiderman-presentation,Templated-Meme
sample_0903.jpg,/path/to/meme-template-id/Social_Media/random_sampled/sample_0903.jpg,challenge-accepted-rage-face,Templated-Meme
sample_0904.jpg,/path/to/meme-template-id/Social_Media/random_sampled/sample_0904.jpg,nobody-absolutely-no-one,Templated-Meme
sample_0905.jpg,/path/to/meme-template-id/Social_Media/random_sampled/sample_0905.jpg,0-days-without-lenny-simpsons,Templated-Meme
sample_0906.jpg,/path/to/meme-template-id/Social_Media/random_sampled/sample_0906.jpg,0-days-without-lenny-simpsons,Templated-Meme
sample_0907.jpg,/path/to/meme-template-id/Social_Media/random_sampled/sample_0907.jpg,crosseyed-goku,Templated-Meme
sample_0908.jpg,/path/to/meme-template-id/Social_Media/random_sampled/sample_0908.jpg,look-how-they-massacred-my-boy,Templated-Meme
sample_0909.jpg,/path/to/meme-template-id/Social_Media/random_sampled/sample_0909.jpg,magic_8_ball,Templated-Meme
sample_0910.jpg,/path/to/meme-template-id/Social_Media/random_sampled/sample_0910.jpg,0-days-without-lenny-simpsons,Templated-Meme
sample_0911.jpg,/path/to/meme-template-id/Social_Media/random_sampled/sample_0911.jpg,0-days-without-lenny-simpsons,Templated-Meme
sample_0912.jpg,/path/to/meme-template-id/Social_Media/random_sampled/sample_0912.jpg,0-days-without-lenny-simpsons,Templated-Meme
sample_0913.jpg,/path/to/meme-template-id/Social_Media/random_sampled/sample_0913.jpg,0-days-without-lenny-simpsons,Templated-Meme
sample_0914.jpg,/path/to/meme-template-id/Social_Media/random_sampled/sample_0914.jpg,black_box_meme,Templated-Meme
sample_0915.jpg,/path/to/meme-template-id/Social_Media/random_sampled/sample_0915.jpg,la-noire-press-x-to-doubt,Templated-Meme
sample_0916.jpg,/path/to/meme-template-id/Social_Media/random_sampled/sample_0916.jpg,elmo-fire,Templated-Meme
sample_0917.jpg,/path/to/meme-template-id/Social_Media/random_sampled/sample_0917.jpg,kim_jong_un_sad,Templated-Meme
sample_0918.jpg,/path/to/meme-template-id/Social_Media/random_sampled/sample_0918.jpg,0-days-without-lenny-simpsons,Templated-Meme
sample_0919.jpg,/path/to/meme-template-id/Social_Media/random_sampled/sample_0919.jpg,sad_wojak_cycle,Templated-Meme
sample_0920.jpg,/path/to/meme-template-id/Social_Media/random_sampled/sample_0920.jpg,nobody-absolutely-no-one,Templated-Meme
sample_0921.jpg,/path/to/meme-template-id/Social_Media/random_sampled/sample_0921.jpg,0-days-without-lenny-simpsons,Templated-Meme
sample_0922.jpg,/path/to/meme-template-id/Social_Media/random_sampled/sample_0922.jpg,magic_8_ball,Templated-Meme
sample_0923.jpg,/path/to/meme-template-id/Social_Media/random_sampled/sample_0923.jpg,0-days-without-lenny-simpsons,Templated-Meme
sample_0924.jpg,/path/to/meme-template-id/Social_Media/random_sampled/sample_0924.jpg,nobody-absolutely-no-one,Templated-Meme
sample_0925.jpg,/path/to/meme-template-id/Social_Media/random_sampled/sample_0925.jpg,no_i_dont_think_i_will,Templated-Meme
sample_0926.jpg,/path/to/meme-template-id/Social_Media/random_sampled/sample_0926.jpg,nobody-absolutely-no-one,Templated-Meme
sample_0927.jpg,/path/to/meme-template-id/Social_Media/random_sampled/sample_0927.jpg,0-days-without-lenny-simpsons,Templated-Meme
sample_0928.jpg,/path/to/meme-template-id/Social_Media/random_sampled/sample_0928.jpg,superior-royalty,Templated-Meme
sample_0929.jpg,/path/to/meme-template-id/Social_Media/random_sampled/sample_0929.jpg,comparison-table,Templated-Meme
sample_0930.jpg,/path/to/meme-template-id/Social_Media/random_sampled/sample_0930.jpg,0-days-without-lenny-simpsons,Templated-Meme
sample_0931.jpg,/path/to/meme-template-id/Social_Media/random_sampled/sample_0931.jpg,pouring_gas_on_fire,Templated-Meme
sample_0932.jpg,/path/to/meme-template-id/Social_Media/random_sampled/sample_0932.jpg,avengers_assemble,Templated-Meme
sample_0933.jpg,/path/to/meme-template-id/Social_Media/random_sampled/sample_0933.jpg,0-days-without-lenny-simpsons,Templated-Meme
sample_0934.jpg,/path/to/meme-template-id/Social_Media/random_sampled/sample_0934.jpg,0-days-without-lenny-simpsons,Templated-Meme
sample_0935.jpg,/path/to/meme-template-id/Social_Media/random_sampled/sample_0935.jpg,jackie-chan-wtf,Templated-Meme
sample_0936.jpg,/path/to/meme-template-id/Social_Media/random_sampled/sample_0936.jpg,Non-Meme,Non-Meme
sample_0937.jpg,/path/to/meme-template-id/Social_Media/random_sampled/sample_0937.jpg,0-days-without-lenny-simpsons,Templated-Meme
sample_0938.jpg,/path/to/meme-template-id/Social_Media/random_sampled/sample_0938.jpg,beggar,Templated-Meme
sample_0939.jpg,/path/to/meme-template-id/Social_Media/random_sampled/sample_0939.jpg,nobody-absolutely-no-one,Templated-Meme
sample_0940.jpg,/path/to/meme-template-id/Social_Media/random_sampled/sample_0940.jpg,Non-Meme,Non-Meme
sample_0941.jpg,/path/to/meme-template-id/Social_Media/random_sampled/sample_0941.jpg,the-more-you-know,Templated-Meme
sample_0942.jpg,/path/to/meme-template-id/Social_Media/random_sampled/sample_0942.jpg,0-days-without-lenny-simpsons,Templated-Meme
sample_0943.jpg,/path/to/meme-template-id/Social_Media/random_sampled/sample_0943.jpg,pepe_holding_sign,Templated-Meme
sample_0944.jpg,/path/to/meme-template-id/Social_Media/random_sampled/sample_0944.jpg,ben-affleck-smoking,Templated-Meme
sample_0945.jpg,/path/to/meme-template-id/Social_Media/random_sampled/sample_0945.jpg,willem_dafoe_looking_up,Templated-Meme
sample_0946.jpg,/path/to/meme-template-id/Social_Media/random_sampled/sample_0946.jpg,0-days-without-lenny-simpsons,Templated-Meme
sample_0947.jpg,/path/to/meme-template-id/Social_Media/random_sampled/sample_0947.jpg,pepe-the-frog,Templated-Meme
sample_0948.jpg,/path/to/meme-template-id/Social_Media/random_sampled/sample_0948.jpg,0-days-without-lenny-simpsons,Templated-Meme
sample_0949.jpg,/path/to/meme-template-id/Social_Media/random_sampled/sample_0949.jpg,avengers_assemble,Templated-Meme
sample_0950.jpg,/path/to/meme-template-id/Social_Media/random_sampled/sample_0950.jpg,0-days-without-lenny-simpsons,Templated-Meme
sample_0951.jpg,/path/to/meme-template-id/Social_Media/random_sampled/sample_0951.jpg,blank_t_shirt,Templated-Meme
sample_0952.jpg,/path/to/meme-template-id/Social_Media/random_sampled/sample_0952.jpg,comparison-table,Templated-Meme
sample_0953.jpg,/path/to/meme-template-id/Social_Media/random_sampled/sample_0953.jpg,look-how-they-massacred-my-boy,Templated-Meme
sample_0954.jpg,/path/to/meme-template-id/Social_Media/random_sampled/sample_0954.jpg,anakin-kills-younglings,Templated-Meme
sample_0955.jpg,/path/to/meme-template-id/Social_Media/random_sampled/sample_0955.jpg,0-days-without-lenny-simpsons,Templated-Meme
sample_0956.jpg,/path/to/meme-template-id/Social_Media/random_sampled/sample_0956.jpg,la-noire-press-x-to-doubt,Templated-Meme
sample_0957.jpg,/path/to/meme-template-id/Social_Media/random_sampled/sample_0957.jpg,0-days-without-lenny-simpsons,Templated-Meme
sample_0958.jpg,/path/to/meme-template-id/Social_Media/random_sampled/sample_0958.jpg,magic_8_ball,Templated-Meme
sample_0959.jpg,/path/to/meme-template-id/Social_Media/random_sampled/sample_0959.jpg,look-marge,Templated-Meme
sample_0960.jpg,/path/to/meme-template-id/Social_Media/random_sampled/sample_0960.jpg,damn_i_kinda_dont_meme,Templated-Meme
sample_0961.jpg,/path/to/meme-template-id/Social_Media/random_sampled/sample_0961.jpg,0-days-without-lenny-simpsons,Templated-Meme
sample_0962.jpg,/path/to/meme-template-id/Social_Media/random_sampled/sample_0962.jpg,lisa-simpsons-presentation,Templated-Meme
sample_0963.jpg,/path/to/meme-template-id/Social_Media/random_sampled/sample_0963.jpg,Non-Meme,Non-Meme
sample_0964.jpg,/path/to/meme-template-id/Social_Media/random_sampled/sample_0964.jpg,look-how-they-massacred-my-boy,Templated-Meme
sample_0965.jpg,/path/to/meme-template-id/Social_Media/random_sampled/sample_0965.jpg,la-noire-press-x-to-doubt,Templated-Meme
sample_0966.jpg,/path/to/meme-template-id/Social_Media/random_sampled/sample_0966.jpg,free,Templated-Meme
sample_0967.jpg,/path/to/meme-template-id/Social_Media/random_sampled/sample_0967.jpg,goku_staring,Templated-Meme
sample_0968.jpg,/path/to/meme-template-id/Social_Media/random_sampled/sample_0968.jpg,crying-wojak-vs-chad,Templated-Meme
sample_0969.jpg,/path/to/meme-template-id/Social_Media/random_sampled/sample_0969.jpg,la-noire-press-x-to-doubt,Templated-Meme
sample_0970.jpg,/path/to/meme-template-id/Social_Media/random_sampled/sample_0970.jpg,0-days-without-lenny-simpsons,Templated-Meme
sample_0971.jpg,/path/to/meme-template-id/Social_Media/random_sampled/sample_0971.jpg,geordi-drake,Templated-Meme
sample_0972.jpg,/path/to/meme-template-id/Social_Media/random_sampled/sample_0972.jpg,spiderman-presentation,Templated-Meme
sample_0973.jpg,/path/to/meme-template-id/Social_Media/random_sampled/sample_0973.jpg,0-days-without-lenny-simpsons,Templated-Meme
sample_0974.jpg,/path/to/meme-template-id/Social_Media/random_sampled/sample_0974.jpg,0-days-without-lenny-simpsons,Templated-Meme
sample_0975.jpg,/path/to/meme-template-id/Social_Media/random_sampled/sample_0975.jpg,0-days-without-lenny-simpsons,Templated-Meme
sample_0976.jpg,/path/to/meme-template-id/Social_Media/random_sampled/sample_0976.jpg,chuck-norris-flex,Templated-Meme
sample_0977.jpg,/path/to/meme-template-id/Social_Media/random_sampled/sample_0977.jpg,nuclear-explosion,Templated-Meme
sample_0978.jpg,/path/to/meme-template-id/Social_Media/random_sampled/sample_0978.jpg,0-days-without-lenny-simpsons,Templated-Meme
sample_0979.jpg,/path/to/meme-template-id/Social_Media/random_sampled/sample_0979.jpg,crazy_dawg,Templated-Meme
sample_0980.jpg,/path/to/meme-template-id/Social_Media/random_sampled/sample_0980.jpg,magic_8_ball,Templated-Meme
sample_0981.jpg,/path/to/meme-template-id/Social_Media/random_sampled/sample_0981.jpg,0-days-without-lenny-simpsons,Templated-Meme
sample_0982.jpg,/path/to/meme-template-id/Social_Media/random_sampled/sample_0982.jpg,im_doing_my_part,Templated-Meme
sample_0983.jpg,/path/to/meme-template-id/Social_Media/random_sampled/sample_0983.jpg,sad_wojak_cycle,Templated-Meme
sample_0984.jpg,/path/to/meme-template-id/Social_Media/random_sampled/sample_0984.jpg,nobody-absolutely-no-one,Templated-Meme
sample_0985.jpg,/path/to/meme-template-id/Social_Media/random_sampled/sample_0985.jpg,Non-Meme,Non-Meme
sample_0986.jpg,/path/to/meme-template-id/Social_Media/random_sampled/sample_0986.jpg,sweating-bullets,Templated-Meme
sample_0987.jpg,/path/to/meme-template-id/Social_Media/random_sampled/sample_0987.jpg,0-days-without-lenny-simpsons,Templated-Meme
sample_0988.jpg,/path/to/meme-template-id/Social_Media/random_sampled/sample_0988.jpg,matt_damon_gets_older,Templated-Meme
sample_0989.jpg,/path/to/meme-template-id/Social_Media/random_sampled/sample_0989.jpg,guess-ill-die,Templated-Meme
sample_0990.jpg,/path/to/meme-template-id/Social_Media/random_sampled/sample_0990.jpg,Non-Meme,Non-Meme
sample_0991.jpg,/path/to/meme-template-id/Social_Media/random_sampled/sample_0991.jpg,la-noire-press-x-to-doubt,Templated-Meme
sample_0992.jpg,/path/to/meme-template-id/Social_Media/random_sampled/sample_0992.jpg,pepe_holding_sign,Templated-Meme
sample_0993.jpg,/path/to/meme-template-id/Social_Media/random_sampled/sample_0993.jpg,galaxy-brain-3-brains,Templated-Meme
sample_0994.jpg,/path/to/meme-template-id/Social_Media/random_sampled/sample_0994.jpg,black_box_meme,Templated-Meme
sample_0995.jpg,/path/to/meme-template-id/Social_Media/random_sampled/sample_0995.jpg,nobody-absolutely-no-one,Templated-Meme
sample_0996.jpg,/path/to/meme-template-id/Social_Media/random_sampled/sample_0996.jpg,look-marge,Templated-Meme
sample_0997.jpg,/path/to/meme-template-id/Social_Media/random_sampled/sample_0997.jpg,mega-rage-face,Templated-Meme
sample_0998.jpg,/path/to/meme-template-id/Social_Media/random_sampled/sample_0998.jpg,black_background,Templated-Meme
sample_0999.jpg,/path/to/meme-template-id/Social_Media/random_sampled/sample_0999.jpg,magic_8_ball,Templated-Meme
sample_1000.jpg,/path/to/meme-template-id/Social_Media/random_sampled/sample_1000.jpg,black_background,Templated-Meme
