sample_id,image_path,pred_label,pred_class,pred_cluster,centroid_cosine
sample_0001.jpg,/path/to/meme-template-id/Social_Media/random_sampled/sample_0001.jpg,Template-Free,Template-Free,14228,0.99966604
sample_0002.jpg,/path/to/meme-template-id/Social_Media/random_sampled/sample_0002.jpg,Template-Free,Template-Free,13561,0.9971401
sample_0003.jpg,/path/to/meme-template-id/Social_Media/random_sampled/sample_0003.jpg,scumbag-redditor,Templated-Meme,12891,0.98860914
sample_0004.jpg,/path/to/meme-template-id/Social_Media/random_sampled/sample_0004.jpg,Template-Free,Template-Free,13722,1.0000082
sample_0005.jpg,/path/to/meme-template-id/Social_Media/random_sampled/sample_0005.jpg,Template-Free,Template-Free,580,0.9998836
sample_0006.jpg,/path/to/meme-template-id/Social_Media/random_sampled/sample_0006.jpg,mental_gymnastics,Templated-Meme,14742,0.9981839
sample_0007.jpg,/path/to/meme-template-id/Social_Media/random_sampled/sample_0007.jpg,Template-Free,Template-Free,2073,0.9999033
sample_0008.jpg,/path/to/meme-template-id/Social_Media/random_sampled/sample_0008.jpg,Template-Free,Template-Free,5444,0.9430835
sample_0009.jpg,/path/to/meme-template-id/Social_Media/random_sampled/sample_0009.jpg,Template-Free,Template-Free,2314,0.9693696
sample_0010.jpg,/path/to/meme-template-id/Social_Media/random_sampled/sample_0010.jpg,you_made_thisi_made_this,Templated-Meme,6730,0.99913585
sample_0011.jpg,/path/to/meme-template-id/Social_Media/random_sampled/sample_0011.jpg,meme-man,Templated-Meme,3849,0.9973549
sample_0012.jpg,/path/to/meme-template-id/Social_Media/random_sampled/sample_0012.jpg,Non-Meme,Non-Meme,13332,0.9991857
sample_0013.jpg,/path/to/meme-template-id/Social_Media/random_sampled/sample_0013.jpg,Template-Free,Template-Free,6677,0.95863104
sample_0014.jpg,/path/to/meme-template-id/Social_Media/random_sampled/sample_0014.jpg,Template-Free,Template-Free,11350,0.99369264
sample_0015.jpg,/path/to/meme-template-id/Social_Media/random_sampled/sample_0015.jpg,Template-Free,Template-Free,12863,0.9940817
sample_0016.jpg,/path/to/meme-template-id/Social_Media/random_sampled/sample_0016.jpg,Template-Free,Template-Free,11241,0.99850076
sample_0017.jpg,/path/to/meme-template-id/Social_Media/random_sampled/sample_0017.jpg,scared-kid,Templated-Meme,10252,0.98788023
sample_0018.jpg,/path/to/meme-template-id/Social_Media/random_sampled/sample_0018.jpg,Template-Free,Template-Free,14557,0.9968253
sample_0019.jpg,/path/to/meme-template-id/Social_Media/random_sampled/sample_0019.jpg,Template-Free,Template-Free,2673,0.9932259
sample_0020.jpg,/path/to/meme-template-id/Social_Media/random_sampled/sample_0020.jpg,Template-Free,Template-Free,3454,0.995745
sample_0021.jpg,/path/to/meme-template-id/Social_Media/random_sampled/sample_0021.jpg,Template-Free,Template-Free,12106,0.99863607
sample_0022.jpg,/path/to/meme-template-id/Social_Media/random_sampled/sample_0022.jpg,Template-Free,Template-Free,5961,0.9827983
sample_0023.jpg,/path/to/meme-template-id/Social_Media/random_sampled/sample_0023.jpg,Template-Free,Template-Free,10065,0.9994882
sample_0024.jpg,/path/to/meme-template-id/Social_Media/random_sampled/sample_0024.jpg,Template-Free,Template-Free,10602,0.9782915
sample_0025.jpg,/path/to/meme-template-id/Social_Media/random_sampled/sample_0025.jpg,gaga_baby,Templated-Meme,8997,0.9914986
sample_0026.jpg,/path/to/meme-template-id/Social_Media/random_sampled/sample_0026.jpg,Non-Meme,Non-Meme,14571,0.99961025
sample_0027.jpg,/path/to/meme-template-id/Social_Media/random_sampled/sample_0027.jpg,Template-Free,Template-Free,7481,0.9868921
sample_0028.jpg,/path/to/meme-template-id/Social_Media/random_sampled/sample_0028.jpg,Template-Free,Template-Free,6972,0.99957573
sample_0029.jpg,/path/to/meme-template-id/Social_Media/random_sampled/sample_0029.jpg,floating-boy-chasing-running-boy,Templated-Meme,4651,0.99955153
sample_0030.jpg,/path/to/meme-template-id/Social_Media/random_sampled/sample_0030.jpg,Template-Free,Template-Free,14225,0.9959388
sample_0031.jpg,/path/to/meme-template-id/Social_Media/random_sampled/sample_0031.jpg,Template-Free,Template-Free,14390,0.9995913
sample_0032.jpg,/path/to/meme-template-id/Social_Media/random_sampled/sample_0032.jpg,Template-Free,Template-Free,7420,0.97802514
sample_0033.jpg,/path/to/meme-template-id/Social_Media/random_sampled/sample_0033.jpg,Non-Meme,Non-Meme,1065,0.999836
sample_0034.jpg,/path/to/meme-template-id/Social_Media/random_sampled/sample_0034.jpg,Template-Free,Template-Free,13662,0.9889495
sample_0035.jpg,/path/to/meme-template-id/Social_Media/random_sampled/sample_0035.jpg,patrick-to-do-list-actually-blank,Templated-Meme,13480,0.99823284
sample_0036.jpg,/path/to/meme-template-id/Social_Media/random_sampled/sample_0036.jpg,Template-Free,Template-Free,9693,0.9951603
sample_0037.jpg,/path/to/meme-template-id/Social_Media/random_sampled/sample_0037.jpg,Non-Meme,Non-Meme,12895,0.997782
sample_0038.jpg,/path/to/meme-template-id/Social_Media/random_sampled/sample_0038.jpg,Template-Free,Template-Free,8921,0.98664796
sample_0039.jpg,/path/to/meme-template-id/Social_Media/random_sampled/sample_0039.jpg,Template-Free,Template-Free,14304,0.99879766
sample_0040.jpg,/path/to/meme-template-id/Social_Media/random_sampled/sample_0040.jpg,Template-Free,Template-Free,6230,0.99082065
sample_0041.jpg,/path/to/meme-template-id/Social_Media/random_sampled/sample_0041.jpg,s09_blank_blue_colored_family,Templated-Meme,10464,0.9994965
sample_0042.jpg,/path/to/meme-template-id/Social_Media/random_sampled/sample_0042.jpg,sleeping-squidward,Templated-Meme,7782,0.99848604
sample_0043.jpg,/path/to/meme-template-id/Social_Media/random_sampled/sample_0043.jpg,Non-Meme,Non-Meme,14575,0.9973709
sample_0044.jpg,/path/to/meme-template-id/Social_Media/random_sampled/sample_0044.jpg,Template-Free,Template-Free,9970,0.9843781
sample_0045.jpg,/path/to/meme-template-id/Social_Media/random_sampled/sample_0045.jpg,Template-Free,Template-Free,8992,0.95614314
sample_0046.jpg,/path/to/meme-template-id/Social_Media/random_sampled/sample_0046.jpg,Template-Free,Template-Free,1153,0.9998973
sample_0047.jpg,/path/to/meme-template-id/Social_Media/random_sampled/sample_0047.jpg,Template-Free,Template-Free,12291,0.99258685
sample_0048.jpg,/path/to/meme-template-id/Social_Media/random_sampled/sample_0048.jpg,Template-Free,Template-Free,4281,0.9979408
sample_0049.jpg,/path/to/meme-template-id/Social_Media/random_sampled/sample_0049.jpg,Template-Free,Template-Free,97,0.9999806
sample_0050.jpg,/path/to/meme-template-id/Social_Media/random_sampled/sample_0050.jpg,Template-Free,Template-Free,8763,0.9994483
sample_0051.jpg,/path/to/meme-template-id/Social_Media/random_sampled/sample_0051.jpg,y-u-no,Templated-Meme,6592,0.9833047
sample_0052.jpg,/path/to/meme-template-id/Social_Media/random_sampled/sample_0052.jpg,Template-Free,Template-Free,13582,0.9999697
sample_0053.jpg,/path/to/meme-template-id/Social_Media/random_sampled/sample_0053.jpg,Template-Free,Template-Free,11675,0.9970382
sample_0054.jpg,/path/to/meme-template-id/Social_Media/random_sampled/sample_0054.jpg,Template-Free,Template-Free,5143,0.9696976
sample_0055.jpg,/path/to/meme-template-id/Social_Media/random_sampled/sample_0055.jpg,too-damn-high,Templated-Meme,5511,0.98668694
sample_0056.jpg,/path/to/meme-template-id/Social_Media/random_sampled/sample_0056.jpg,Template-Free,Template-Free,14774,0.9792921
sample_0057.jpg,/path/to/meme-template-id/Social_Media/random_sampled/sample_0057.jpg,Template-Free,Template-Free,8011,0.994332
sample_0058.jpg,/path/to/meme-template-id/Social_Media/random_sampled/sample_0058.jpg,Template-Free,Template-Free,13359,0.9940961
sample_0059.jpg,/path/to/meme-template-id/Social_Media/random_sampled/sample_0059.jpg,woman-yelling-at-cat,Templated-Meme,1709,0.9934781
sample_0060.jpg,/path/to/meme-template-id/Social_Media/random_sampled/sample_0060.jpg,steve-buscemi-fellow-kids,Templated-Meme,10162,0.9968321
sample_0061.jpg,/path/to/meme-template-id/Social_Media/random_sampled/sample_0061.jpg,Template-Free,Template-Free,6189,0.9714552
sample_0062.jpg,/path/to/meme-template-id/Social_Media/random_sampled/sample_0062.jpg,mr-incredible-uncanny,Templated-Meme,12596,0.99957937
sample_0063.jpg,/path/to/meme-template-id/Social_Media/random_sampled/sample_0063.jpg,Template-Free,Template-Free,14751,0.99987555
sample_0064.jpg,/path/to/meme-template-id/Social_Media/random_sampled/sample_0064.jpg,mr-incredible-uncanny,Templated-Meme,12597,0.9994138
sample_0065.jpg,/path/to/meme-template-id/Social_Media/random_sampled/sample_0065.jpg,Template-Free,Template-Free,9843,0.9802594
sample_0066.jpg,/path/to/meme-template-id/Social_Media/random_sampled/sample_0066.jpg,Template-Free,Template-Free,5991,0.9730168
sample_0067.jpg,/path/to/meme-template-id/Social_Media/random_sampled/sample_0067.jpg,Template-Free,Template-Free,8445,0.978148
sample_0068.jpg,/path/to/meme-template-id/Social_Media/random_sampled/sample_0068.jpg,Template-Free,Template-Free,11030,0.992497
sample_0069.jpg,/path/to/meme-template-id/Social_Media/random_sampled/sample_0069.jpg,Template-Free,Template-Free,9998,0.9668474
sample_0070.jpg,/path/to/meme-template-id/Social_Media/random_sampled/sample_0070.jpg,Template-Free,Template-Free,8947,0.9741921
sample_0071.jpg,/path/to/meme-template-id/Social_Media/random_sampled/sample_0071.jpg,Template-Free,Template-Free,4,0.999896
sample_0072.jpg,/path/to/meme-template-id/Social_Media/random_sampled/sample_0072.jpg,Template-Free,Template-Free,13908,0.99532837
sample_0073.jpg,/path/to/meme-template-id/Social_Media/random_sampled/sample_0073.jpg,Template-Free,Template-Free,11338,0.9935788
sample_0074.jpg,/path/to/meme-template-id/Social_Media/random_sampled/sample_0074.jpg,Non-Meme,Non-Meme,13713,0.991652
sample_0075.jpg,/path/to/meme-template-id/Social_Media/random_sampled/sample_0075.jpg,bernie-sanders-once-again-asking,Templated-Meme,8238,0.99981964
sample_0076.jpg,/path/to/meme-template-id/Social_Media/random_sampled/sample_0076.jpg,they-dont-know,Templated-Meme,10325,0.9999818
sample_0077.jpg,/path/to/meme-template-id/Social_Media/random_sampled/sample_0077.jpg,Template-Free,Template-Free,13926,0.9920607
sample_0078.jpg,/path/to/meme-template-id/Social_Media/random_sampled/sample_0078.jpg,Template-Free,Template-Free,5424,0.99976903
sample_0079.jpg,/path/to/meme-template-id/Social_Media/random_sampled/sample_0079.jpg,powerpuff-girls-creation,Templated-Meme,3649,0.96134984
sample_0080.jpg,/path/to/meme-template-id/Social_Media/random_sampled/sample_0080.jpg,Template-Free,Template-Free,3494,0.9996691
sample_0081.jpg,/path/to/meme-template-id/Social_Media/random_sampled/sample_0081.jpg,Non-Meme,Non-Meme,7421,0.97901297
sample_0082.jpg,/path/to/meme-template-id/Social_Media/random_sampled/sample_0082.jpg,Template-Free,Template-Free,14764,0.9987865
sample_0083.jpg,/path/to/meme-template-id/Social_Media/random_sampled/sample_0083.jpg,Template-Free,Template-Free,13981,0.9956329
sample_0084.jpg,/path/to/meme-template-id/Social_Media/random_sampled/sample_0084.jpg,tom-the-cat-shooting-himself,Templated-Meme,11909,0.9999225
sample_0085.jpg,/path/to/meme-template-id/Social_Media/random_sampled/sample_0085.jpg,Template-Free,Template-Free,12743,0.9954351
sample_0086.jpg,/path/to/meme-template-id/Social_Media/random_sampled/sample_0086.jpg,Template-Free,Template-Free,5492,0.99384177
sample_0087.jpg,/path/to/meme-template-id/Social_Media/random_sampled/sample_0087.jpg,im_awake_but_at_what_cost,Templated-Meme,10831,0.9929112
sample_0088.jpg,/path/to/meme-template-id/Social_Media/random_sampled/sample_0088.jpg,narcos_waiting_pablo_escobar,Templated-Meme,7027,0.98078984
sample_0089.jpg,/path/to/meme-template-id/Social_Media/random_sampled/sample_0089.jpg,Template-Free,Template-Free,1933,0.9991946
sample_0090.jpg,/path/to/meme-template-id/Social_Media/random_sampled/sample_0090.jpg,Template-Free,Template-Free,10069,0.98781025
sample_0091.jpg,/path/to/meme-template-id/Social_Media/random_sampled/sample_0091.jpg,bestbetter-blurst,Templated-Meme,939,0.9998383
sample_0092.jpg,/path/to/meme-template-id/Social_Media/random_sampled/sample_0092.jpg,Template-Free,Template-Free,10938,0.9870166
sample_0093.jpg,/path/to/meme-template-id/Social_Media/random_sampled/sample_0093.jpg,Template-Free,Template-Free,11446,0.9841996
sample_0094.jpg,/path/to/meme-template-id/Social_Media/random_sampled/sample_0094.jpg,Non-Meme,Non-Meme,14663,0.99785525
sample_0095.jpg,/path/to/meme-template-id/Social_Media/random_sampled/sample_0095.jpg,Template-Free,Template-Free,10249,0.99656975
sample_0096.jpg,/path/to/meme-template-id/Social_Media/random_sampled/sample_0096.jpg,Template-Free,Template-Free,5246,0.97797143
sample_0097.jpg,/path/to/meme-template-id/Social_Media/random_sampled/sample_0097.jpg,Template-Free,Template-Free,8688,0.9839834
sample_0098.jpg,/path/to/meme-template-id/Social_Media/random_sampled/sample_0098.jpg,Template-Free,Template-Free,7220,0.9986173
sample_0099.jpg,/path/to/meme-template-id/Social_Media/random_sampled/sample_0099.jpg,Template-Free,Template-Free,13926,0.9979113
sample_0100.jpg,/path/to/meme-template-id/Social_Media/random_sampled/sample_0100.jpg,Template-Free,Template-Free,3019,0.99943703
sample_0101.jpg,/path/to/meme-template-id/Social_Media/random_sampled/sample_0101.jpg,Non-Meme,Non-Meme,11377,0.9929455
sample_0102.jpg,/path/to/meme-template-id/Social_Media/random_sampled/sample_0102.jpg,the-scroll-of-truth,Templated-Meme,243,0.9998809
sample_0103.jpg,/path/to/meme-template-id/Social_Media/random_sampled/sample_0103.jpg,Template-Free,Template-Free,7507,0.99708766
sample_0104.jpg,/path/to/meme-template-id/Social_Media/random_sampled/sample_0104.jpg,wtf,Templated-Meme,6604,0.9998221
sample_0105.jpg,/path/to/meme-template-id/Social_Media/random_sampled/sample_0105.jpg,Non-Meme,Non-Meme,7983,0.9619448
sample_0106.jpg,/path/to/meme-template-id/Social_Media/random_sampled/sample_0106.jpg,Template-Free,Template-Free,6565,0.95803636
sample_0107.jpg,/path/to/meme-template-id/Social_Media/random_sampled/sample_0107.jpg,Template-Free,Template-Free,5898,0.9982338
sample_0108.jpg,/path/to/meme-template-id/Social_Media/random_sampled/sample_0108.jpg,Non-Meme,Non-Meme,14571,0.99763536
sample_0109.jpg,/path/to/meme-template-id/Social_Media/random_sampled/sample_0109.jpg,mr-incredible-uncanny,Templated-Meme,10687,0.9943932
sample_0110.jpg,/path/to/meme-template-id/Social_Media/random_sampled/sample_0110.jpg,Template-Free,Template-Free,13549,0.99967587
sample_0111.jpg,/path/to/meme-template-id/Social_Media/random_sampled/sample_0111.jpg,Template-Free,Template-Free,10378,0.9959688
sample_0112.jpg,/path/to/meme-template-id/Social_Media/random_sampled/sample_0112.jpg,Template-Free,Template-Free,202,0.9999352
sample_0113.jpg,/path/to/meme-template-id/Social_Media/random_sampled/sample_0113.jpg,Template-Free,Template-Free,12575,0.9967755
sample_0114.jpg,/path/to/meme-template-id/Social_Media/random_sampled/sample_0114.jpg,Template-Free,Template-Free,14494,0.9977597
sample_0115.jpg,/path/to/meme-template-id/Social_Media/random_sampled/sample_0115.jpg,Template-Free,Template-Free,6609,0.9679601
sample_0116.jpg,/path/to/meme-template-id/Social_Media/random_sampled/sample_0116.jpg,Template-Free,Template-Free,2373,0.99731684
sample_0117.jpg,/path/to/meme-template-id/Social_Media/random_sampled/sample_0117.jpg,Template-Free,Template-Free,10400,0.9810364
sample_0118.jpg,/path/to/meme-template-id/Social_Media/random_sampled/sample_0118.jpg,old_man_yells_at_cloud,Templated-Meme,13350,0.9961175
sample_0119.jpg,/path/to/meme-template-id/Social_Media/random_sampled/sample_0119.jpg,Non-Meme,Non-Meme,4319,0.95995164
sample_0120.jpg,/path/to/meme-template-id/Social_Media/random_sampled/sample_0120.jpg,running-away-balloon,Templated-Meme,120,0.99982876
sample_0121.jpg,/path/to/meme-template-id/Social_Media/random_sampled/sample_0121.jpg,Non-Meme,Non-Meme,5569,0.96593773
sample_0122.jpg,/path/to/meme-template-id/Social_Media/random_sampled/sample_0122.jpg,Template-Free,Template-Free,10046,0.9993912
sample_0123.jpg,/path/to/meme-template-id/Social_Media/random_sampled/sample_0123.jpg,breaking-bad-smile-frown,Templated-Meme,11856,0.9739629
sample_0124.jpg,/path/to/meme-template-id/Social_Media/random_sampled/sample_0124.jpg,i-dont-always,Templated-Meme,5240,1.000004
sample_0125.jpg,/path/to/meme-template-id/Social_Media/random_sampled/sample_0125.jpg,Non-Meme,Non-Meme,2969,0.999995
sample_0126.jpg,/path/to/meme-template-id/Social_Media/random_sampled/sample_0126.jpg,bart-simpson-chalkboard,Templated-Meme,9200,0.9644363
sample_0127.jpg,/path/to/meme-template-id/Social_Media/random_sampled/sample_0127.jpg,Template-Free,Template-Free,3258,0.9986648
sample_0128.jpg,/path/to/meme-template-id/Social_Media/random_sampled/sample_0128.jpg,Template-Free,Template-Free,14394,0.99558085
sample_0129.jpg,/path/to/meme-template-id/Social_Media/random_sampled/sample_0129.jpg,Template-Free,Template-Free,14569,0.9988202
sample_0130.jpg,/path/to/meme-template-id/Social_Media/random_sampled/sample_0130.jpg,Non-Meme,Non-Meme,3865,0.9930403
sample_0131.jpg,/path/to/meme-template-id/Social_Media/random_sampled/sample_0131.jpg,Template-Free,Template-Free,7063,0.99949646
sample_0132.jpg,/path/to/meme-template-id/Social_Media/random_sampled/sample_0132.jpg,Template-Free,Template-Free,3043,0.9637725
sample_0133.jpg,/path/to/meme-template-id/Social_Media/random_sampled/sample_0133.jpg,Template-Free,Template-Free,5702,0.9863428
sample_0134.jpg,/path/to/meme-template-id/Social_Media/random_sampled/sample_0134.jpg,Non-Meme,Non-Meme,4672,0.9787196
sample_0135.jpg,/path/to/meme-template-id/Social_Media/random_sampled/sample_0135.jpg,Non-Meme,Non-Meme,8165,0.98287135
sample_0136.jpg,/path/to/meme-template-id/Social_Media/random_sampled/sample_0136.jpg,Template-Free,Template-Free,12919,0.99940413
sample_0137.jpg,/path/to/meme-template-id/Social_Media/random_sampled/sample_0137.jpg,Template-Free,Template-Free,6746,0.99518603
sample_0138.jpg,/path/to/meme-template-id/Social_Media/random_sampled/sample_0138.jpg,Template-Free,Template-Free,4582,0.9855416
sample_0139.jpg,/path/to/meme-template-id/Social_Media/random_sampled/sample_0139.jpg,Non-Meme,Non-Meme,10970,0.98659503
sample_0140.jpg,/path/to/meme-template-id/Social_Media/random_sampled/sample_0140.jpg,Template-Free,Template-Free,4600,0.9993403
sample_0141.jpg,/path/to/meme-template-id/Social_Media/random_sampled/sample_0141.jpg,mr-incredible-uncanny,Templated-Meme,12590,0.99982893
sample_0142.jpg,/path/to/meme-template-id/Social_Media/random_sampled/sample_0142.jpg,Template-Free,Template-Free,6690,0.9979886
sample_0143.jpg,/path/to/meme-template-id/Social_Media/random_sampled/sample_0143.jpg,Template-Free,Template-Free,8262,0.9778368
sample_0144.jpg,/path/to/meme-template-id/Social_Media/random_sampled/sample_0144.jpg,Template-Free,Template-Free,11452,0.99997133
sample_0145.jpg,/path/to/meme-template-id/Social_Media/random_sampled/sample_0145.jpg,Template-Free,Template-Free,10586,0.9956441
sample_0146.jpg,/path/to/meme-template-id/Social_Media/random_sampled/sample_0146.jpg,ron-swanson,Templated-Meme,4265,0.9923458
sample_0147.jpg,/path/to/meme-template-id/Social_Media/random_sampled/sample_0147.jpg,Template-Free,Template-Free,6032,0.9889723
sample_0148.jpg,/path/to/meme-template-id/Social_Media/random_sampled/sample_0148.jpg,Template-Free,Template-Free,13698,0.9912171
sample_0149.jpg,/path/to/meme-template-id/Social_Media/random_sampled/sample_0149.jpg,Template-Free,Template-Free,14593,0.99949414
sample_0150.jpg,/path/to/meme-template-id/Social_Media/random_sampled/sample_0150.jpg,two-buttons,Templated-Meme,41,0.99959725
sample_0151.jpg,/path/to/meme-template-id/Social_Media/random_sampled/sample_0151.jpg,Template-Free,Template-Free,8625,0.9877699
sample_0152.jpg,/path/to/meme-template-id/Social_Media/random_sampled/sample_0152.jpg,Template-Free,Template-Free,14780,0.9989757
sample_0153.jpg,/path/to/meme-template-id/Social_Media/random_sampled/sample_0153.jpg,Template-Free,Template-Free,11915,0.9933825
sample_0154.jpg,/path/to/meme-template-id/Social_Media/random_sampled/sample_0154.jpg,Template-Free,Template-Free,7568,0.96782655
sample_0155.jpg,/path/to/meme-template-id/Social_Media/random_sampled/sample_0155.jpg,Non-Meme,Non-Meme,10970,0.99970925
sample_0156.jpg,/path/to/meme-template-id/Social_Media/random_sampled/sample_0156.jpg,mr-krabs-money,Templated-Meme,6348,0.99755377
sample_0157.jpg,/path/to/meme-template-id/Social_Media/random_sampled/sample_0157.jpg,Template-Free,Template-Free,13732,0.99920744
sample_0158.jpg,/path/to/meme-template-id/Social_Media/random_sampled/sample_0158.jpg,Non-Meme,Non-Meme,6973,0.98115826
sample_0159.jpg,/path/to/meme-template-id/Social_Media/random_sampled/sample_0159.jpg,Template-Free,Template-Free,14073,0.996638
sample_0160.jpg,/path/to/meme-template-id/Social_Media/random_sampled/sample_0160.jpg,Template-Free,Template-Free,13087,0.99266523
sample_0161.jpg,/path/to/meme-template-id/Social_Media/random_sampled/sample_0161.jpg,Template-Free,Template-Free,8672,0.9863552
sample_0162.jpg,/path/to/meme-template-id/Social_Media/random_sampled/sample_0162.jpg,Template-Free,Template-Free,9759,0.97590405
sample_0163.jpg,/path/to/meme-template-id/Social_Media/random_sampled/sample_0163.jpg,Non-Meme,Non-Meme,11373,0.98911995
sample_0164.jpg,/path/to/meme-template-id/Social_Media/random_sampled/sample_0164.jpg,Template-Free,Template-Free,2117,0.9427425
sample_0165.jpg,/path/to/meme-template-id/Social_Media/random_sampled/sample_0165.jpg,Non-Meme,Non-Meme,10526,0.98965573
sample_0166.jpg,/path/to/meme-template-id/Social_Media/random_sampled/sample_0166.jpg,Template-Free,Template-Free,10783,0.99804884
sample_0167.jpg,/path/to/meme-template-id/Social_Media/random_sampled/sample_0167.jpg,Template-Free,Template-Free,10406,0.9976341
sample_0168.jpg,/path/to/meme-template-id/Social_Media/random_sampled/sample_0168.jpg,Template-Free,Template-Free,7726,0.98992544
sample_0169.jpg,/path/to/meme-template-id/Social_Media/random_sampled/sample_0169.jpg,Template-Free,Template-Free,12931,0.99964815
sample_0170.jpg,/path/to/meme-template-id/Social_Media/random_sampled/sample_0170.jpg,Template-Free,Template-Free,10716,0.9732808
sample_0171.jpg,/path/to/meme-template-id/Social_Media/random_sampled/sample_0171.jpg,yu-gi-oh,Templated-Meme,239,0.9999347
sample_0172.jpg,/path/to/meme-template-id/Social_Media/random_sampled/sample_0172.jpg,Template-Free,Template-Free,13845,0.99569
sample_0173.jpg,/path/to/meme-template-id/Social_Media/random_sampled/sample_0173.jpg,Template-Free,Template-Free,12602,0.9897109
sample_0174.jpg,/path/to/meme-template-id/Social_Media/random_sampled/sample_0174.jpg,tada-will-smith,Templated-Meme,11146,0.99339175
sample_0175.jpg,/path/to/meme-template-id/Social_Media/random_sampled/sample_0175.jpg,Template-Free,Template-Free,14098,0.9999124
sample_0176.jpg,/path/to/meme-template-id/Social_Media/random_sampled/sample_0176.jpg,Template-Free,Template-Free,8201,0.99596405
sample_0177.jpg,/path/to/meme-template-id/Social_Media/random_sampled/sample_0177.jpg,Template-Free,Template-Free,9989,0.9938211
sample_0178.jpg,/path/to/meme-template-id/Social_Media/random_sampled/sample_0178.jpg,we-will-rebuild,Templated-Meme,3669,0.99944776
sample_0179.jpg,/path/to/meme-template-id/Social_Media/random_sampled/sample_0179.jpg,Template-Free,Template-Free,7890,0.98606145
sample_0180.jpg,/path/to/meme-template-id/Social_Media/random_sampled/sample_0180.jpg,Template-Free,Template-Free,9055,0.9997664
sample_0181.jpg,/path/to/meme-template-id/Social_Media/random_sampled/sample_0181.jpg,Template-Free,Template-Free,11671,0.9918507
sample_0182.jpg,/path/to/meme-template-id/Social_Media/random_sampled/sample_0182.jpg,mr-incredible-uncanny,Templated-Meme,10687,0.9999299
sample_0183.jpg,/path/to/meme-template-id/Social_Media/random_sampled/sample_0183.jpg,Template-Free,Template-Free,10577,0.9953991
sample_0184.jpg,/path/to/meme-template-id/Social_Media/random_sampled/sample_0184.jpg,Template-Free,Template-Free,14020,0.99905425
sample_0185.jpg,/path/to/meme-template-id/Social_Media/random_sampled/sample_0185.jpg,Template-Free,Template-Free,7917,0.9997472
sample_0186.jpg,/path/to/meme-template-id/Social_Media/random_sampled/sample_0186.jpg,this-is-worthless,Templated-Meme,193,1.0001727
sample_0187.jpg,/path/to/meme-template-id/Social_Media/random_sampled/sample_0187.jpg,drake_hotline_bling_normal,Templated-Meme,1535,0.9989882
sample_0188.jpg,/path/to/meme-template-id/Social_Media/random_sampled/sample_0188.jpg,second-breakfast,Templated-Meme,2495,0.9998519
sample_0189.jpg,/path/to/meme-template-id/Social_Media/random_sampled/sample_0189.jpg,Template-Free,Template-Free,11311,0.9998473
sample_0190.jpg,/path/to/meme-template-id/Social_Media/random_sampled/sample_0190.jpg,nobody-is-born-cool,Templated-Meme,141,0.99930626
sample_0191.jpg,/path/to/meme-template-id/Social_Media/random_sampled/sample_0191.jpg,Template-Free,Template-Free,13445,0.99387693
sample_0192.jpg,/path/to/meme-template-id/Social_Media/random_sampled/sample_0192.jpg,Template-Free,Template-Free,12987,0.99912375
sample_0193.jpg,/path/to/meme-template-id/Social_Media/random_sampled/sample_0193.jpg,Template-Free,Template-Free,12971,0.9906917
sample_0194.jpg,/path/to/meme-template-id/Social_Media/random_sampled/sample_0194.jpg,Template-Free,Template-Free,3159,0.99947584
sample_0195.jpg,/path/to/meme-template-id/Social_Media/random_sampled/sample_0195.jpg,Non-Meme,Non-Meme,8936,0.98966515
sample_0196.jpg,/path/to/meme-template-id/Social_Media/random_sampled/sample_0196.jpg,squidward-chair,Templated-Meme,5315,0.9999855
sample_0197.jpg,/path/to/meme-template-id/Social_Media/random_sampled/sample_0197.jpg,Template-Free,Template-Free,11329,0.99336034
sample_0198.jpg,/path/to/meme-template-id/Social_Media/random_sampled/sample_0198.jpg,Template-Free,Template-Free,9341,0.9787966
sample_0199.jpg,/path/to/meme-template-id/Social_Media/random_sampled/sample_0199.jpg,Template-Free,Template-Free,12696,0.9690658
sample_0200.jpg,/path/to/meme-template-id/Social_Media/random_sampled/sample_0200.jpg,Template-Free,Template-Free,14755,0.9991011
sample_0201.jpg,/path/to/meme-template-id/Social_Media/random_sampled/sample_0201.jpg,Template-Free,Template-Free,14324,0.9979913
sample_0202.jpg,/path/to/meme-template-id/Social_Media/random_sampled/sample_0202.jpg,Template-Free,Template-Free,14280,0.9969917
sample_0203.jpg,/path/to/meme-template-id/Social_Media/random_sampled/sample_0203.jpg,Template-Free,Template-Free,10617,0.99083745
sample_0204.jpg,/path/to/meme-template-id/Social_Media/random_sampled/sample_0204.jpg,Template-Free,Template-Free,12003,0.99985105
sample_0205.jpg,/path/to/meme-template-id/Social_Media/random_sampled/sample_0205.jpg,Template-Free,Template-Free,284,0.9996735
sample_0206.jpg,/path/to/meme-template-id/Social_Media/random_sampled/sample_0206.jpg,Non-Meme,Non-Meme,8094,0.95845485
sample_0207.jpg,/path/to/meme-template-id/Social_Media/random_sampled/sample_0207.jpg,Template-Free,Template-Free,13854,0.999335
sample_0208.jpg,/path/to/meme-template-id/Social_Media/random_sampled/sample_0208.jpg,Template-Free,Template-Free,14386,0.99730235
sample_0209.jpg,/path/to/meme-template-id/Social_Media/random_sampled/sample_0209.jpg,Non-Meme,Non-Meme,10105,0.9911842
sample_0210.jpg,/path/to/meme-template-id/Social_Media/random_sampled/sample_0210.jpg,Template-Free,Template-Free,9855,0.9973593
sample_0211.jpg,/path/to/meme-template-id/Social_Media/random_sampled/sample_0211.jpg,Template-Free,Template-Free,13802,0.9996164
sample_0212.jpg,/path/to/meme-template-id/Social_Media/random_sampled/sample_0212.jpg,Template-Free,Template-Free,12996,0.9925799
sample_0213.jpg,/path/to/meme-template-id/Social_Media/random_sampled/sample_0213.jpg,capitalist-and-communist,Templated-Meme,4579,0.9955034
sample_0214.jpg,/path/to/meme-template-id/Social_Media/random_sampled/sample_0214.jpg,Non-Meme,Non-Meme,14762,0.99961334
sample_0215.jpg,/path/to/meme-template-id/Social_Media/random_sampled/sample_0215.jpg,Non-Meme,Non-Meme,9006,0.9958862
sample_0216.jpg,/path/to/meme-template-id/Social_Media/random_sampled/sample_0216.jpg,the-scroll-of-truth,Templated-Meme,243,0.9999176
sample_0217.jpg,/path/to/meme-template-id/Social_Media/random_sampled/sample_0217.jpg,Template-Free,Template-Free,12270,1.0000614
sample_0218.jpg,/path/to/meme-template-id/Social_Media/random_sampled/sample_0218.jpg,sad-x-all-the-y,Templated-Meme,13769,0.9974182
sample_0219.jpg,/path/to/meme-template-id/Social_Media/random_sampled/sample_0219.jpg,my_job_here_is_done,Templated-Meme,7181,0.97791046
sample_0220.jpg,/path/to/meme-template-id/Social_Media/random_sampled/sample_0220.jpg,Template-Free,Template-Free,8946,0.9664098
sample_0221.jpg,/path/to/meme-template-id/Social_Media/random_sampled/sample_0221.jpg,Template-Free,Template-Free,9773,0.96514803
sample_0222.jpg,/path/to/meme-template-id/Social_Media/random_sampled/sample_0222.jpg,Template-Free,Template-Free,13442,0.9944018
sample_0223.jpg,/path/to/meme-template-id/Social_Media/random_sampled/sample_0223.jpg,angry-flower,Templated-Meme,11537,0.9984917
sample_0224.jpg,/path/to/meme-template-id/Social_Media/random_sampled/sample_0224.jpg,Template-Free,Template-Free,14396,0.9975083
sample_0225.jpg,/path/to/meme-template-id/Social_Media/random_sampled/sample_0225.jpg,Template-Free,Template-Free,5309,0.97907275
sample_0226.jpg,/path/to/meme-template-id/Social_Media/random_sampled/sample_0226.jpg,Template-Free,Template-Free,10319,0.9674624
sample_0227.jpg,/path/to/meme-template-id/Social_Media/random_sampled/sample_0227.jpg,Template-Free,Template-Free,12520,0.99042845
sample_0228.jpg,/path/to/meme-template-id/Social_Media/random_sampled/sample_0228.jpg,Template-Free,Template-Free,14573,0.9970748
sample_0229.jpg,/path/to/meme-template-id/Social_Media/random_sampled/sample_0229.jpg,Template-Free,Template-Free,6978,0.98131263
sample_0230.jpg,/path/to/meme-template-id/Social_Media/random_sampled/sample_0230.jpg,Template-Free,Template-Free,3624,0.9595686
sample_0231.jpg,/path/to/meme-template-id/Social_Media/random_sampled/sample_0231.jpg,Non-Meme,Non-Meme,5139,0.9841194
sample_0232.jpg,/path/to/meme-template-id/Social_Media/random_sampled/sample_0232.jpg,Template-Free,Template-Free,9819,0.9999278
sample_0233.jpg,/path/to/meme-template-id/Social_Media/random_sampled/sample_0233.jpg,Template-Free,Template-Free,14496,0.9946334
sample_0234.jpg,/path/to/meme-template-id/Social_Media/random_sampled/sample_0234.jpg,girl-putting-tuba-on-girls-head,Templated-Meme,423,0.9999204
sample_0235.jpg,/path/to/meme-template-id/Social_Media/random_sampled/sample_0235.jpg,Template-Free,Template-Free,4628,0.9996146
sample_0236.jpg,/path/to/meme-template-id/Social_Media/random_sampled/sample_0236.jpg,Template-Free,Template-Free,12394,0.9867445
sample_0237.jpg,/path/to/meme-template-id/Social_Media/random_sampled/sample_0237.jpg,Template-Free,Template-Free,12097,0.9925059
sample_0238.jpg,/path/to/meme-template-id/Social_Media/random_sampled/sample_0238.jpg,Template-Free,Template-Free,1336,1.0000479
sample_0239.jpg,/path/to/meme-template-id/Social_Media/random_sampled/sample_0239.jpg,Template-Free,Template-Free,7955,0.9990381
sample_0240.jpg,/path/to/meme-template-id/Social_Media/random_sampled/sample_0240.jpg,Non-Meme,Non-Meme,11463,0.99563944
sample_0241.jpg,/path/to/meme-template-id/Social_Media/random_sampled/sample_0241.jpg,Template-Free,Template-Free,11179,0.9900858
sample_0242.jpg,/path/to/meme-template-id/Social_Media/random_sampled/sample_0242.jpg,Template-Free,Template-Free,13924,0.9956747
sample_0243.jpg,/path/to/meme-template-id/Social_Media/random_sampled/sample_0243.jpg,Template-Free,Template-Free,6341,0.99970555
sample_0244.jpg,/path/to/meme-template-id/Social_Media/random_sampled/sample_0244.jpg,pepe-silvia,Templated-Meme,1140,0.98994243
sample_0245.jpg,/path/to/meme-template-id/Social_Media/random_sampled/sample_0245.jpg,Template-Free,Template-Free,13293,0.9762003
sample_0246.jpg,/path/to/meme-template-id/Social_Media/random_sampled/sample_0246.jpg,Template-Free,Template-Free,10156,0.98360354
sample_0247.jpg,/path/to/meme-template-id/Social_Media/random_sampled/sample_0247.jpg,blank_white_template,Templated-Meme,66,1.0001945
sample_0248.jpg,/path/to/meme-template-id/Social_Media/random_sampled/sample_0248.jpg,Template-Free,Template-Free,14280,0.9962905
sample_0249.jpg,/path/to/meme-template-id/Social_Media/random_sampled/sample_0249.jpg,Template-Free,Template-Free,8062,0.99997765
sample_0250.jpg,/path/to/meme-template-id/Social_Media/random_sampled/sample_0250.jpg,Non-Meme,Non-Meme,12170,0.9952683
sample_0251.jpg,/path/to/meme-template-id/Social_Media/random_sampled/sample_0251.jpg,no_russian,Templated-Meme,10428,0.9941992
sample_0252.jpg,/path/to/meme-template-id/Social_Media/random_sampled/sample_0252.jpg,Template-Free,Template-Free,5371,0.9713752
sample_0253.jpg,/path/to/meme-template-id/Social_Media/random_sampled/sample_0253.jpg,Non-Meme,Non-Meme,13239,0.9967434
sample_0254.jpg,/path/to/meme-template-id/Social_Media/random_sampled/sample_0254.jpg,Non-Meme,Non-Meme,11664,0.9647926
sample_0255.jpg,/path/to/meme-template-id/Social_Media/random_sampled/sample_0255.jpg,Template-Free,Template-Free,14448,0.99663156
sample_0256.jpg,/path/to/meme-template-id/Social_Media/random_sampled/sample_0256.jpg,Template-Free,Template-Free,5099,0.9609723
sample_0257.jpg,/path/to/meme-template-id/Social_Media/random_sampled/sample_0257.jpg,depends-on-the-context,Templated-Meme,335,1.0000116
sample_0258.jpg,/path/to/meme-template-id/Social_Media/random_sampled/sample_0258.jpg,it-is-time-to-go,Templated-Meme,12486,0.99248207
sample_0259.jpg,/path/to/meme-template-id/Social_Media/random_sampled/sample_0259.jpg,note-passing,Templated-Meme,745,0.9998738
sample_0260.jpg,/path/to/meme-template-id/Social_Media/random_sampled/sample_0260.jpg,Template-Free,Template-Free,10374,0.9734951
sample_0261.jpg,/path/to/meme-template-id/Social_Media/random_sampled/sample_0261.jpg,rip,Templated-Meme,13031,0.9948626
sample_0262.jpg,/path/to/meme-template-id/Social_Media/random_sampled/sample_0262.jpg,Template-Free,Template-Free,13851,0.9907815
sample_0263.jpg,/path/to/meme-template-id/Social_Media/random_sampled/sample_0263.jpg,i_robot_will_smith,Templated-Meme,7083,0.97461027
sample_0264.jpg,/path/to/meme-template-id/Social_Media/random_sampled/sample_0264.jpg,Non-Meme,Non-Meme,13781,0.99209183
sample_0265.jpg,/path/to/meme-template-id/Social_Media/random_sampled/sample_0265.jpg,who-would-win,Templated-Meme,5743,0.99792814
sample_0266.jpg,/path/to/meme-template-id/Social_Media/random_sampled/sample_0266.jpg,Template-Free,Template-Free,8678,0.98622876
sample_0267.jpg,/path/to/meme-template-id/Social_Media/random_sampled/sample_0267.jpg,empty_red_and_black,Templated-Meme,5873,0.991906
sample_0268.jpg,/path/to/meme-template-id/Social_Media/random_sampled/sample_0268.jpg,Template-Free,Template-Free,8775,0.99951905
sample_0269.jpg,/path/to/meme-template-id/Social_Media/random_sampled/sample_0269.jpg,Non-Meme,Non-Meme,13656,0.9945093
sample_0270.jpg,/path/to/meme-template-id/Social_Media/random_sampled/sample_0270.jpg,Template-Free,Template-Free,4244,0.9991416
sample_0271.jpg,/path/to/meme-template-id/Social_Media/random_sampled/sample_0271.jpg,john-daly-and-tiger-woods,Templated-Meme,10688,0.9953763
sample_0272.jpg,/path/to/meme-template-id/Social_Media/random_sampled/sample_0272.jpg,Template-Free,Template-Free,8511,0.96748114
sample_0273.jpg,/path/to/meme-template-id/Social_Media/random_sampled/sample_0273.jpg,annoying-facebook-girl,Templated-Meme,9147,0.9968337
sample_0274.jpg,/path/to/meme-template-id/Social_Media/random_sampled/sample_0274.jpg,Non-Meme,Non-Meme,12005,0.9912534
sample_0275.jpg,/path/to/meme-template-id/Social_Media/random_sampled/sample_0275.jpg,socially-awesome-awkward-penguin,Templated-Meme,13013,0.991681
sample_0276.jpg,/path/to/meme-template-id/Social_Media/random_sampled/sample_0276.jpg,be-like-bill,Templated-Meme,4217,0.9931526
sample_0277.jpg,/path/to/meme-template-id/Social_Media/random_sampled/sample_0277.jpg,abe_simpson_telling_stories,Templated-Meme,3556,0.95881784
sample_0278.jpg,/path/to/meme-template-id/Social_Media/random_sampled/sample_0278.jpg,blank-red-maga-hat,Templated-Meme,12247,0.9987852
sample_0279.jpg,/path/to/meme-template-id/Social_Media/random_sampled/sample_0279.jpg,Template-Free,Template-Free,8688,0.96294016
sample_0280.jpg,/path/to/meme-template-id/Social_Media/random_sampled/sample_0280.jpg,Template-Free,Template-Free,14781,0.9999931
sample_0281.jpg,/path/to/meme-template-id/Social_Media/random_sampled/sample_0281.jpg,Template-Free,Template-Free,1562,0.995145
sample_0282.jpg,/path/to/meme-template-id/Social_Media/random_sampled/sample_0282.jpg,Non-Meme,Non-Meme,7863,0.9609666
sample_0283.jpg,/path/to/meme-template-id/Social_Media/random_sampled/sample_0283.jpg,guy-getting-beat-up,Templated-Meme,7714,1.0000103
sample_0284.jpg,/path/to/meme-template-id/Social_Media/random_sampled/sample_0284.jpg,spider-man-triple,Templated-Meme,1956,0.9998894
sample_0285.jpg,/path/to/meme-template-id/Social_Media/random_sampled/sample_0285.jpg,Template-Free,Template-Free,13184,0.992155
sample_0286.jpg,/path/to/meme-template-id/Social_Media/random_sampled/sample_0286.jpg,Template-Free,Template-Free,12924,0.9975987
sample_0287.jpg,/path/to/meme-template-id/Social_Media/random_sampled/sample_0287.jpg,Template-Free,Template-Free,6793,0.97959846
sample_0288.jpg,/path/to/meme-template-id/Social_Media/random_sampled/sample_0288.jpg,dick_cheney,Templated-Meme,4182,0.9889994
sample_0289.jpg,/path/to/meme-template-id/Social_Media/random_sampled/sample_0289.jpg,we-are-the-millers,Templated-Meme,8895,0.9999691
sample_0290.jpg,/path/to/meme-template-id/Social_Media/random_sampled/sample_0290.jpg,nuclear-explosion,Templated-Meme,12999,0.99450624
sample_0291.jpg,/path/to/meme-template-id/Social_Media/random_sampled/sample_0291.jpg,who-is-that-pokemon,Templated-Meme,11584,0.99468005
sample_0292.jpg,/path/to/meme-template-id/Social_Media/random_sampled/sample_0292.jpg,scumbag-brain,Templated-Meme,14489,0.9980772
sample_0293.jpg,/path/to/meme-template-id/Social_Media/random_sampled/sample_0293.jpg,Template-Free,Template-Free,10449,0.99166054
sample_0294.jpg,/path/to/meme-template-id/Social_Media/random_sampled/sample_0294.jpg,Template-Free,Template-Free,737,1.0000373
sample_0295.jpg,/path/to/meme-template-id/Social_Media/random_sampled/sample_0295.jpg,Template-Free,Template-Free,7726,0.9828983
sample_0296.jpg,/path/to/meme-template-id/Social_Media/random_sampled/sample_0296.jpg,Non-Meme,Non-Meme,13281,0.9938143
sample_0297.jpg,/path/to/meme-template-id/Social_Media/random_sampled/sample_0297.jpg,Template-Free,Template-Free,2050,0.99990606
sample_0298.jpg,/path/to/meme-template-id/Social_Media/random_sampled/sample_0298.jpg,Template-Free,Template-Free,424,0.9999277
sample_0299.jpg,/path/to/meme-template-id/Social_Media/random_sampled/sample_0299.jpg,Template-Free,Template-Free,13204,0.9956308
sample_0300.jpg,/path/to/meme-template-id/Social_Media/random_sampled/sample_0300.jpg,Template-Free,Template-Free,5628,0.9810628
sample_0301.jpg,/path/to/meme-template-id/Social_Media/random_sampled/sample_0301.jpg,Template-Free,Template-Free,14114,0.9996865
sample_0302.jpg,/path/to/meme-template-id/Social_Media/random_sampled/sample_0302.jpg,Template-Free,Template-Free,14027,0.997553
sample_0303.jpg,/path/to/meme-template-id/Social_Media/random_sampled/sample_0303.jpg,Template-Free,Template-Free,3216,0.9682206
sample_0304.jpg,/path/to/meme-template-id/Social_Media/random_sampled/sample_0304.jpg,Template-Free,Template-Free,14495,0.9959907
sample_0305.jpg,/path/to/meme-template-id/Social_Media/random_sampled/sample_0305.jpg,Template-Free,Template-Free,2386,0.9971248
sample_0306.jpg,/path/to/meme-template-id/Social_Media/random_sampled/sample_0306.jpg,finn-the-human,Templated-Meme,5790,0.981279
sample_0307.jpg,/path/to/meme-template-id/Social_Media/random_sampled/sample_0307.jpg,Template-Free,Template-Free,3867,0.97406036
sample_0308.jpg,/path/to/meme-template-id/Social_Media/random_sampled/sample_0308.jpg,Template-Free,Template-Free,14108,0.998904
sample_0309.jpg,/path/to/meme-template-id/Social_Media/random_sampled/sample_0309.jpg,Template-Free,Template-Free,7145,0.968529
sample_0310.jpg,/path/to/meme-template-id/Social_Media/random_sampled/sample_0310.jpg,Template-Free,Template-Free,5671,0.9999541
sample_0311.jpg,/path/to/meme-template-id/Social_Media/random_sampled/sample_0311.jpg,Template-Free,Template-Free,12499,0.988788
sample_0312.jpg,/path/to/meme-template-id/Social_Media/random_sampled/sample_0312.jpg,Template-Free,Template-Free,5013,0.9661351
sample_0313.jpg,/path/to/meme-template-id/Social_Media/random_sampled/sample_0313.jpg,Non-Meme,Non-Meme,13791,0.98379856
sample_0314.jpg,/path/to/meme-template-id/Social_Media/random_sampled/sample_0314.jpg,Template-Free,Template-Free,8672,0.98304677
sample_0315.jpg,/path/to/meme-template-id/Social_Media/random_sampled/sample_0315.jpg,Template-Free,Template-Free,14710,0.9998512
sample_0316.jpg,/path/to/meme-template-id/Social_Media/random_sampled/sample_0316.jpg,Template-Free,Template-Free,12907,0.99211323
sample_0317.jpg,/path/to/meme-template-id/Social_Media/random_sampled/sample_0317.jpg,you-like-krabby-patties,Templated-Meme,13247,0.9878496
sample_0318.jpg,/path/to/meme-template-id/Social_Media/random_sampled/sample_0318.jpg,Non-Meme,Non-Meme,8936,0.9913722
sample_0319.jpg,/path/to/meme-template-id/Social_Media/random_sampled/sample_0319.jpg,short-satisfaction-vs-truth,Templated-Meme,4186,0.9996652
sample_0320.jpg,/path/to/meme-template-id/Social_Media/random_sampled/sample_0320.jpg,Template-Free,Template-Free,13188,0.992452
sample_0321.jpg,/path/to/meme-template-id/Social_Media/random_sampled/sample_0321.jpg,Template-Free,Template-Free,14372,0.99764013
sample_0322.jpg,/path/to/meme-template-id/Social_Media/random_sampled/sample_0322.jpg,bugs-bunny-king,Templated-Meme,9048,0.99873865
sample_0323.jpg,/path/to/meme-template-id/Social_Media/random_sampled/sample_0323.jpg,Template-Free,Template-Free,7635,0.9999327
sample_0324.jpg,/path/to/meme-template-id/Social_Media/random_sampled/sample_0324.jpg,Non-Meme,Non-Meme,13641,0.99602324
sample_0325.jpg,/path/to/meme-template-id/Social_Media/random_sampled/sample_0325.jpg,Template-Free,Template-Free,7557,0.9719169
sample_0326.jpg,/path/to/meme-template-id/Social_Media/random_sampled/sample_0326.jpg,Template-Free,Template-Free,14407,0.99837244
sample_0327.jpg,/path/to/meme-template-id/Social_Media/random_sampled/sample_0327.jpg,happy-then-sad,Templated-Meme,1238,0.99991125
sample_0328.jpg,/path/to/meme-template-id/Social_Media/random_sampled/sample_0328.jpg,back-in-my-day,Templated-Meme,5746,0.9586538
sample_0329.jpg,/path/to/meme-template-id/Social_Media/random_sampled/sample_0329.jpg,Template-Free,Template-Free,14394,0.9947426
sample_0330.jpg,/path/to/meme-template-id/Social_Media/random_sampled/sample_0330.jpg,bernie-sanders-once-again-asking,Templated-Meme,12228,0.97331613
sample_0331.jpg,/path/to/meme-template-id/Social_Media/random_sampled/sample_0331.jpg,Template-Free,Template-Free,2036,0.9999431
sample_0332.jpg,/path/to/meme-template-id/Social_Media/random_sampled/sample_0332.jpg,Template-Free,Template-Free,14448,0.99717
sample_0333.jpg,/path/to/meme-template-id/Social_Media/random_sampled/sample_0333.jpg,m08_math_is_math,Templated-Meme,9099,0.9867028
sample_0334.jpg,/path/to/meme-template-id/Social_Media/random_sampled/sample_0334.jpg,salt-bae,Templated-Meme,3450,0.99285406
sample_0335.jpg,/path/to/meme-template-id/Social_Media/random_sampled/sample_0335.jpg,super-birthday-squirrel,Templated-Meme,14146,0.9974983
sample_0336.jpg,/path/to/meme-template-id/Social_Media/random_sampled/sample_0336.jpg,Non-Meme,Non-Meme,10515,0.9908907
sample_0337.jpg,/path/to/meme-template-id/Social_Media/random_sampled/sample_0337.jpg,Template-Free,Template-Free,11180,0.98885876
sample_0338.jpg,/path/to/meme-template-id/Social_Media/random_sampled/sample_0338.jpg,love,Templated-Meme,10925,0.98418415
sample_0339.jpg,/path/to/meme-template-id/Social_Media/random_sampled/sample_0339.jpg,Template-Free,Template-Free,1638,0.9521277
sample_0340.jpg,/path/to/meme-template-id/Social_Media/random_sampled/sample_0340.jpg,Template-Free,Template-Free,11192,0.9992948
sample_0341.jpg,/path/to/meme-template-id/Social_Media/random_sampled/sample_0341.jpg,grandma-finds-the-internet,Templated-Meme,4862,0.9985318
sample_0342.jpg,/path/to/meme-template-id/Social_Media/random_sampled/sample_0342.jpg,Template-Free,Template-Free,12900,0.9854774
sample_0343.jpg,/path/to/meme-template-id/Social_Media/random_sampled/sample_0343.jpg,Template-Free,Template-Free,26,0.99967223
sample_0344.jpg,/path/to/meme-template-id/Social_Media/random_sampled/sample_0344.jpg,drake_hotline_bling_normal,Templated-Meme,11851,0.9999731
sample_0345.jpg,/path/to/meme-template-id/Social_Media/random_sampled/sample_0345.jpg,Template-Free,Template-Free,4563,0.97604877
sample_0346.jpg,/path/to/meme-template-id/Social_Media/random_sampled/sample_0346.jpg,sad-cat-holding-dog,Templated-Meme,1209,0.99995595
sample_0347.jpg,/path/to/meme-template-id/Social_Media/random_sampled/sample_0347.jpg,Template-Free,Template-Free,14153,0.9867069
sample_0348.jpg,/path/to/meme-template-id/Social_Media/random_sampled/sample_0348.jpg,i-know-that-feel-bro,Templated-Meme,9161,0.9824989
sample_0349.jpg,/path/to/meme-template-id/Social_Media/random_sampled/sample_0349.jpg,Template-Free,Template-Free,1347,0.9900839
sample_0350.jpg,/path/to/meme-template-id/Social_Media/random_sampled/sample_0350.jpg,Template-Free,Template-Free,6757,0.98570496
sample_0351.jpg,/path/to/meme-template-id/Social_Media/random_sampled/sample_0351.jpg,archer,Templated-Meme,2693,0.984475
sample_0352.jpg,/path/to/meme-template-id/Social_Media/random_sampled/sample_0352.jpg,foul_bachelor_frog,Templated-Meme,11128,0.9985872
sample_0353.jpg,/path/to/meme-template-id/Social_Media/random_sampled/sample_0353.jpg,Template-Free,Template-Free,12237,0.9998871
sample_0354.jpg,/path/to/meme-template-id/Social_Media/random_sampled/sample_0354.jpg,barbosa-and-sparrow,Templated-Meme,7108,0.9983781
sample_0355.jpg,/path/to/meme-template-id/Social_Media/random_sampled/sample_0355.jpg,Template-Free,Template-Free,1076,1.0000049
sample_0356.jpg,/path/to/meme-template-id/Social_Media/random_sampled/sample_0356.jpg,Non-Meme,Non-Meme,9163,0.99891394
sample_0357.jpg,/path/to/meme-template-id/Social_Media/random_sampled/sample_0357.jpg,Non-Meme,Non-Meme,13313,0.9986525
sample_0358.jpg,/path/to/meme-template-id/Social_Media/random_sampled/sample_0358.jpg,Template-Free,Template-Free,6793,0.97765815
sample_0359.jpg,/path/to/meme-template-id/Social_Media/random_sampled/sample_0359.jpg,stonks,Templated-Meme,5273,0.99977976
sample_0360.jpg,/path/to/meme-template-id/Social_Media/random_sampled/sample_0360.jpg,Template-Free,Template-Free,11708,0.996625
sample_0361.jpg,/path/to/meme-template-id/Social_Media/random_sampled/sample_0361.jpg,Template-Free,Template-Free,3989,0.9968064
sample_0362.jpg,/path/to/meme-template-id/Social_Media/random_sampled/sample_0362.jpg,milking-the-cow,Templated-Meme,175,0.9999811
sample_0363.jpg,/path/to/meme-template-id/Social_Media/random_sampled/sample_0363.jpg,Template-Free,Template-Free,14025,0.9948046
sample_0364.jpg,/path/to/meme-template-id/Social_Media/random_sampled/sample_0364.jpg,corona,Templated-Meme,8658,0.9989528
sample_0365.jpg,/path/to/meme-template-id/Social_Media/random_sampled/sample_0365.jpg,confession-kid,Templated-Meme,3456,0.99985045
sample_0366.jpg,/path/to/meme-template-id/Social_Media/random_sampled/sample_0366.jpg,confused-mel-gibson,Templated-Meme,3213,0.9596263
sample_0367.jpg,/path/to/meme-template-id/Social_Media/random_sampled/sample_0367.jpg,Template-Free,Template-Free,13748,0.99770045
sample_0368.jpg,/path/to/meme-template-id/Social_Media/random_sampled/sample_0368.jpg,Template-Free,Template-Free,12616,1.0000327
sample_0369.jpg,/path/to/meme-template-id/Social_Media/random_sampled/sample_0369.jpg,Template-Free,Template-Free,12881,0.99691194
sample_0370.jpg,/path/to/meme-template-id/Social_Media/random_sampled/sample_0370.jpg,Template-Free,Template-Free,14761,0.99946463
sample_0371.jpg,/path/to/meme-template-id/Social_Media/random_sampled/sample_0371.jpg,Template-Free,Template-Free,10239,0.99004704
sample_0372.jpg,/path/to/meme-template-id/Social_Media/random_sampled/sample_0372.jpg,Template-Free,Template-Free,4104,0.9751463
sample_0373.jpg,/path/to/meme-template-id/Social_Media/random_sampled/sample_0373.jpg,spiderman-presentation,Templated-Meme,147,0.99995685
sample_0374.jpg,/path/to/meme-template-id/Social_Media/random_sampled/sample_0374.jpg,Non-Meme,Non-Meme,13713,0.9923993
sample_0375.jpg,/path/to/meme-template-id/Social_Media/random_sampled/sample_0375.jpg,strong-dog-vs-weak-dog,Templated-Meme,6206,0.9996934
sample_0376.jpg,/path/to/meme-template-id/Social_Media/random_sampled/sample_0376.jpg,Non-Meme,Non-Meme,13791,0.9957604
sample_0377.jpg,/path/to/meme-template-id/Social_Media/random_sampled/sample_0377.jpg,running-away-balloon,Templated-Meme,120,1.0002221
sample_0378.jpg,/path/to/meme-template-id/Social_Media/random_sampled/sample_0378.jpg,Template-Free,Template-Free,1828,0.99945354
sample_0379.jpg,/path/to/meme-template-id/Social_Media/random_sampled/sample_0379.jpg,Template-Free,Template-Free,14032,0.9932369
sample_0380.jpg,/path/to/meme-template-id/Social_Media/random_sampled/sample_0380.jpg,Template-Free,Template-Free,8510,0.9998228
sample_0381.jpg,/path/to/meme-template-id/Social_Media/random_sampled/sample_0381.jpg,Template-Free,Template-Free,13558,0.99571115
sample_0382.jpg,/path/to/meme-template-id/Social_Media/random_sampled/sample_0382.jpg,Template-Free,Template-Free,13419,0.99538314
sample_0383.jpg,/path/to/meme-template-id/Social_Media/random_sampled/sample_0383.jpg,Template-Free,Template-Free,13497,0.9976434
sample_0384.jpg,/path/to/meme-template-id/Social_Media/random_sampled/sample_0384.jpg,Template-Free,Template-Free,4221,0.98229045
sample_0385.jpg,/path/to/meme-template-id/Social_Media/random_sampled/sample_0385.jpg,Template-Free,Template-Free,10391,0.9985701
sample_0386.jpg,/path/to/meme-template-id/Social_Media/random_sampled/sample_0386.jpg,Template-Free,Template-Free,10358,0.9980534
sample_0387.jpg,/path/to/meme-template-id/Social_Media/random_sampled/sample_0387.jpg,Template-Free,Template-Free,11304,0.9987764
sample_0388.jpg,/path/to/meme-template-id/Social_Media/random_sampled/sample_0388.jpg,Template-Free,Template-Free,14625,0.99736273
sample_0389.jpg,/path/to/meme-template-id/Social_Media/random_sampled/sample_0389.jpg,Non-Meme,Non-Meme,14756,0.99810255
sample_0390.jpg,/path/to/meme-template-id/Social_Media/random_sampled/sample_0390.jpg,Template-Free,Template-Free,11358,0.9991562
sample_0391.jpg,/path/to/meme-template-id/Social_Media/random_sampled/sample_0391.jpg,deadpool-surprised,Templated-Meme,7792,0.99993324
sample_0392.jpg,/path/to/meme-template-id/Social_Media/random_sampled/sample_0392.jpg,Non-Meme,Non-Meme,14571,0.9974159
sample_0393.jpg,/path/to/meme-template-id/Social_Media/random_sampled/sample_0393.jpg,Template-Free,Template-Free,13821,0.9962859
sample_0394.jpg,/path/to/meme-template-id/Social_Media/random_sampled/sample_0394.jpg,Non-Meme,Non-Meme,8182,0.995984
sample_0395.jpg,/path/to/meme-template-id/Social_Media/random_sampled/sample_0395.jpg,Template-Free,Template-Free,14378,0.9976703
sample_0396.jpg,/path/to/meme-template-id/Social_Media/random_sampled/sample_0396.jpg,Template-Free,Template-Free,14272,0.97673166
sample_0397.jpg,/path/to/meme-template-id/Social_Media/random_sampled/sample_0397.jpg,why-not-both,Templated-Meme,14677,0.99841106
sample_0398.jpg,/path/to/meme-template-id/Social_Media/random_sampled/sample_0398.jpg,Template-Free,Template-Free,9608,0.98427206
sample_0399.jpg,/path/to/meme-template-id/Social_Media/random_sampled/sample_0399.jpg,Template-Free,Template-Free,8937,0.9835337
sample_0400.jpg,/path/to/meme-template-id/Social_Media/random_sampled/sample_0400.jpg,Non-Meme,Non-Meme,14676,0.99837863
sample_0401.jpg,/path/to/meme-template-id/Social_Media/random_sampled/sample_0401.jpg,Template-Free,Template-Free,14587,0.9997363
sample_0402.jpg,/path/to/meme-template-id/Social_Media/random_sampled/sample_0402.jpg,he_was_a_boy_she_was_a_girl,Templated-Meme,3363,0.9997117
sample_0403.jpg,/path/to/meme-template-id/Social_Media/random_sampled/sample_0403.jpg,i-bet-hes-thinking-about-other-women,Templated-Meme,118,1.000025
sample_0404.jpg,/path/to/meme-template-id/Social_Media/random_sampled/sample_0404.jpg,sweating-bullets,Templated-Meme,14624,0.99501765
sample_0405.jpg,/path/to/meme-template-id/Social_Media/random_sampled/sample_0405.jpg,Non-Meme,Non-Meme,8991,0.9848847
sample_0406.jpg,/path/to/meme-template-id/Social_Media/random_sampled/sample_0406.jpg,elon-musk-blank-tweet,Templated-Meme,14551,0.9963042
sample_0407.jpg,/path/to/meme-template-id/Social_Media/random_sampled/sample_0407.jpg,Template-Free,Template-Free,10833,0.99928033
sample_0408.jpg,/path/to/meme-template-id/Social_Media/random_sampled/sample_0408.jpg,i-love-the-smell-of-napalm-in-the-morning,Templated-Meme,7860,0.99848783
sample_0409.jpg,/path/to/meme-template-id/Social_Media/random_sampled/sample_0409.jpg,Non-Meme,Non-Meme,8793,0.97402
sample_0410.jpg,/path/to/meme-template-id/Social_Media/random_sampled/sample_0410.jpg,Template-Free,Template-Free,10018,0.98700863
sample_0411.jpg,/path/to/meme-template-id/Social_Media/random_sampled/sample_0411.jpg,Template-Free,Template-Free,387,0.9999469
sample_0412.jpg,/path/to/meme-template-id/Social_Media/random_sampled/sample_0412.jpg,Template-Free,Template-Free,13819,0.9973485
sample_0413.jpg,/path/to/meme-template-id/Social_Media/random_sampled/sample_0413.jpg,Template-Free,Template-Free,14014,0.99418086
sample_0414.jpg,/path/to/meme-template-id/Social_Media/random_sampled/sample_0414.jpg,mel-gibson-and-jesus-christ,Templated-Meme,7582,0.9954979
sample_0415.jpg,/path/to/meme-template-id/Social_Media/random_sampled/sample_0415.jpg,where-does-it-hurt,Templated-Meme,13840,0.99990433
sample_0416.jpg,/path/to/meme-template-id/Social_Media/random_sampled/sample_0416.jpg,yo-dawg-heard-you,Templated-Meme,6078,0.9976345
sample_0417.jpg,/path/to/meme-template-id/Social_Media/random_sampled/sample_0417.jpg,s03_this_is_fine_family,Templated-Meme,10822,0.991133
sample_0418.jpg,/path/to/meme-template-id/Social_Media/random_sampled/sample_0418.jpg,Template-Free,Template-Free,8675,0.9765095
sample_0419.jpg,/path/to/meme-template-id/Social_Media/random_sampled/sample_0419.jpg,Template-Free,Template-Free,14160,0.99757385
sample_0420.jpg,/path/to/meme-template-id/Social_Media/random_sampled/sample_0420.jpg,Template-Free,Template-Free,12323,0.9980573
sample_0421.jpg,/path/to/meme-template-id/Social_Media/random_sampled/sample_0421.jpg,Template-Free,Template-Free,9739,0.99407965
sample_0422.jpg,/path/to/meme-template-id/Social_Media/random_sampled/sample_0422.jpg,Template-Free,Template-Free,14022,0.98725414
sample_0423.jpg,/path/to/meme-template-id/Social_Media/random_sampled/sample_0423.jpg,Non-Meme,Non-Meme,14349,0.99384236
sample_0424.jpg,/path/to/meme-template-id/Social_Media/random_sampled/sample_0424.jpg,Template-Free,Template-Free,14615,0.9961896
sample_0425.jpg,/path/to/meme-template-id/Social_Media/random_sampled/sample_0425.jpg,thats-just-something-x-say,Templated-Meme,10054,0.9983025
sample_0426.jpg,/path/to/meme-template-id/Social_Media/random_sampled/sample_0426.jpg,Template-Free,Template-Free,14535,0.9946474
sample_0427.jpg,/path/to/meme-template-id/Social_Media/random_sampled/sample_0427.jpg,Template-Free,Template-Free,7042,0.9756523
sample_0428.jpg,/path/to/meme-template-id/Social_Media/random_sampled/sample_0428.jpg,Non-Meme,Non-Meme,13794,0.9983575
sample_0429.jpg,/path/to/meme-template-id/Social_Media/random_sampled/sample_0429.jpg,Template-Free,Template-Free,9259,0.9998185
sample_0430.jpg,/path/to/meme-template-id/Social_Media/random_sampled/sample_0430.jpg,Template-Free,Template-Free,4392,0.999683
sample_0431.jpg,/path/to/meme-template-id/Social_Media/random_sampled/sample_0431.jpg,Template-Free,Template-Free,5968,0.98752207
sample_0432.jpg,/path/to/meme-template-id/Social_Media/random_sampled/sample_0432.jpg,Template-Free,Template-Free,9054,0.99798536
sample_0433.jpg,/path/to/meme-template-id/Social_Media/random_sampled/sample_0433.jpg,did-you-mean,Templated-Meme,11343,0.9916338
sample_0434.jpg,/path/to/meme-template-id/Social_Media/random_sampled/sample_0434.jpg,Template-Free,Template-Free,7196,0.99234223
sample_0435.jpg,/path/to/meme-template-id/Social_Media/random_sampled/sample_0435.jpg,laughing_hitler,Templated-Meme,7208,0.9631804
sample_0436.jpg,/path/to/meme-template-id/Social_Media/random_sampled/sample_0436.jpg,Template-Free,Template-Free,8572,0.98186743
sample_0437.jpg,/path/to/meme-template-id/Social_Media/random_sampled/sample_0437.jpg,Template-Free,Template-Free,1528,1.0001317
sample_0438.jpg,/path/to/meme-template-id/Social_Media/random_sampled/sample_0438.jpg,Template-Free,Template-Free,13083,0.9994291
sample_0439.jpg,/path/to/meme-template-id/Social_Media/random_sampled/sample_0439.jpg,Template-Free,Template-Free,7690,0.95911676
sample_0440.jpg,/path/to/meme-template-id/Social_Media/random_sampled/sample_0440.jpg,Template-Free,Template-Free,10100,0.99953264
sample_0441.jpg,/path/to/meme-template-id/Social_Media/random_sampled/sample_0441.jpg,Template-Free,Template-Free,13336,0.9959509
sample_0442.jpg,/path/to/meme-template-id/Social_Media/random_sampled/sample_0442.jpg,Template-Free,Template-Free,4967,0.9834924
sample_0443.jpg,/path/to/meme-template-id/Social_Media/random_sampled/sample_0443.jpg,Template-Free,Template-Free,12815,0.9969775
sample_0444.jpg,/path/to/meme-template-id/Social_Media/random_sampled/sample_0444.jpg,Template-Free,Template-Free,8673,0.99871135
sample_0445.jpg,/path/to/meme-template-id/Social_Media/random_sampled/sample_0445.jpg,Template-Free,Template-Free,159,0.99998736
sample_0446.jpg,/path/to/meme-template-id/Social_Media/random_sampled/sample_0446.jpg,Non-Meme,Non-Meme,12281,0.99994266
sample_0447.jpg,/path/to/meme-template-id/Social_Media/random_sampled/sample_0447.jpg,uno-reverse-card,Templated-Meme,12615,0.99367976
sample_0448.jpg,/path/to/meme-template-id/Social_Media/random_sampled/sample_0448.jpg,surprised-pikachu,Templated-Meme,9456,0.99638706
sample_0449.jpg,/path/to/meme-template-id/Social_Media/random_sampled/sample_0449.jpg,thumbs-up-rambo,Templated-Meme,6862,0.99666923
sample_0450.jpg,/path/to/meme-template-id/Social_Media/random_sampled/sample_0450.jpg,Non-Meme,Non-Meme,14571,0.99882156
sample_0451.jpg,/path/to/meme-template-id/Social_Media/random_sampled/sample_0451.jpg,Template-Free,Template-Free,14325,0.9990113
sample_0452.jpg,/path/to/meme-template-id/Social_Media/random_sampled/sample_0452.jpg,Template-Free,Template-Free,11728,0.9961253
sample_0453.jpg,/path/to/meme-template-id/Social_Media/random_sampled/sample_0453.jpg,Template-Free,Template-Free,13548,0.99829865
sample_0454.jpg,/path/to/meme-template-id/Social_Media/random_sampled/sample_0454.jpg,Template-Free,Template-Free,12212,0.98694223
sample_0455.jpg,/path/to/meme-template-id/Social_Media/random_sampled/sample_0455.jpg,okay-truck,Templated-Meme,11505,0.9879206
sample_0456.jpg,/path/to/meme-template-id/Social_Media/random_sampled/sample_0456.jpg,Template-Free,Template-Free,14559,0.99369115
sample_0457.jpg,/path/to/meme-template-id/Social_Media/random_sampled/sample_0457.jpg,Non-Meme,Non-Meme,14784,0.9946793
sample_0458.jpg,/path/to/meme-template-id/Social_Media/random_sampled/sample_0458.jpg,Template-Free,Template-Free,7923,0.9700846
sample_0459.jpg,/path/to/meme-template-id/Social_Media/random_sampled/sample_0459.jpg,lebron_cigarette,Templated-Meme,10048,0.98398584
sample_0460.jpg,/path/to/meme-template-id/Social_Media/random_sampled/sample_0460.jpg,Template-Free,Template-Free,1528,1.0001093
sample_0461.jpg,/path/to/meme-template-id/Social_Media/random_sampled/sample_0461.jpg,mother-ignoring-kid-drowning-in-a-pool,Templated-Meme,166,1.0002722
sample_0462.jpg,/path/to/meme-template-id/Social_Media/random_sampled/sample_0462.jpg,Template-Free,Template-Free,11871,0.9995231
sample_0463.jpg,/path/to/meme-template-id/Social_Media/random_sampled/sample_0463.jpg,Template-Free,Template-Free,4529,0.9987961
sample_0464.jpg,/path/to/meme-template-id/Social_Media/random_sampled/sample_0464.jpg,blank-pokemon-card,Templated-Meme,14392,0.99088115
sample_0465.jpg,/path/to/meme-template-id/Social_Media/random_sampled/sample_0465.jpg,Template-Free,Template-Free,12687,0.9863646
sample_0466.jpg,/path/to/meme-template-id/Social_Media/random_sampled/sample_0466.jpg,you-like-krabby-patties,Templated-Meme,13248,0.9996823
sample_0467.jpg,/path/to/meme-template-id/Social_Media/random_sampled/sample_0467.jpg,adios,Templated-Meme,9182,0.99676055
sample_0468.jpg,/path/to/meme-template-id/Social_Media/random_sampled/sample_0468.jpg,Template-Free,Template-Free,9665,0.9844473
sample_0469.jpg,/path/to/meme-template-id/Social_Media/random_sampled/sample_0469.jpg,angry-flower,Templated-Meme,11534,0.99922514
sample_0470.jpg,/path/to/meme-template-id/Social_Media/random_sampled/sample_0470.jpg,Template-Free,Template-Free,9373,0.9997897
sample_0471.jpg,/path/to/meme-template-id/Social_Media/random_sampled/sample_0471.jpg,live-reaction,Templated-Meme,10159,0.9790597
sample_0472.jpg,/path/to/meme-template-id/Social_Media/random_sampled/sample_0472.jpg,Template-Free,Template-Free,14444,0.990499
sample_0473.jpg,/path/to/meme-template-id/Social_Media/random_sampled/sample_0473.jpg,Template-Free,Template-Free,4823,0.98485047
sample_0474.jpg,/path/to/meme-template-id/Social_Media/random_sampled/sample_0474.jpg,its-free-real-estate,Templated-Meme,13324,0.99960554
sample_0475.jpg,/path/to/meme-template-id/Social_Media/random_sampled/sample_0475.jpg,Template-Free,Template-Free,13953,0.99921113
sample_0476.jpg,/path/to/meme-template-id/Social_Media/random_sampled/sample_0476.jpg,Template-Free,Template-Free,6222,0.99005795
sample_0477.jpg,/path/to/meme-template-id/Social_Media/random_sampled/sample_0477.jpg,Template-Free,Template-Free,11470,0.99071705
sample_0478.jpg,/path/to/meme-template-id/Social_Media/random_sampled/sample_0478.jpg,Template-Free,Template-Free,781,1.0000144
sample_0479.jpg,/path/to/meme-template-id/Social_Media/random_sampled/sample_0479.jpg,Template-Free,Template-Free,6565,0.9976333
sample_0480.jpg,/path/to/meme-template-id/Social_Media/random_sampled/sample_0480.jpg,stonks,Templated-Meme,8429,0.98879975
sample_0481.jpg,/path/to/meme-template-id/Social_Media/random_sampled/sample_0481.jpg,Template-Free,Template-Free,7569,0.9969369
sample_0482.jpg,/path/to/meme-template-id/Social_Media/random_sampled/sample_0482.jpg,ew-i-stepped-in-shit,Templated-Meme,10134,0.9977062
sample_0483.jpg,/path/to/meme-template-id/Social_Media/random_sampled/sample_0483.jpg,narcos_waiting_pablo_escobar,Templated-Meme,3488,0.9999717
sample_0484.jpg,/path/to/meme-template-id/Social_Media/random_sampled/sample_0484.jpg,Template-Free,Template-Free,4871,0.9609235
sample_0485.jpg,/path/to/meme-template-id/Social_Media/random_sampled/sample_0485.jpg,anakin-and-padme,Templated-Meme,1123,0.9921884
sample_0486.jpg,/path/to/meme-template-id/Social_Media/random_sampled/sample_0486.jpg,pink-guy-vs-bane,Templated-Meme,111,1.00017
sample_0487.jpg,/path/to/meme-template-id/Social_Media/random_sampled/sample_0487.jpg,Template-Free,Template-Free,11118,0.9907535
sample_0488.jpg,/path/to/meme-template-id/Social_Media/random_sampled/sample_0488.jpg,Template-Free,Template-Free,14752,0.99771285
sample_0489.jpg,/path/to/meme-template-id/Social_Media/random_sampled/sample_0489.jpg,Template-Free,Template-Free,6329,0.9667689
sample_0490.jpg,/path/to/meme-template-id/Social_Media/random_sampled/sample_0490.jpg,tom-the-cat-shooting-himself,Templated-Meme,11912,0.99768287
sample_0491.jpg,/path/to/meme-template-id/Social_Media/random_sampled/sample_0491.jpg,Template-Free,Template-Free,8207,0.9995458
sample_0492.jpg,/path/to/meme-template-id/Social_Media/random_sampled/sample_0492.jpg,Template-Free,Template-Free,11506,0.9909455
sample_0493.jpg,/path/to/meme-template-id/Social_Media/random_sampled/sample_0493.jpg,Template-Free,Template-Free,3422,0.95814514
sample_0494.jpg,/path/to/meme-template-id/Social_Media/random_sampled/sample_0494.jpg,Non-Meme,Non-Meme,10044,0.987985
sample_0495.jpg,/path/to/meme-template-id/Social_Media/random_sampled/sample_0495.jpg,and-thats-a-fact,Templated-Meme,2653,1.000101
sample_0496.jpg,/path/to/meme-template-id/Social_Media/random_sampled/sample_0496.jpg,Template-Free,Template-Free,14558,0.9978891
sample_0497.jpg,/path/to/meme-template-id/Social_Media/random_sampled/sample_0497.jpg,Template-Free,Template-Free,5251,0.9972179
sample_0498.jpg,/path/to/meme-template-id/Social_Media/random_sampled/sample_0498.jpg,Template-Free,Template-Free,13345,0.98929906
sample_0499.jpg,/path/to/meme-template-id/Social_Media/random_sampled/sample_0499.jpg,Template-Free,Template-Free,14603,0.99645
sample_0500.jpg,/path/to/meme-template-id/Social_Media/random_sampled/sample_0500.jpg,Template-Free,Template-Free,6383,0.9648928
sample_0501.jpg,/path/to/meme-template-id/Social_Media/random_sampled/sample_0501.jpg,third-world-success-kid,Templated-Meme,9141,0.9841206
sample_0502.jpg,/path/to/meme-template-id/Social_Media/random_sampled/sample_0502.jpg,Template-Free,Template-Free,7956,0.9994663
sample_0503.jpg,/path/to/meme-template-id/Social_Media/random_sampled/sample_0503.jpg,Template-Free,Template-Free,13629,0.9997393
sample_0504.jpg,/path/to/meme-template-id/Social_Media/random_sampled/sample_0504.jpg,big-brain-wojak,Templated-Meme,4439,0.9610566
sample_0505.jpg,/path/to/meme-template-id/Social_Media/random_sampled/sample_0505.jpg,Template-Free,Template-Free,11290,0.99446017
sample_0506.jpg,/path/to/meme-template-id/Social_Media/random_sampled/sample_0506.jpg,Template-Free,Template-Free,8686,0.9913486
sample_0507.jpg,/path/to/meme-template-id/Social_Media/random_sampled/sample_0507.jpg,Template-Free,Template-Free,6588,0.99118435
sample_0508.jpg,/path/to/meme-template-id/Social_Media/random_sampled/sample_0508.jpg,blank_white_template,Templated-Meme,66,1.0002049
sample_0509.jpg,/path/to/meme-template-id/Social_Media/random_sampled/sample_0509.jpg,laughing-goat,Templated-Meme,10560,0.99941665
sample_0510.jpg,/path/to/meme-template-id/Social_Media/random_sampled/sample_0510.jpg,Template-Free,Template-Free,12927,0.9969329
sample_0511.jpg,/path/to/meme-template-id/Social_Media/random_sampled/sample_0511.jpg,Non-Meme,Non-Meme,13860,0.99350286
sample_0512.jpg,/path/to/meme-template-id/Social_Media/random_sampled/sample_0512.jpg,Template-Free,Template-Free,14381,0.97589433
sample_0513.jpg,/path/to/meme-template-id/Social_Media/random_sampled/sample_0513.jpg,nobody-is-born-cool,Templated-Meme,141,0.93854547
sample_0514.jpg,/path/to/meme-template-id/Social_Media/random_sampled/sample_0514.jpg,Template-Free,Template-Free,5856,0.98404795
sample_0515.jpg,/path/to/meme-template-id/Social_Media/random_sampled/sample_0515.jpg,Non-Meme,Non-Meme,163,1.0000046
sample_0516.jpg,/path/to/meme-template-id/Social_Media/random_sampled/sample_0516.jpg,Template-Free,Template-Free,8448,0.97959507
sample_0517.jpg,/path/to/meme-template-id/Social_Media/random_sampled/sample_0517.jpg,Template-Free,Template-Free,10390,0.9987829
sample_0518.jpg,/path/to/meme-template-id/Social_Media/random_sampled/sample_0518.jpg,Template-Free,Template-Free,10256,0.9867043
sample_0519.jpg,/path/to/meme-template-id/Social_Media/random_sampled/sample_0519.jpg,Template-Free,Template-Free,10672,0.99964446
sample_0520.jpg,/path/to/meme-template-id/Social_Media/random_sampled/sample_0520.jpg,Template-Free,Template-Free,8976,0.970357
sample_0521.jpg,/path/to/meme-template-id/Social_Media/random_sampled/sample_0521.jpg,Template-Free,Template-Free,6994,0.9965863
sample_0522.jpg,/path/to/meme-template-id/Social_Media/random_sampled/sample_0522.jpg,Template-Free,Template-Free,8204,0.9989938
sample_0523.jpg,/path/to/meme-template-id/Social_Media/random_sampled/sample_0523.jpg,Template-Free,Template-Free,13198,0.99370277
sample_0524.jpg,/path/to/meme-template-id/Social_Media/random_sampled/sample_0524.jpg,Template-Free,Template-Free,8616,0.9906281
sample_0525.jpg,/path/to/meme-template-id/Social_Media/random_sampled/sample_0525.jpg,Non-Meme,Non-Meme,13601,0.9979957
sample_0526.jpg,/path/to/meme-template-id/Social_Media/random_sampled/sample_0526.jpg,Template-Free,Template-Free,4951,0.9752923
sample_0527.jpg,/path/to/meme-template-id/Social_Media/random_sampled/sample_0527.jpg,Non-Meme,Non-Meme,12886,0.9924769
sample_0528.jpg,/path/to/meme-template-id/Social_Media/random_sampled/sample_0528.jpg,gay_unicorn,Templated-Meme,9600,0.9916714
sample_0529.jpg,/path/to/meme-template-id/Social_Media/random_sampled/sample_0529.jpg,Template-Free,Template-Free,5760,0.99293315
sample_0530.jpg,/path/to/meme-template-id/Social_Media/random_sampled/sample_0530.jpg,Template-Free,Template-Free,7287,0.99275506
sample_0531.jpg,/path/to/meme-template-id/Social_Media/random_sampled/sample_0531.jpg,Template-Free,Template-Free,13555,0.9933129
sample_0532.jpg,/path/to/meme-template-id/Social_Media/random_sampled/sample_0532.jpg,sleepy-donald-duck-in-bed,Templated-Meme,2684,0.9809443
sample_0533.jpg,/path/to/meme-template-id/Social_Media/random_sampled/sample_0533.jpg,creepy-condescending-wonka,Templated-Meme,2603,0.99949926
sample_0534.jpg,/path/to/meme-template-id/Social_Media/random_sampled/sample_0534.jpg,well-yes-but-actually-no,Templated-Meme,8035,0.99966305
sample_0535.jpg,/path/to/meme-template-id/Social_Media/random_sampled/sample_0535.jpg,Template-Free,Template-Free,13015,0.98944193
sample_0536.jpg,/path/to/meme-template-id/Social_Media/random_sampled/sample_0536.jpg,Template-Free,Template-Free,3553,0.9978585
sample_0537.jpg,/path/to/meme-template-id/Social_Media/random_sampled/sample_0537.jpg,Template-Free,Template-Free,1528,1.000189
sample_0538.jpg,/path/to/meme-template-id/Social_Media/random_sampled/sample_0538.jpg,Template-Free,Template-Free,9837,0.9983858
sample_0539.jpg,/path/to/meme-template-id/Social_Media/random_sampled/sample_0539.jpg,Non-Meme,Non-Meme,4679,0.99876916
sample_0540.jpg,/path/to/meme-template-id/Social_Media/random_sampled/sample_0540.jpg,Template-Free,Template-Free,8156,0.957267
sample_0541.jpg,/path/to/meme-template-id/Social_Media/random_sampled/sample_0541.jpg,Template-Free,Template-Free,14389,0.99769145
sample_0542.jpg,/path/to/meme-template-id/Social_Media/random_sampled/sample_0542.jpg,bill-oreilly,Templated-Meme,7992,0.99173886
sample_0543.jpg,/path/to/meme-template-id/Social_Media/random_sampled/sample_0543.jpg,obama,Templated-Meme,8834,0.9884518
sample_0544.jpg,/path/to/meme-template-id/Social_Media/random_sampled/sample_0544.jpg,Template-Free,Template-Free,14573,0.9996594
sample_0545.jpg,/path/to/meme-template-id/Social_Media/random_sampled/sample_0545.jpg,Template-Free,Template-Free,535,0.99991876
sample_0546.jpg,/path/to/meme-template-id/Social_Media/random_sampled/sample_0546.jpg,Non-Meme,Non-Meme,10554,0.9949473
sample_0547.jpg,/path/to/meme-template-id/Social_Media/random_sampled/sample_0547.jpg,Template-Free,Template-Free,6138,0.99100107
sample_0548.jpg,/path/to/meme-template-id/Social_Media/random_sampled/sample_0548.jpg,bald-indian-guy,Templated-Meme,8263,0.9822501
sample_0549.jpg,/path/to/meme-template-id/Social_Media/random_sampled/sample_0549.jpg,afraid-to-ask-andy,Templated-Meme,364,1.000013
sample_0550.jpg,/path/to/meme-template-id/Social_Media/random_sampled/sample_0550.jpg,maury-lie-detector,Templated-Meme,2760,0.97344524
sample_0551.jpg,/path/to/meme-template-id/Social_Media/random_sampled/sample_0551.jpg,Non-Meme,Non-Meme,10334,0.99667054
sample_0552.jpg,/path/to/meme-template-id/Social_Media/random_sampled/sample_0552.jpg,Template-Free,Template-Free,14192,0.9864994
sample_0553.jpg,/path/to/meme-template-id/Social_Media/random_sampled/sample_0553.jpg,Template-Free,Template-Free,11696,0.99990904
sample_0554.jpg,/path/to/meme-template-id/Social_Media/random_sampled/sample_0554.jpg,Template-Free,Template-Free,13770,0.99723655
sample_0555.jpg,/path/to/meme-template-id/Social_Media/random_sampled/sample_0555.jpg,squidward-chair,Templated-Meme,5315,1.0000172
sample_0556.jpg,/path/to/meme-template-id/Social_Media/random_sampled/sample_0556.jpg,Template-Free,Template-Free,14584,0.9988769
sample_0557.jpg,/path/to/meme-template-id/Social_Media/random_sampled/sample_0557.jpg,monkey-looking-away,Templated-Meme,12389,0.9920922
sample_0558.jpg,/path/to/meme-template-id/Social_Media/random_sampled/sample_0558.jpg,Template-Free,Template-Free,8277,0.97192377
sample_0559.jpg,/path/to/meme-template-id/Social_Media/random_sampled/sample_0559.jpg,Template-Free,Template-Free,13664,0.9941219
sample_0560.jpg,/path/to/meme-template-id/Social_Media/random_sampled/sample_0560.jpg,Non-Meme,Non-Meme,5517,0.9995962
sample_0561.jpg,/path/to/meme-template-id/Social_Media/random_sampled/sample_0561.jpg,Template-Free,Template-Free,12971,0.98712873
sample_0562.jpg,/path/to/meme-template-id/Social_Media/random_sampled/sample_0562.jpg,bonjour,Templated-Meme,13535,0.9993357
sample_0563.jpg,/path/to/meme-template-id/Social_Media/random_sampled/sample_0563.jpg,Template-Free,Template-Free,10886,0.9894786
sample_0564.jpg,/path/to/meme-template-id/Social_Media/random_sampled/sample_0564.jpg,spider-man-triple,Templated-Meme,14623,0.997482
sample_0565.jpg,/path/to/meme-template-id/Social_Media/random_sampled/sample_0565.jpg,guy-with-sand-in-the-hands-of-despair,Templated-Meme,11410,0.9813801
sample_0566.jpg,/path/to/meme-template-id/Social_Media/random_sampled/sample_0566.jpg,Template-Free,Template-Free,7622,0.9413187
sample_0567.jpg,/path/to/meme-template-id/Social_Media/random_sampled/sample_0567.jpg,Non-Meme,Non-Meme,13797,0.98941
sample_0568.jpg,/path/to/meme-template-id/Social_Media/random_sampled/sample_0568.jpg,tuxedo-winnie-the-pooh-3-panel,Templated-Meme,5244,0.99993736
sample_0569.jpg,/path/to/meme-template-id/Social_Media/random_sampled/sample_0569.jpg,Template-Free,Template-Free,9515,0.9998516
sample_0570.jpg,/path/to/meme-template-id/Social_Media/random_sampled/sample_0570.jpg,Template-Free,Template-Free,3216,0.97932553
sample_0571.jpg,/path/to/meme-template-id/Social_Media/random_sampled/sample_0571.jpg,Template-Free,Template-Free,11525,0.9974899
sample_0572.jpg,/path/to/meme-template-id/Social_Media/random_sampled/sample_0572.jpg,virgin-vs-chad,Templated-Meme,13788,0.99097717
sample_0573.jpg,/path/to/meme-template-id/Social_Media/random_sampled/sample_0573.jpg,Non-Meme,Non-Meme,9017,0.9780553
sample_0574.jpg,/path/to/meme-template-id/Social_Media/random_sampled/sample_0574.jpg,Template-Free,Template-Free,12381,0.9976269
sample_0575.jpg,/path/to/meme-template-id/Social_Media/random_sampled/sample_0575.jpg,why_are_you_gay,Templated-Meme,8955,0.99844533
sample_0576.jpg,/path/to/meme-template-id/Social_Media/random_sampled/sample_0576.jpg,Template-Free,Template-Free,6566,0.9793915
sample_0577.jpg,/path/to/meme-template-id/Social_Media/random_sampled/sample_0577.jpg,holding-hands,Templated-Meme,158,0.99991095
sample_0578.jpg,/path/to/meme-template-id/Social_Media/random_sampled/sample_0578.jpg,Template-Free,Template-Free,10320,0.9814658
sample_0579.jpg,/path/to/meme-template-id/Social_Media/random_sampled/sample_0579.jpg,Template-Free,Template-Free,14720,0.9993598
sample_0580.jpg,/path/to/meme-template-id/Social_Media/random_sampled/sample_0580.jpg,Template-Free,Template-Free,14268,0.9975532
sample_0581.jpg,/path/to/meme-template-id/Social_Media/random_sampled/sample_0581.jpg,Non-Meme,Non-Meme,9882,0.9827855
sample_0582.jpg,/path/to/meme-template-id/Social_Media/random_sampled/sample_0582.jpg,Template-Free,Template-Free,9481,0.9912854
sample_0583.jpg,/path/to/meme-template-id/Social_Media/random_sampled/sample_0583.jpg,Template-Free,Template-Free,8204,0.999518
sample_0584.jpg,/path/to/meme-template-id/Social_Media/random_sampled/sample_0584.jpg,Non-Meme,Non-Meme,1764,0.9725362
sample_0585.jpg,/path/to/meme-template-id/Social_Media/random_sampled/sample_0585.jpg,girl-running,Templated-Meme,8597,0.99681586
sample_0586.jpg,/path/to/meme-template-id/Social_Media/random_sampled/sample_0586.jpg,grumpy-toad,Templated-Meme,11138,0.9983156
sample_0587.jpg,/path/to/meme-template-id/Social_Media/random_sampled/sample_0587.jpg,Non-Meme,Non-Meme,6973,0.9992082
sample_0588.jpg,/path/to/meme-template-id/Social_Media/random_sampled/sample_0588.jpg,Template-Free,Template-Free,9999,0.96938
sample_0589.jpg,/path/to/meme-template-id/Social_Media/random_sampled/sample_0589.jpg,Template-Free,Template-Free,14185,0.99242824
sample_0590.jpg,/path/to/meme-template-id/Social_Media/random_sampled/sample_0590.jpg,Template-Free,Template-Free,14020,0.9964755
sample_0591.jpg,/path/to/meme-template-id/Social_Media/random_sampled/sample_0591.jpg,Non-Meme,Non-Meme,14783,0.9994269
sample_0592.jpg,/path/to/meme-template-id/Social_Media/random_sampled/sample_0592.jpg,m10_captain_phillips,Templated-Meme,11027,0.9989699
sample_0593.jpg,/path/to/meme-template-id/Social_Media/random_sampled/sample_0593.jpg,Template-Free,Template-Free,5630,0.9840664
sample_0594.jpg,/path/to/meme-template-id/Social_Media/random_sampled/sample_0594.jpg,Template-Free,Template-Free,11671,0.9922025
sample_0595.jpg,/path/to/meme-template-id/Social_Media/random_sampled/sample_0595.jpg,would-you-rather,Templated-Meme,9274,0.9662776
sample_0596.jpg,/path/to/meme-template-id/Social_Media/random_sampled/sample_0596.jpg,Template-Free,Template-Free,9384,0.985413
sample_0597.jpg,/path/to/meme-template-id/Social_Media/random_sampled/sample_0597.jpg,Template-Free,Template-Free,9022,0.98407644
sample_0598.jpg,/path/to/meme-template-id/Social_Media/random_sampled/sample_0598.jpg,Template-Free,Template-Free,13035,0.993985
sample_0599.jpg,/path/to/meme-template-id/Social_Media/random_sampled/sample_0599.jpg,Template-Free,Template-Free,7125,0.96923536
sample_0600.jpg,/path/to/meme-template-id/Social_Media/random_sampled/sample_0600.jpg,Template-Free,Template-Free,13111,0.99746615
sample_0601.jpg,/path/to/meme-template-id/Social_Media/random_sampled/sample_0601.jpg,Non-Meme,Non-Meme,5433,0.9437041
sample_0602.jpg,/path/to/meme-template-id/Social_Media/random_sampled/sample_0602.jpg,advice_peeta,Templated-Meme,6022,0.9686477
sample_0603.jpg,/path/to/meme-template-id/Social_Media/random_sampled/sample_0603.jpg,Template-Free,Template-Free,2563,0.9982601
sample_0604.jpg,/path/to/meme-template-id/Social_Media/random_sampled/sample_0604.jpg,Template-Free,Template-Free,12897,0.99518234
sample_0605.jpg,/path/to/meme-template-id/Social_Media/random_sampled/sample_0605.jpg,Template-Free,Template-Free,14159,0.99877065
sample_0606.jpg,/path/to/meme-template-id/Social_Media/random_sampled/sample_0606.jpg,Template-Free,Template-Free,8354,0.9790415
sample_0607.jpg,/path/to/meme-template-id/Social_Media/random_sampled/sample_0607.jpg,blank-nut-button,Templated-Meme,9506,0.9992369
sample_0608.jpg,/path/to/meme-template-id/Social_Media/random_sampled/sample_0608.jpg,Template-Free,Template-Free,13642,0.98575974
sample_0609.jpg,/path/to/meme-template-id/Social_Media/random_sampled/sample_0609.jpg,i-have-no-idea-what-i-am-doing-dog,Templated-Meme,7193,0.99799466
sample_0610.jpg,/path/to/meme-template-id/Social_Media/random_sampled/sample_0610.jpg,Template-Free,Template-Free,6875,0.983689
sample_0611.jpg,/path/to/meme-template-id/Social_Media/random_sampled/sample_0611.jpg,Template-Free,Template-Free,12493,0.9940421
sample_0612.jpg,/path/to/meme-template-id/Social_Media/random_sampled/sample_0612.jpg,Template-Free,Template-Free,7777,0.98885053
sample_0613.jpg,/path/to/meme-template-id/Social_Media/random_sampled/sample_0613.jpg,Template-Free,Template-Free,11261,0.99880916
sample_0614.jpg,/path/to/meme-template-id/Social_Media/random_sampled/sample_0614.jpg,Template-Free,Template-Free,329,1.0000771
sample_0615.jpg,/path/to/meme-template-id/Social_Media/random_sampled/sample_0615.jpg,Template-Free,Template-Free,14364,0.9991663
sample_0616.jpg,/path/to/meme-template-id/Social_Media/random_sampled/sample_0616.jpg,blank-pokemon-card,Templated-Meme,14392,0.9971424
sample_0617.jpg,/path/to/meme-template-id/Social_Media/random_sampled/sample_0617.jpg,Non-Meme,Non-Meme,8987,0.96164083
sample_0618.jpg,/path/to/meme-template-id/Social_Media/random_sampled/sample_0618.jpg,the-cooler-daniel,Templated-Meme,14212,0.99667925
sample_0619.jpg,/path/to/meme-template-id/Social_Media/random_sampled/sample_0619.jpg,Template-Free,Template-Free,4103,0.9976062
sample_0620.jpg,/path/to/meme-template-id/Social_Media/random_sampled/sample_0620.jpg,first-day-on-the-internet-kid,Templated-Meme,2723,0.9996365
sample_0621.jpg,/path/to/meme-template-id/Social_Media/random_sampled/sample_0621.jpg,it-aint-much-but-its-honest-work,Templated-Meme,12350,0.99422365
sample_0622.jpg,/path/to/meme-template-id/Social_Media/random_sampled/sample_0622.jpg,and-then-he-said,Templated-Meme,1865,0.9992277
sample_0623.jpg,/path/to/meme-template-id/Social_Media/random_sampled/sample_0623.jpg,Template-Free,Template-Free,5689,0.98192596
sample_0624.jpg,/path/to/meme-template-id/Social_Media/random_sampled/sample_0624.jpg,Template-Free,Template-Free,4432,1.0000218
sample_0625.jpg,/path/to/meme-template-id/Social_Media/random_sampled/sample_0625.jpg,bart-simpson-chalkboard,Templated-Meme,9742,0.9965454
sample_0626.jpg,/path/to/meme-template-id/Social_Media/random_sampled/sample_0626.jpg,Template-Free,Template-Free,10072,0.93748325
sample_0627.jpg,/path/to/meme-template-id/Social_Media/random_sampled/sample_0627.jpg,Template-Free,Template-Free,10652,0.9956631
sample_0628.jpg,/path/to/meme-template-id/Social_Media/random_sampled/sample_0628.jpg,metronome,Templated-Meme,9231,0.9982303
sample_0629.jpg,/path/to/meme-template-id/Social_Media/random_sampled/sample_0629.jpg,Template-Free,Template-Free,11671,0.9961449
sample_0630.jpg,/path/to/meme-template-id/Social_Media/random_sampled/sample_0630.jpg,Template-Free,Template-Free,14247,0.9997635
sample_0631.jpg,/path/to/meme-template-id/Social_Media/random_sampled/sample_0631.jpg,screaming-seagull,Templated-Meme,4790,0.9993062
sample_0632.jpg,/path/to/meme-template-id/Social_Media/random_sampled/sample_0632.jpg,can-i-offer-you-an-egg-in-these-trying-times,Templated-Meme,10409,0.98695284
sample_0633.jpg,/path/to/meme-template-id/Social_Media/random_sampled/sample_0633.jpg,Template-Free,Template-Free,10645,0.9911729
sample_0634.jpg,/path/to/meme-template-id/Social_Media/random_sampled/sample_0634.jpg,Template-Free,Template-Free,11195,0.9832584
sample_0635.jpg,/path/to/meme-template-id/Social_Media/random_sampled/sample_0635.jpg,actual-advice-mallard,Templated-Meme,5781,0.9998995
sample_0636.jpg,/path/to/meme-template-id/Social_Media/random_sampled/sample_0636.jpg,wolverine-remember,Templated-Meme,3508,0.9982713
sample_0637.jpg,/path/to/meme-template-id/Social_Media/random_sampled/sample_0637.jpg,Non-Meme,Non-Meme,14783,0.99860615
sample_0638.jpg,/path/to/meme-template-id/Social_Media/random_sampled/sample_0638.jpg,Template-Free,Template-Free,5480,0.9772471
sample_0639.jpg,/path/to/meme-template-id/Social_Media/random_sampled/sample_0639.jpg,Template-Free,Template-Free,12353,0.992694
sample_0640.jpg,/path/to/meme-template-id/Social_Media/random_sampled/sample_0640.jpg,dead-baby-voldemort-what-happened-to-him,Templated-Meme,131,0.9999001
sample_0641.jpg,/path/to/meme-template-id/Social_Media/random_sampled/sample_0641.jpg,m15_homer_bush,Templated-Meme,9715,0.9995017
sample_0642.jpg,/path/to/meme-template-id/Social_Media/random_sampled/sample_0642.jpg,Non-Meme,Non-Meme,182,0.99996865
sample_0643.jpg,/path/to/meme-template-id/Social_Media/random_sampled/sample_0643.jpg,disloyal-boyfriend,Templated-Meme,1481,0.9999142
sample_0644.jpg,/path/to/meme-template-id/Social_Media/random_sampled/sample_0644.jpg,Template-Free,Template-Free,5618,0.9990732
sample_0645.jpg,/path/to/meme-template-id/Social_Media/random_sampled/sample_0645.jpg,Template-Free,Template-Free,7046,0.99943334
sample_0646.jpg,/path/to/meme-template-id/Social_Media/random_sampled/sample_0646.jpg,Template-Free,Template-Free,1265,0.9998686
sample_0647.jpg,/path/to/meme-template-id/Social_Media/random_sampled/sample_0647.jpg,Non-Meme,Non-Meme,13130,0.9959879
sample_0648.jpg,/path/to/meme-template-id/Social_Media/random_sampled/sample_0648.jpg,panik-kalm-panik,Templated-Meme,222,0.9997377
sample_0649.jpg,/path/to/meme-template-id/Social_Media/random_sampled/sample_0649.jpg,panik-kalm-panik,Templated-Meme,222,0.9999978
sample_0650.jpg,/path/to/meme-template-id/Social_Media/random_sampled/sample_0650.jpg,Non-Meme,Non-Meme,4330,0.9504092
sample_0651.jpg,/path/to/meme-template-id/Social_Media/random_sampled/sample_0651.jpg,Template-Free,Template-Free,13299,0.99469787
sample_0652.jpg,/path/to/meme-template-id/Social_Media/random_sampled/sample_0652.jpg,scared-cat,Templated-Meme,5793,0.99641734
sample_0653.jpg,/path/to/meme-template-id/Social_Media/random_sampled/sample_0653.jpg,Template-Free,Template-Free,114,0.9999992
sample_0654.jpg,/path/to/meme-template-id/Social_Media/random_sampled/sample_0654.jpg,Template-Free,Template-Free,8381,0.99988264
sample_0655.jpg,/path/to/meme-template-id/Social_Media/random_sampled/sample_0655.jpg,Template-Free,Template-Free,11488,0.96663636
sample_0656.jpg,/path/to/meme-template-id/Social_Media/random_sampled/sample_0656.jpg,second-breakfast,Templated-Meme,12447,0.9960759
sample_0657.jpg,/path/to/meme-template-id/Social_Media/random_sampled/sample_0657.jpg,Template-Free,Template-Free,12101,0.9853497
sample_0658.jpg,/path/to/meme-template-id/Social_Media/random_sampled/sample_0658.jpg,Template-Free,Template-Free,11516,0.99216324
sample_0659.jpg,/path/to/meme-template-id/Social_Media/random_sampled/sample_0659.jpg,Template-Free,Template-Free,7690,0.9848779
sample_0660.jpg,/path/to/meme-template-id/Social_Media/random_sampled/sample_0660.jpg,Non-Meme,Non-Meme,12709,0.9992451
sample_0661.jpg,/path/to/meme-template-id/Social_Media/random_sampled/sample_0661.jpg,blank_white_template,Templated-Meme,66,1.0002023
sample_0662.jpg,/path/to/meme-template-id/Social_Media/random_sampled/sample_0662.jpg,Template-Free,Template-Free,279,1.0000491
sample_0663.jpg,/path/to/meme-template-id/Social_Media/random_sampled/sample_0663.jpg,Template-Free,Template-Free,10086,0.99638146
sample_0664.jpg,/path/to/meme-template-id/Social_Media/random_sampled/sample_0664.jpg,Template-Free,Template-Free,11348,0.98719114
sample_0665.jpg,/path/to/meme-template-id/Social_Media/random_sampled/sample_0665.jpg,strong-dog-vs-weak-dog,Templated-Meme,12938,0.9937533
sample_0666.jpg,/path/to/meme-template-id/Social_Media/random_sampled/sample_0666.jpg,Template-Free,Template-Free,3517,0.99904287
sample_0667.jpg,/path/to/meme-template-id/Social_Media/random_sampled/sample_0667.jpg,Non-Meme,Non-Meme,8182,0.9818322
sample_0668.jpg,/path/to/meme-template-id/Social_Media/random_sampled/sample_0668.jpg,Template-Free,Template-Free,10728,0.9963301
sample_0669.jpg,/path/to/meme-template-id/Social_Media/random_sampled/sample_0669.jpg,Template-Free,Template-Free,14504,0.9790671
sample_0670.jpg,/path/to/meme-template-id/Social_Media/random_sampled/sample_0670.jpg,Template-Free,Template-Free,4968,0.99821436
sample_0671.jpg,/path/to/meme-template-id/Social_Media/random_sampled/sample_0671.jpg,Non-Meme,Non-Meme,12884,0.98395896
sample_0672.jpg,/path/to/meme-template-id/Social_Media/random_sampled/sample_0672.jpg,Template-Free,Template-Free,10838,0.9997009
sample_0673.jpg,/path/to/meme-template-id/Social_Media/random_sampled/sample_0673.jpg,Template-Free,Template-Free,6229,0.9986897
sample_0674.jpg,/path/to/meme-template-id/Social_Media/random_sampled/sample_0674.jpg,engineering-professor,Templated-Meme,7897,0.9877656
sample_0675.jpg,/path/to/meme-template-id/Social_Media/random_sampled/sample_0675.jpg,Template-Free,Template-Free,524,0.99996734
sample_0676.jpg,/path/to/meme-template-id/Social_Media/random_sampled/sample_0676.jpg,Template-Free,Template-Free,9316,0.9970403
sample_0677.jpg,/path/to/meme-template-id/Social_Media/random_sampled/sample_0677.jpg,bugs-bunny-comunista,Templated-Meme,4359,0.9981955
sample_0678.jpg,/path/to/meme-template-id/Social_Media/random_sampled/sample_0678.jpg,doge,Templated-Meme,7866,1.0000066
sample_0679.jpg,/path/to/meme-template-id/Social_Media/random_sampled/sample_0679.jpg,Template-Free,Template-Free,9683,0.99485725
sample_0680.jpg,/path/to/meme-template-id/Social_Media/random_sampled/sample_0680.jpg,kool-kid-klan,Templated-Meme,7558,0.9908134
sample_0681.jpg,/path/to/meme-template-id/Social_Media/random_sampled/sample_0681.jpg,Non-Meme,Non-Meme,7374,0.9957784
sample_0682.jpg,/path/to/meme-template-id/Social_Media/random_sampled/sample_0682.jpg,Non-Meme,Non-Meme,14784,0.998568
sample_0683.jpg,/path/to/meme-template-id/Social_Media/random_sampled/sample_0683.jpg,npc,Templated-Meme,7688,0.9990993
sample_0684.jpg,/path/to/meme-template-id/Social_Media/random_sampled/sample_0684.jpg,Template-Free,Template-Free,14022,0.9931763
sample_0685.jpg,/path/to/meme-template-id/Social_Media/random_sampled/sample_0685.jpg,Template-Free,Template-Free,1843,0.99979335
sample_0686.jpg,/path/to/meme-template-id/Social_Media/random_sampled/sample_0686.jpg,hoody-cat,Templated-Meme,5324,0.9992264
sample_0687.jpg,/path/to/meme-template-id/Social_Media/random_sampled/sample_0687.jpg,Template-Free,Template-Free,3572,0.99093056
sample_0688.jpg,/path/to/meme-template-id/Social_Media/random_sampled/sample_0688.jpg,Non-Meme,Non-Meme,12006,0.99519765
sample_0689.jpg,/path/to/meme-template-id/Social_Media/random_sampled/sample_0689.jpg,Template-Free,Template-Free,13748,0.9983484
sample_0690.jpg,/path/to/meme-template-id/Social_Media/random_sampled/sample_0690.jpg,Template-Free,Template-Free,11756,0.99912727
sample_0691.jpg,/path/to/meme-template-id/Social_Media/random_sampled/sample_0691.jpg,Non-Meme,Non-Meme,13540,0.9818606
sample_0692.jpg,/path/to/meme-template-id/Social_Media/random_sampled/sample_0692.jpg,Non-Meme,Non-Meme,13781,0.99236524
sample_0693.jpg,/path/to/meme-template-id/Social_Media/random_sampled/sample_0693.jpg,Non-Meme,Non-Meme,13791,0.9960043
sample_0694.jpg,/path/to/meme-template-id/Social_Media/random_sampled/sample_0694.jpg,pretending-to-be-happy-hiding-crying-behind-a-mask,Templated-Meme,14136,0.9991032
sample_0695.jpg,/path/to/meme-template-id/Social_Media/random_sampled/sample_0695.jpg,Template-Free,Template-Free,9019,0.9847524
sample_0696.jpg,/path/to/meme-template-id/Social_Media/random_sampled/sample_0696.jpg,Template-Free,Template-Free,11490,0.9939665
sample_0697.jpg,/path/to/meme-template-id/Social_Media/random_sampled/sample_0697.jpg,Template-Free,Template-Free,4009,0.9537547
sample_0698.jpg,/path/to/meme-template-id/Social_Media/random_sampled/sample_0698.jpg,Non-Meme,Non-Meme,12811,0.9923431
sample_0699.jpg,/path/to/meme-template-id/Social_Media/random_sampled/sample_0699.jpg,Template-Free,Template-Free,13532,0.99305207
sample_0700.jpg,/path/to/meme-template-id/Social_Media/random_sampled/sample_0700.jpg,Template-Free,Template-Free,12812,0.9918698
sample_0701.jpg,/path/to/meme-template-id/Social_Media/random_sampled/sample_0701.jpg,Template-Free,Template-Free,11322,0.9965823
sample_0702.jpg,/path/to/meme-template-id/Social_Media/random_sampled/sample_0702.jpg,Template-Free,Template-Free,8290,0.9574686
sample_0703.jpg,/path/to/meme-template-id/Social_Media/random_sampled/sample_0703.jpg,Template-Free,Template-Free,10644,0.9930302
sample_0704.jpg,/path/to/meme-template-id/Social_Media/random_sampled/sample_0704.jpg,Template-Free,Template-Free,5955,0.9771237
sample_0705.jpg,/path/to/meme-template-id/Social_Media/random_sampled/sample_0705.jpg,Template-Free,Template-Free,6994,0.99955237
sample_0706.jpg,/path/to/meme-template-id/Social_Media/random_sampled/sample_0706.jpg,Template-Free,Template-Free,12175,0.99576527
sample_0707.jpg,/path/to/meme-template-id/Social_Media/random_sampled/sample_0707.jpg,Template-Free,Template-Free,3958,0.99920374
sample_0708.jpg,/path/to/meme-template-id/Social_Media/random_sampled/sample_0708.jpg,Template-Free,Template-Free,8349,0.99967563
sample_0709.jpg,/path/to/meme-template-id/Social_Media/random_sampled/sample_0709.jpg,Template-Free,Template-Free,11751,0.9863109
sample_0710.jpg,/path/to/meme-template-id/Social_Media/random_sampled/sample_0710.jpg,Template-Free,Template-Free,10609,0.99555874
sample_0711.jpg,/path/to/meme-template-id/Social_Media/random_sampled/sample_0711.jpg,drake_hotline_bling_normal,Templated-Meme,1535,0.9996411
sample_0712.jpg,/path/to/meme-template-id/Social_Media/random_sampled/sample_0712.jpg,happy-then-sad,Templated-Meme,1238,0.99936473
sample_0713.jpg,/path/to/meme-template-id/Social_Media/random_sampled/sample_0713.jpg,Template-Free,Template-Free,6641,0.98905045
sample_0714.jpg,/path/to/meme-template-id/Social_Media/random_sampled/sample_0714.jpg,drake_meme_3_panels,Templated-Meme,9223,0.998231
sample_0715.jpg,/path/to/meme-template-id/Social_Media/random_sampled/sample_0715.jpg,Template-Free,Template-Free,13111,0.99664605
sample_0716.jpg,/path/to/meme-template-id/Social_Media/random_sampled/sample_0716.jpg,Template-Free,Template-Free,13704,0.99574655
sample_0717.jpg,/path/to/meme-template-id/Social_Media/random_sampled/sample_0717.jpg,narcos_waiting_pablo_escobar,Templated-Meme,920,0.99997306
sample_0718.jpg,/path/to/meme-template-id/Social_Media/random_sampled/sample_0718.jpg,Non-Meme,Non-Meme,9014,0.99741566
sample_0719.jpg,/path/to/meme-template-id/Social_Media/random_sampled/sample_0719.jpg,Template-Free,Template-Free,10390,0.99784625
sample_0720.jpg,/path/to/meme-template-id/Social_Media/random_sampled/sample_0720.jpg,assassination-chain,Templated-Meme,3628,0.9999148
sample_0721.jpg,/path/to/meme-template-id/Social_Media/random_sampled/sample_0721.jpg,Non-Meme,Non-Meme,9870,0.9820332
sample_0722.jpg,/path/to/meme-template-id/Social_Media/random_sampled/sample_0722.jpg,joe-biden-worries,Templated-Meme,8611,0.9942
sample_0723.jpg,/path/to/meme-template-id/Social_Media/random_sampled/sample_0723.jpg,bad-advice-cat,Templated-Meme,2392,0.99831784
sample_0724.jpg,/path/to/meme-template-id/Social_Media/random_sampled/sample_0724.jpg,Template-Free,Template-Free,7070,0.9997354
sample_0725.jpg,/path/to/meme-template-id/Social_Media/random_sampled/sample_0725.jpg,okay-truck,Templated-Meme,11226,0.9860088
sample_0726.jpg,/path/to/meme-template-id/Social_Media/random_sampled/sample_0726.jpg,Template-Free,Template-Free,8317,0.99359107
sample_0727.jpg,/path/to/meme-template-id/Social_Media/random_sampled/sample_0727.jpg,Template-Free,Template-Free,13917,0.9912378
sample_0728.jpg,/path/to/meme-template-id/Social_Media/random_sampled/sample_0728.jpg,Template-Free,Template-Free,11061,0.99884284
sample_0729.jpg,/path/to/meme-template-id/Social_Media/random_sampled/sample_0729.jpg,Template-Free,Template-Free,3142,0.99937236
sample_0730.jpg,/path/to/meme-template-id/Social_Media/random_sampled/sample_0730.jpg,Template-Free,Template-Free,1979,0.98300284
sample_0731.jpg,/path/to/meme-template-id/Social_Media/random_sampled/sample_0731.jpg,nyan_cat,Templated-Meme,853,0.9997246
sample_0732.jpg,/path/to/meme-template-id/Social_Media/random_sampled/sample_0732.jpg,Template-Free,Template-Free,9758,0.9875833
sample_0733.jpg,/path/to/meme-template-id/Social_Media/random_sampled/sample_0733.jpg,x-x-everywhere,Templated-Meme,6158,0.9975655
sample_0734.jpg,/path/to/meme-template-id/Social_Media/random_sampled/sample_0734.jpg,Template-Free,Template-Free,14082,0.99880546
sample_0735.jpg,/path/to/meme-template-id/Social_Media/random_sampled/sample_0735.jpg,Template-Free,Template-Free,5220,0.9959173
sample_0736.jpg,/path/to/meme-template-id/Social_Media/random_sampled/sample_0736.jpg,panik-kalm-panik,Templated-Meme,222,0.99950004
sample_0737.jpg,/path/to/meme-template-id/Social_Media/random_sampled/sample_0737.jpg,mr-incredible-becoming-uncanny,Templated-Meme,7522,0.98071504
sample_0738.jpg,/path/to/meme-template-id/Social_Media/random_sampled/sample_0738.jpg,spongebob_hype_stand,Templated-Meme,808,0.9991125
sample_0739.jpg,/path/to/meme-template-id/Social_Media/random_sampled/sample_0739.jpg,Template-Free,Template-Free,6738,0.9999919
sample_0740.jpg,/path/to/meme-template-id/Social_Media/random_sampled/sample_0740.jpg,Template-Free,Template-Free,7980,0.98944193
sample_0741.jpg,/path/to/meme-template-id/Social_Media/random_sampled/sample_0741.jpg,its-free-real-estate,Templated-Meme,13508,0.99466985
sample_0742.jpg,/path/to/meme-template-id/Social_Media/random_sampled/sample_0742.jpg,bald-indian-guy,Templated-Meme,5419,0.9999079
sample_0743.jpg,/path/to/meme-template-id/Social_Media/random_sampled/sample_0743.jpg,Template-Free,Template-Free,10584,0.9836191
sample_0744.jpg,/path/to/meme-template-id/Social_Media/random_sampled/sample_0744.jpg,Template-Free,Template-Free,6955,0.96118164
sample_0745.jpg,/path/to/meme-template-id/Social_Media/random_sampled/sample_0745.jpg,banned-from-roblox,Templated-Meme,13064,0.9932764
sample_0746.jpg,/path/to/meme-template-id/Social_Media/random_sampled/sample_0746.jpg,obama-no-listen,Templated-Meme,8297,0.9983422
sample_0747.jpg,/path/to/meme-template-id/Social_Media/random_sampled/sample_0747.jpg,Template-Free,Template-Free,8048,0.9931217
sample_0748.jpg,/path/to/meme-template-id/Social_Media/random_sampled/sample_0748.jpg,Template-Free,Template-Free,5542,0.9999368
sample_0749.jpg,/path/to/meme-template-id/Social_Media/random_sampled/sample_0749.jpg,average-blank-fan-vs-average-blank-enjoyer,Templated-Meme,3527,0.99956745
sample_0750.jpg,/path/to/meme-template-id/Social_Media/random_sampled/sample_0750.jpg,Template-Free,Template-Free,1336,0.9999816
sample_0751.jpg,/path/to/meme-template-id/Social_Media/random_sampled/sample_0751.jpg,Template-Free,Template-Free,14573,0.9983589
sample_0752.jpg,/path/to/meme-template-id/Social_Media/random_sampled/sample_0752.jpg,Template-Free,Template-Free,5329,0.9464002
sample_0753.jpg,/path/to/meme-template-id/Social_Media/random_sampled/sample_0753.jpg,Template-Free,Template-Free,8690,0.98817575
sample_0754.jpg,/path/to/meme-template-id/Social_Media/random_sampled/sample_0754.jpg,Template-Free,Template-Free,7306,0.9903285
sample_0755.jpg,/path/to/meme-template-id/Social_Media/random_sampled/sample_0755.jpg,Template-Free,Template-Free,12812,0.99620616
sample_0756.jpg,/path/to/meme-template-id/Social_Media/random_sampled/sample_0756.jpg,Non-Meme,Non-Meme,9017,0.9886633
sample_0757.jpg,/path/to/meme-template-id/Social_Media/random_sampled/sample_0757.jpg,Template-Free,Template-Free,11629,0.98682183
sample_0758.jpg,/path/to/meme-template-id/Social_Media/random_sampled/sample_0758.jpg,venn_diagram,Templated-Meme,13316,0.9999027
sample_0759.jpg,/path/to/meme-template-id/Social_Media/random_sampled/sample_0759.jpg,welcome-to-the-internets,Templated-Meme,7886,0.99976283
sample_0760.jpg,/path/to/meme-template-id/Social_Media/random_sampled/sample_0760.jpg,Template-Free,Template-Free,5976,0.9723738
sample_0761.jpg,/path/to/meme-template-id/Social_Media/random_sampled/sample_0761.jpg,Template-Free,Template-Free,4128,1.0000216
sample_0762.jpg,/path/to/meme-template-id/Social_Media/random_sampled/sample_0762.jpg,Template-Free,Template-Free,9384,0.9790367
sample_0763.jpg,/path/to/meme-template-id/Social_Media/random_sampled/sample_0763.jpg,Template-Free,Template-Free,12243,0.97910523
sample_0764.jpg,/path/to/meme-template-id/Social_Media/random_sampled/sample_0764.jpg,finally-inner-peace,Templated-Meme,11435,0.99116564
sample_0765.jpg,/path/to/meme-template-id/Social_Media/random_sampled/sample_0765.jpg,Template-Free,Template-Free,11718,0.9954475
sample_0766.jpg,/path/to/meme-template-id/Social_Media/random_sampled/sample_0766.jpg,Non-Meme,Non-Meme,13699,0.998972
sample_0767.jpg,/path/to/meme-template-id/Social_Media/random_sampled/sample_0767.jpg,Template-Free,Template-Free,14732,0.99795467
sample_0768.jpg,/path/to/meme-template-id/Social_Media/random_sampled/sample_0768.jpg,skeletor-disturbing-facts,Templated-Meme,348,1.00018
sample_0769.jpg,/path/to/meme-template-id/Social_Media/random_sampled/sample_0769.jpg,Template-Free,Template-Free,7243,0.98004717
sample_0770.jpg,/path/to/meme-template-id/Social_Media/random_sampled/sample_0770.jpg,Template-Free,Template-Free,14539,0.99935436
sample_0771.jpg,/path/to/meme-template-id/Social_Media/random_sampled/sample_0771.jpg,anti-joke-chicken,Templated-Meme,13774,0.99843186
sample_0772.jpg,/path/to/meme-template-id/Social_Media/random_sampled/sample_0772.jpg,la-vieja-confiable,Templated-Meme,14179,0.99843806
sample_0773.jpg,/path/to/meme-template-id/Social_Media/random_sampled/sample_0773.jpg,Template-Free,Template-Free,6313,0.9973024
sample_0774.jpg,/path/to/meme-template-id/Social_Media/random_sampled/sample_0774.jpg,Non-Meme,Non-Meme,1702,0.9999803
sample_0775.jpg,/path/to/meme-template-id/Social_Media/random_sampled/sample_0775.jpg,its-not-going-to-happen,Templated-Meme,4906,0.9997398
sample_0776.jpg,/path/to/meme-template-id/Social_Media/random_sampled/sample_0776.jpg,woman-yelling-at-cat,Templated-Meme,1030,0.99968684
sample_0777.jpg,/path/to/meme-template-id/Social_Media/random_sampled/sample_0777.jpg,deadpool-surprised,Templated-Meme,9040,0.99982893
sample_0778.jpg,/path/to/meme-template-id/Social_Media/random_sampled/sample_0778.jpg,Template-Free,Template-Free,10879,0.985704
sample_0779.jpg,/path/to/meme-template-id/Social_Media/random_sampled/sample_0779.jpg,Template-Free,Template-Free,14519,0.99784577
sample_0780.jpg,/path/to/meme-template-id/Social_Media/random_sampled/sample_0780.jpg,Non-Meme,Non-Meme,14757,0.9998863
sample_0781.jpg,/path/to/meme-template-id/Social_Media/random_sampled/sample_0781.jpg,god,Templated-Meme,9917,0.99587464
sample_0782.jpg,/path/to/meme-template-id/Social_Media/random_sampled/sample_0782.jpg,drake_hotline_bling_normal,Templated-Meme,1535,0.9970168
sample_0783.jpg,/path/to/meme-template-id/Social_Media/random_sampled/sample_0783.jpg,Non-Meme,Non-Meme,10258,0.97523683
sample_0784.jpg,/path/to/meme-template-id/Social_Media/random_sampled/sample_0784.jpg,Template-Free,Template-Free,8474,0.9950583
sample_0785.jpg,/path/to/meme-template-id/Social_Media/random_sampled/sample_0785.jpg,Template-Free,Template-Free,10778,0.9896763
sample_0786.jpg,/path/to/meme-template-id/Social_Media/random_sampled/sample_0786.jpg,Template-Free,Template-Free,14091,0.9958496
sample_0787.jpg,/path/to/meme-template-id/Social_Media/random_sampled/sample_0787.jpg,Template-Free,Template-Free,14658,1.0000372
sample_0788.jpg,/path/to/meme-template-id/Social_Media/random_sampled/sample_0788.jpg,Template-Free,Template-Free,11042,0.9937937
sample_0789.jpg,/path/to/meme-template-id/Social_Media/random_sampled/sample_0789.jpg,stonks,Templated-Meme,5268,0.9990255
sample_0790.jpg,/path/to/meme-template-id/Social_Media/random_sampled/sample_0790.jpg,Non-Meme,Non-Meme,6973,0.964905
sample_0791.jpg,/path/to/meme-template-id/Social_Media/random_sampled/sample_0791.jpg,Template-Free,Template-Free,3668,0.96345603
sample_0792.jpg,/path/to/meme-template-id/Social_Media/random_sampled/sample_0792.jpg,expanding-brain,Templated-Meme,460,1.0001469
sample_0793.jpg,/path/to/meme-template-id/Social_Media/random_sampled/sample_0793.jpg,Template-Free,Template-Free,9616,0.9713138
sample_0794.jpg,/path/to/meme-template-id/Social_Media/random_sampled/sample_0794.jpg,now-all-of-china-knows-youre-here,Templated-Meme,9664,0.99206084
sample_0795.jpg,/path/to/meme-template-id/Social_Media/random_sampled/sample_0795.jpg,Template-Free,Template-Free,11641,0.999578
sample_0796.jpg,/path/to/meme-template-id/Social_Media/random_sampled/sample_0796.jpg,Template-Free,Template-Free,8126,0.99121064
sample_0797.jpg,/path/to/meme-template-id/Social_Media/random_sampled/sample_0797.jpg,Template-Free,Template-Free,14448,0.9966942
sample_0798.jpg,/path/to/meme-template-id/Social_Media/random_sampled/sample_0798.jpg,Non-Meme,Non-Meme,3165,0.9966576
sample_0799.jpg,/path/to/meme-template-id/Social_Media/random_sampled/sample_0799.jpg,Template-Free,Template-Free,541,1.0000136
sample_0800.jpg,/path/to/meme-template-id/Social_Media/random_sampled/sample_0800.jpg,Template-Free,Template-Free,9072,0.99997216
sample_0801.jpg,/path/to/meme-template-id/Social_Media/random_sampled/sample_0801.jpg,kevin-hart,Templated-Meme,5723,0.99785596
sample_0802.jpg,/path/to/meme-template-id/Social_Media/random_sampled/sample_0802.jpg,Template-Free,Template-Free,8242,0.9925258
sample_0803.jpg,/path/to/meme-template-id/Social_Media/random_sampled/sample_0803.jpg,Template-Free,Template-Free,9767,0.9999036
sample_0804.jpg,/path/to/meme-template-id/Social_Media/random_sampled/sample_0804.jpg,Template-Free,Template-Free,9115,0.99102104
sample_0805.jpg,/path/to/meme-template-id/Social_Media/random_sampled/sample_0805.jpg,Template-Free,Template-Free,14666,0.9974
sample_0806.jpg,/path/to/meme-template-id/Social_Media/random_sampled/sample_0806.jpg,Template-Free,Template-Free,2655,0.9923289
sample_0807.jpg,/path/to/meme-template-id/Social_Media/random_sampled/sample_0807.jpg,Template-Free,Template-Free,740,0.9999741
sample_0808.jpg,/path/to/meme-template-id/Social_Media/random_sampled/sample_0808.jpg,overjoyed,Templated-Meme,9858,0.99638194
sample_0809.jpg,/path/to/meme-template-id/Social_Media/random_sampled/sample_0809.jpg,Template-Free,Template-Free,11919,0.998489
sample_0810.jpg,/path/to/meme-template-id/Social_Media/random_sampled/sample_0810.jpg,Template-Free,Template-Free,11464,0.99962765
sample_0811.jpg,/path/to/meme-template-id/Social_Media/random_sampled/sample_0811.jpg,Template-Free,Template-Free,14632,0.9999739
sample_0812.jpg,/path/to/meme-template-id/Social_Media/random_sampled/sample_0812.jpg,Template-Free,Template-Free,14771,0.9954322
sample_0813.jpg,/path/to/meme-template-id/Social_Media/random_sampled/sample_0813.jpg,genie_rules_meme,Templated-Meme,150,0.9998839
sample_0814.jpg,/path/to/meme-template-id/Social_Media/random_sampled/sample_0814.jpg,Template-Free,Template-Free,13780,0.9999561
sample_0815.jpg,/path/to/meme-template-id/Social_Media/random_sampled/sample_0815.jpg,Template-Free,Template-Free,13484,0.99633366
sample_0816.jpg,/path/to/meme-template-id/Social_Media/random_sampled/sample_0816.jpg,Template-Free,Template-Free,7468,0.99463874
sample_0817.jpg,/path/to/meme-template-id/Social_Media/random_sampled/sample_0817.jpg,Template-Free,Template-Free,11985,0.9986972
sample_0818.jpg,/path/to/meme-template-id/Social_Media/random_sampled/sample_0818.jpg,Template-Free,Template-Free,13853,0.99380916
sample_0819.jpg,/path/to/meme-template-id/Social_Media/random_sampled/sample_0819.jpg,unsettled-tom,Templated-Meme,11705,0.9984549
sample_0820.jpg,/path/to/meme-template-id/Social_Media/random_sampled/sample_0820.jpg,angry-chef-gordon-ramsay,Templated-Meme,4643,0.9991889
sample_0821.jpg,/path/to/meme-template-id/Social_Media/random_sampled/sample_0821.jpg,Template-Free,Template-Free,14687,0.9961587
sample_0822.jpg,/path/to/meme-template-id/Social_Media/random_sampled/sample_0822.jpg,Template-Free,Template-Free,10199,0.99816465
sample_0823.jpg,/path/to/meme-template-id/Social_Media/random_sampled/sample_0823.jpg,Template-Free,Template-Free,14342,0.99868923
sample_0824.jpg,/path/to/meme-template-id/Social_Media/random_sampled/sample_0824.jpg,lisa-simpsons-presentation,Templated-Meme,8209,0.9973216
sample_0825.jpg,/path/to/meme-template-id/Social_Media/random_sampled/sample_0825.jpg,socially-awesome-awkward-penguin,Templated-Meme,12267,0.9966062
sample_0826.jpg,/path/to/meme-template-id/Social_Media/random_sampled/sample_0826.jpg,Non-Meme,Non-Meme,14783,0.9982213
sample_0827.jpg,/path/to/meme-template-id/Social_Media/random_sampled/sample_0827.jpg,Template-Free,Template-Free,13857,0.99768275
sample_0828.jpg,/path/to/meme-template-id/Social_Media/random_sampled/sample_0828.jpg,two-buttons,Templated-Meme,41,1.0000781
sample_0829.jpg,/path/to/meme-template-id/Social_Media/random_sampled/sample_0829.jpg,Template-Free,Template-Free,10338,0.9753137
sample_0830.jpg,/path/to/meme-template-id/Social_Media/random_sampled/sample_0830.jpg,left-exit-12-off-ramp,Templated-Meme,38,0.9996877
sample_0831.jpg,/path/to/meme-template-id/Social_Media/random_sampled/sample_0831.jpg,Non-Meme,Non-Meme,10099,0.95169896
sample_0832.jpg,/path/to/meme-template-id/Social_Media/random_sampled/sample_0832.jpg,Non-Meme,Non-Meme,11694,0.9998169
sample_0833.jpg,/path/to/meme-template-id/Social_Media/random_sampled/sample_0833.jpg,s06_grus_plan_four_five_panel,Templated-Meme,216,0.99991596
sample_0834.jpg,/path/to/meme-template-id/Social_Media/random_sampled/sample_0834.jpg,Template-Free,Template-Free,13084,0.9941812
sample_0835.jpg,/path/to/meme-template-id/Social_Media/random_sampled/sample_0835.jpg,Template-Free,Template-Free,4654,0.9665126
sample_0836.jpg,/path/to/meme-template-id/Social_Media/random_sampled/sample_0836.jpg,Non-Meme,Non-Meme,9930,0.96491915
sample_0837.jpg,/path/to/meme-template-id/Social_Media/random_sampled/sample_0837.jpg,Template-Free,Template-Free,7482,0.99799967
sample_0838.jpg,/path/to/meme-template-id/Social_Media/random_sampled/sample_0838.jpg,Template-Free,Template-Free,8976,0.999687
sample_0839.jpg,/path/to/meme-template-id/Social_Media/random_sampled/sample_0839.jpg,Template-Free,Template-Free,10264,0.9994183
sample_0840.jpg,/path/to/meme-template-id/Social_Media/random_sampled/sample_0840.jpg,Template-Free,Template-Free,12558,0.9971503
sample_0841.jpg,/path/to/meme-template-id/Social_Media/random_sampled/sample_0841.jpg,Template-Free,Template-Free,7341,0.96863484
sample_0842.jpg,/path/to/meme-template-id/Social_Media/random_sampled/sample_0842.jpg,black-guy-crying-and-black-guy-laughing,Templated-Meme,6350,0.99942815
sample_0843.jpg,/path/to/meme-template-id/Social_Media/random_sampled/sample_0843.jpg,Template-Free,Template-Free,6641,0.9822752
sample_0844.jpg,/path/to/meme-template-id/Social_Media/random_sampled/sample_0844.jpg,Template-Free,Template-Free,9170,0.98587173
sample_0845.jpg,/path/to/meme-template-id/Social_Media/random_sampled/sample_0845.jpg,Template-Free,Template-Free,6677,0.97852355
sample_0846.jpg,/path/to/meme-template-id/Social_Media/random_sampled/sample_0846.jpg,Template-Free,Template-Free,14598,0.9972315
sample_0847.jpg,/path/to/meme-template-id/Social_Media/random_sampled/sample_0847.jpg,Non-Meme,Non-Meme,10532,0.99607646
sample_0848.jpg,/path/to/meme-template-id/Social_Media/random_sampled/sample_0848.jpg,Non-Meme,Non-Meme,12893,0.989966
sample_0849.jpg,/path/to/meme-template-id/Social_Media/random_sampled/sample_0849.jpg,Template-Free,Template-Free,4160,0.9997137
sample_0850.jpg,/path/to/meme-template-id/Social_Media/random_sampled/sample_0850.jpg,you-wouldnt-get-it,Templated-Meme,12374,0.9860719
sample_0851.jpg,/path/to/meme-template-id/Social_Media/random_sampled/sample_0851.jpg,Template-Free,Template-Free,11460,0.9954151
sample_0852.jpg,/path/to/meme-template-id/Social_Media/random_sampled/sample_0852.jpg,blank_white_template,Templated-Meme,66,1.0002174
sample_0853.jpg,/path/to/meme-template-id/Social_Media/random_sampled/sample_0853.jpg,elmo-cocaine,Templated-Meme,9531,0.9994716
sample_0854.jpg,/path/to/meme-template-id/Social_Media/random_sampled/sample_0854.jpg,Template-Free,Template-Free,13538,0.99790174
sample_0855.jpg,/path/to/meme-template-id/Social_Media/random_sampled/sample_0855.jpg,blank-bingo,Templated-Meme,7684,0.99380517
sample_0856.jpg,/path/to/meme-template-id/Social_Media/random_sampled/sample_0856.jpg,girl-running,Templated-Meme,8596,0.9994943
sample_0857.jpg,/path/to/meme-template-id/Social_Media/random_sampled/sample_0857.jpg,Template-Free,Template-Free,12151,0.98460984
sample_0858.jpg,/path/to/meme-template-id/Social_Media/random_sampled/sample_0858.jpg,Template-Free,Template-Free,13525,0.9929077
sample_0859.jpg,/path/to/meme-template-id/Social_Media/random_sampled/sample_0859.jpg,Template-Free,Template-Free,12954,1.0000117
sample_0860.jpg,/path/to/meme-template-id/Social_Media/random_sampled/sample_0860.jpg,Template-Free,Template-Free,11487,0.9935318
sample_0861.jpg,/path/to/meme-template-id/Social_Media/random_sampled/sample_0861.jpg,Template-Free,Template-Free,2816,0.9998323
sample_0862.jpg,/path/to/meme-template-id/Social_Media/random_sampled/sample_0862.jpg,Template-Free,Template-Free,9326,0.99345577
sample_0863.jpg,/path/to/meme-template-id/Social_Media/random_sampled/sample_0863.jpg,black-guy-stopping,Templated-Meme,8940,0.9793154
sample_0864.jpg,/path/to/meme-template-id/Social_Media/random_sampled/sample_0864.jpg,Template-Free,Template-Free,12995,0.98557615
sample_0865.jpg,/path/to/meme-template-id/Social_Media/random_sampled/sample_0865.jpg,good-guy-putin,Templated-Meme,11780,0.9999648
sample_0866.jpg,/path/to/meme-template-id/Social_Media/random_sampled/sample_0866.jpg,Template-Free,Template-Free,706,1.0000885
sample_0867.jpg,/path/to/meme-template-id/Social_Media/random_sampled/sample_0867.jpg,big_bird,Templated-Meme,2022,0.9569501
sample_0868.jpg,/path/to/meme-template-id/Social_Media/random_sampled/sample_0868.jpg,Template-Free,Template-Free,14782,0.99956477
sample_0869.jpg,/path/to/meme-template-id/Social_Media/random_sampled/sample_0869.jpg,Template-Free,Template-Free,8277,0.9734724
sample_0870.jpg,/path/to/meme-template-id/Social_Media/random_sampled/sample_0870.jpg,tuxedo-winnie-the-pooh-3-panel,Templated-Meme,5244,0.999816
sample_0871.jpg,/path/to/meme-template-id/Social_Media/random_sampled/sample_0871.jpg,Template-Free,Template-Free,8967,0.9569522
sample_0872.jpg,/path/to/meme-template-id/Social_Media/random_sampled/sample_0872.jpg,say-what-again,Templated-Meme,3837,0.97676045
sample_0873.jpg,/path/to/meme-template-id/Social_Media/random_sampled/sample_0873.jpg,Template-Free,Template-Free,13702,0.99083287
sample_0874.jpg,/path/to/meme-template-id/Social_Media/random_sampled/sample_0874.jpg,batman-signal,Templated-Meme,13632,0.9975903
sample_0875.jpg,/path/to/meme-template-id/Social_Media/random_sampled/sample_0875.jpg,what-gives-people-feelings-of-power,Templated-Meme,11692,0.9931053
sample_0876.jpg,/path/to/meme-template-id/Social_Media/random_sampled/sample_0876.jpg,Template-Free,Template-Free,6824,0.9881531
sample_0877.jpg,/path/to/meme-template-id/Social_Media/random_sampled/sample_0877.jpg,Non-Meme,Non-Meme,14571,0.99641454
sample_0878.jpg,/path/to/meme-template-id/Social_Media/random_sampled/sample_0878.jpg,Non-Meme,Non-Meme,163,0.99967766
sample_0879.jpg,/path/to/meme-template-id/Social_Media/random_sampled/sample_0879.jpg,doge,Templated-Meme,7543,0.9991974
sample_0880.jpg,/path/to/meme-template-id/Social_Media/random_sampled/sample_0880.jpg,Template-Free,Template-Free,12558,0.99834406
sample_0881.jpg,/path/to/meme-template-id/Social_Media/random_sampled/sample_0881.jpg,Template-Free,Template-Free,9912,0.9869364
sample_0882.jpg,/path/to/meme-template-id/Social_Media/random_sampled/sample_0882.jpg,hamtaro,Templated-Meme,5561,0.9974705
sample_0883.jpg,/path/to/meme-template-id/Social_Media/random_sampled/sample_0883.jpg,Template-Free,Template-Free,3668,0.99525124
sample_0884.jpg,/path/to/meme-template-id/Social_Media/random_sampled/sample_0884.jpg,guess-ill-die,Templated-Meme,14303,0.9998845
sample_0885.jpg,/path/to/meme-template-id/Social_Media/random_sampled/sample_0885.jpg,Template-Free,Template-Free,2677,0.9337132
sample_0886.jpg,/path/to/meme-template-id/Social_Media/random_sampled/sample_0886.jpg,Template-Free,Template-Free,6955,0.9779842
sample_0887.jpg,/path/to/meme-template-id/Social_Media/random_sampled/sample_0887.jpg,Non-Meme,Non-Meme,8094,0.9792212
sample_0888.jpg,/path/to/meme-template-id/Social_Media/random_sampled/sample_0888.jpg,monkey-looking-away,Templated-Meme,13996,0.9997717
sample_0889.jpg,/path/to/meme-template-id/Social_Media/random_sampled/sample_0889.jpg,Template-Free,Template-Free,12384,0.9940381
sample_0890.jpg,/path/to/meme-template-id/Social_Media/random_sampled/sample_0890.jpg,Template-Free,Template-Free,10734,0.98903257
sample_0891.jpg,/path/to/meme-template-id/Social_Media/random_sampled/sample_0891.jpg,Template-Free,Template-Free,334,0.9999473
sample_0892.jpg,/path/to/meme-template-id/Social_Media/random_sampled/sample_0892.jpg,Template-Free,Template-Free,8542,0.9745612
sample_0893.jpg,/path/to/meme-template-id/Social_Media/random_sampled/sample_0893.jpg,Template-Free,Template-Free,14628,0.99939024
sample_0894.jpg,/path/to/meme-template-id/Social_Media/random_sampled/sample_0894.jpg,Template-Free,Template-Free,10010,0.97806984
sample_0895.jpg,/path/to/meme-template-id/Social_Media/random_sampled/sample_0895.jpg,Template-Free,Template-Free,12280,0.9954081
sample_0896.jpg,/path/to/meme-template-id/Social_Media/random_sampled/sample_0896.jpg,Template-Free,Template-Free,4762,0.9966273
sample_0897.jpg,/path/to/meme-template-id/Social_Media/random_sampled/sample_0897.jpg,Template-Free,Template-Free,8527,0.98979664
sample_0898.jpg,/path/to/meme-template-id/Social_Media/random_sampled/sample_0898.jpg,marvel-civil-war,Templated-Meme,2589,0.9997842
sample_0899.jpg,/path/to/meme-template-id/Social_Media/random_sampled/sample_0899.jpg,Template-Free,Template-Free,14483,0.9932635
sample_0900.jpg,/path/to/meme-template-id/Social_Media/random_sampled/sample_0900.jpg,Non-Meme,Non-Meme,7123,0.9870743
sample_0901.jpg,/path/to/meme-template-id/Social_Media/random_sampled/sample_0901.jpg,clippy,Templated-Meme,12014,0.9939466
sample_0902.jpg,/path/to/meme-template-id/Social_Media/random_sampled/sample_0902.jpg,spiderman-presentation,Templated-Meme,147,0.9998674
sample_0903.jpg,/path/to/meme-template-id/Social_Media/random_sampled/sample_0903.jpg,Template-Free,Template-Free,9001,0.98597556
sample_0904.jpg,/path/to/meme-template-id/Social_Media/random_sampled/sample_0904.jpg,Template-Free,Template-Free,9452,1.000069
sample_0905.jpg,/path/to/meme-template-id/Social_Media/random_sampled/sample_0905.jpg,Non-Meme,Non-Meme,8093,0.9819032
sample_0906.jpg,/path/to/meme-template-id/Social_Media/random_sampled/sample_0906.jpg,Template-Free,Template-Free,7186,0.9640522
sample_0907.jpg,/path/to/meme-template-id/Social_Media/random_sampled/sample_0907.jpg,baby-insanity-wolf,Templated-Meme,13383,0.99495447
sample_0908.jpg,/path/to/meme-template-id/Social_Media/random_sampled/sample_0908.jpg,laughing-leo,Templated-Meme,5435,0.99915504
sample_0909.jpg,/path/to/meme-template-id/Social_Media/random_sampled/sample_0909.jpg,Non-Meme,Non-Meme,13223,0.9985971
sample_0910.jpg,/path/to/meme-template-id/Social_Media/random_sampled/sample_0910.jpg,Template-Free,Template-Free,1835,0.9304079
sample_0911.jpg,/path/to/meme-template-id/Social_Media/random_sampled/sample_0911.jpg,barbosa-and-sparrow,Templated-Meme,7108,0.9990987
sample_0912.jpg,/path/to/meme-template-id/Social_Media/random_sampled/sample_0912.jpg,Template-Free,Template-Free,1172,0.99990475
sample_0913.jpg,/path/to/meme-template-id/Social_Media/random_sampled/sample_0913.jpg,Template-Free,Template-Free,8897,0.9858496
sample_0914.jpg,/path/to/meme-template-id/Social_Media/random_sampled/sample_0914.jpg,Template-Free,Template-Free,6513,1.0000207
sample_0915.jpg,/path/to/meme-template-id/Social_Media/random_sampled/sample_0915.jpg,Template-Free,Template-Free,11431,0.99038386
sample_0916.jpg,/path/to/meme-template-id/Social_Media/random_sampled/sample_0916.jpg,Non-Meme,Non-Meme,4874,0.99984616
sample_0917.jpg,/path/to/meme-template-id/Social_Media/random_sampled/sample_0917.jpg,Template-Free,Template-Free,14160,0.9966298
sample_0918.jpg,/path/to/meme-template-id/Social_Media/random_sampled/sample_0918.jpg,Template-Free,Template-Free,5943,0.9906829
sample_0919.jpg,/path/to/meme-template-id/Social_Media/random_sampled/sample_0919.jpg,Template-Free,Template-Free,5972,0.98527646
sample_0920.jpg,/path/to/meme-template-id/Social_Media/random_sampled/sample_0920.jpg,Template-Free,Template-Free,11253,0.9862694
sample_0921.jpg,/path/to/meme-template-id/Social_Media/random_sampled/sample_0921.jpg,Template-Free,Template-Free,10612,0.9901806
sample_0922.jpg,/path/to/meme-template-id/Social_Media/random_sampled/sample_0922.jpg,Template-Free,Template-Free,13362,0.9972107
sample_0923.jpg,/path/to/meme-template-id/Social_Media/random_sampled/sample_0923.jpg,obama-medal,Templated-Meme,6030,0.98497623
sample_0924.jpg,/path/to/meme-template-id/Social_Media/random_sampled/sample_0924.jpg,Template-Free,Template-Free,10331,0.96395606
sample_0925.jpg,/path/to/meme-template-id/Social_Media/random_sampled/sample_0925.jpg,no_i_dont_think_i_will,Templated-Meme,422,0.99992555
sample_0926.jpg,/path/to/meme-template-id/Social_Media/random_sampled/sample_0926.jpg,Template-Free,Template-Free,13322,0.99903
sample_0927.jpg,/path/to/meme-template-id/Social_Media/random_sampled/sample_0927.jpg,Non-Meme,Non-Meme,9044,0.98293597
sample_0928.jpg,/path/to/meme-template-id/Social_Media/random_sampled/sample_0928.jpg,Non-Meme,Non-Meme,14611,0.99973273
sample_0929.jpg,/path/to/meme-template-id/Social_Media/random_sampled/sample_0929.jpg,look-son,Templated-Meme,9697,0.97994125
sample_0930.jpg,/path/to/meme-template-id/Social_Media/random_sampled/sample_0930.jpg,whe-im-in-a-competition-and-my-opponent-is,Templated-Meme,12113,0.968655
sample_0931.jpg,/path/to/meme-template-id/Social_Media/random_sampled/sample_0931.jpg,red-pill-blue-pill,Templated-Meme,7564,0.98629373
sample_0932.jpg,/path/to/meme-template-id/Social_Media/random_sampled/sample_0932.jpg,Template-Free,Template-Free,447,1.0000877
sample_0933.jpg,/path/to/meme-template-id/Social_Media/random_sampled/sample_0933.jpg,Template-Free,Template-Free,4321,0.9587688
sample_0934.jpg,/path/to/meme-template-id/Social_Media/random_sampled/sample_0934.jpg,Non-Meme,Non-Meme,9068,0.980359
sample_0935.jpg,/path/to/meme-template-id/Social_Media/random_sampled/sample_0935.jpg,Non-Meme,Non-Meme,12025,0.99730307
sample_0936.jpg,/path/to/meme-template-id/Social_Media/random_sampled/sample_0936.jpg,Template-Free,Template-Free,3717,0.99232256
sample_0937.jpg,/path/to/meme-template-id/Social_Media/random_sampled/sample_0937.jpg,Template-Free,Template-Free,2142,0.96536124
sample_0938.jpg,/path/to/meme-template-id/Social_Media/random_sampled/sample_0938.jpg,Non-Meme,Non-Meme,8410,0.9810545
sample_0939.jpg,/path/to/meme-template-id/Social_Media/random_sampled/sample_0939.jpg,Non-Meme,Non-Meme,14745,0.9981089
sample_0940.jpg,/path/to/meme-template-id/Social_Media/random_sampled/sample_0940.jpg,Non-Meme,Non-Meme,13791,0.99899244
sample_0941.jpg,/path/to/meme-template-id/Social_Media/random_sampled/sample_0941.jpg,kermit-window,Templated-Meme,8960,0.9728792
sample_0942.jpg,/path/to/meme-template-id/Social_Media/random_sampled/sample_0942.jpg,Template-Free,Template-Free,13284,0.9949626
sample_0943.jpg,/path/to/meme-template-id/Social_Media/random_sampled/sample_0943.jpg,Template-Free,Template-Free,14120,0.9960523
sample_0944.jpg,/path/to/meme-template-id/Social_Media/random_sampled/sample_0944.jpg,Template-Free,Template-Free,14341,0.9988022
sample_0945.jpg,/path/to/meme-template-id/Social_Media/random_sampled/sample_0945.jpg,Template-Free,Template-Free,13266,0.9996925
sample_0946.jpg,/path/to/meme-template-id/Social_Media/random_sampled/sample_0946.jpg,Template-Free,Template-Free,7009,0.98118913
sample_0947.jpg,/path/to/meme-template-id/Social_Media/random_sampled/sample_0947.jpg,Template-Free,Template-Free,6642,0.99994177
sample_0948.jpg,/path/to/meme-template-id/Social_Media/random_sampled/sample_0948.jpg,Template-Free,Template-Free,14782,0.9996009
sample_0949.jpg,/path/to/meme-template-id/Social_Media/random_sampled/sample_0949.jpg,Template-Free,Template-Free,14134,0.9985236
sample_0950.jpg,/path/to/meme-template-id/Social_Media/random_sampled/sample_0950.jpg,Non-Meme,Non-Meme,8639,0.9992128
sample_0951.jpg,/path/to/meme-template-id/Social_Media/random_sampled/sample_0951.jpg,Template-Free,Template-Free,14683,0.99837756
sample_0952.jpg,/path/to/meme-template-id/Social_Media/random_sampled/sample_0952.jpg,Template-Free,Template-Free,13070,0.9935921
sample_0953.jpg,/path/to/meme-template-id/Social_Media/random_sampled/sample_0953.jpg,elmo-fire,Templated-Meme,11346,0.9935749
sample_0954.jpg,/path/to/meme-template-id/Social_Media/random_sampled/sample_0954.jpg,Template-Free,Template-Free,8376,0.99372935
sample_0955.jpg,/path/to/meme-template-id/Social_Media/random_sampled/sample_0955.jpg,jason-momoa-henry-cavill-meme,Templated-Meme,12129,0.9991172
sample_0956.jpg,/path/to/meme-template-id/Social_Media/random_sampled/sample_0956.jpg,Non-Meme,Non-Meme,3229,0.9925266
sample_0957.jpg,/path/to/meme-template-id/Social_Media/random_sampled/sample_0957.jpg,what-do-we-want,Templated-Meme,9563,0.99424005
sample_0958.jpg,/path/to/meme-template-id/Social_Media/random_sampled/sample_0958.jpg,Template-Free,Template-Free,13934,0.9994562
sample_0959.jpg,/path/to/meme-template-id/Social_Media/random_sampled/sample_0959.jpg,Template-Free,Template-Free,13310,0.99762034
sample_0960.jpg,/path/to/meme-template-id/Social_Media/random_sampled/sample_0960.jpg,Template-Free,Template-Free,5855,0.9988828
sample_0961.jpg,/path/to/meme-template-id/Social_Media/random_sampled/sample_0961.jpg,Template-Free,Template-Free,14771,0.99877155
sample_0962.jpg,/path/to/meme-template-id/Social_Media/random_sampled/sample_0962.jpg,Template-Free,Template-Free,8207,0.9999986
sample_0963.jpg,/path/to/meme-template-id/Social_Media/random_sampled/sample_0963.jpg,Non-Meme,Non-Meme,13794,0.9988408
sample_0964.jpg,/path/to/meme-template-id/Social_Media/random_sampled/sample_0964.jpg,monkey-looking-away,Templated-Meme,13996,0.9991135
sample_0965.jpg,/path/to/meme-template-id/Social_Media/random_sampled/sample_0965.jpg,Template-Free,Template-Free,11359,0.99983597
sample_0966.jpg,/path/to/meme-template-id/Social_Media/random_sampled/sample_0966.jpg,Template-Free,Template-Free,11413,0.9942645
sample_0967.jpg,/path/to/meme-template-id/Social_Media/random_sampled/sample_0967.jpg,Template-Free,Template-Free,1620,0.999665
sample_0968.jpg,/path/to/meme-template-id/Social_Media/random_sampled/sample_0968.jpg,homer-simpson-drooling,Templated-Meme,10589,0.9979687
sample_0969.jpg,/path/to/meme-template-id/Social_Media/random_sampled/sample_0969.jpg,Non-Meme,Non-Meme,2512,0.9996941
sample_0970.jpg,/path/to/meme-template-id/Social_Media/random_sampled/sample_0970.jpg,Template-Free,Template-Free,8669,0.97768706
sample_0971.jpg,/path/to/meme-template-id/Social_Media/random_sampled/sample_0971.jpg,drake_hotline_bling_normal,Templated-Meme,11252,0.99987113
sample_0972.jpg,/path/to/meme-template-id/Social_Media/random_sampled/sample_0972.jpg,Template-Free,Template-Free,13143,0.9906591
sample_0973.jpg,/path/to/meme-template-id/Social_Media/random_sampled/sample_0973.jpg,nobody-absolutely-no-one,Templated-Meme,10494,0.9948006
sample_0974.jpg,/path/to/meme-template-id/Social_Media/random_sampled/sample_0974.jpg,Template-Free,Template-Free,14077,0.99789786
sample_0975.jpg,/path/to/meme-template-id/Social_Media/random_sampled/sample_0975.jpg,Template-Free,Template-Free,14775,0.9986873
sample_0976.jpg,/path/to/meme-template-id/Social_Media/random_sampled/sample_0976.jpg,Template-Free,Template-Free,5614,0.97837657
sample_0977.jpg,/path/to/meme-template-id/Social_Media/random_sampled/sample_0977.jpg,Template-Free,Template-Free,495,0.9980287
sample_0978.jpg,/path/to/meme-template-id/Social_Media/random_sampled/sample_0978.jpg,Template-Free,Template-Free,14077,0.9969861
sample_0979.jpg,/path/to/meme-template-id/Social_Media/random_sampled/sample_0979.jpg,eric-andre-let-me-in-meme,Templated-Meme,3540,0.99926794
sample_0980.jpg,/path/to/meme-template-id/Social_Media/random_sampled/sample_0980.jpg,Template-Free,Template-Free,12517,0.99866366
sample_0981.jpg,/path/to/meme-template-id/Social_Media/random_sampled/sample_0981.jpg,Template-Free,Template-Free,13506,0.99996233
sample_0982.jpg,/path/to/meme-template-id/Social_Media/random_sampled/sample_0982.jpg,Template-Free,Template-Free,4984,0.9653976
sample_0983.jpg,/path/to/meme-template-id/Social_Media/random_sampled/sample_0983.jpg,Template-Free,Template-Free,14774,0.99941593
sample_0984.jpg,/path/to/meme-template-id/Social_Media/random_sampled/sample_0984.jpg,Template-Free,Template-Free,10819,0.9922725
sample_0985.jpg,/path/to/meme-template-id/Social_Media/random_sampled/sample_0985.jpg,Non-Meme,Non-Meme,9014,0.98376226
sample_0986.jpg,/path/to/meme-template-id/Social_Media/random_sampled/sample_0986.jpg,Template-Free,Template-Free,13898,0.9994634
sample_0987.jpg,/path/to/meme-template-id/Social_Media/random_sampled/sample_0987.jpg,socially-awesome-awkward-penguin,Templated-Meme,7680,0.99541104
sample_0988.jpg,/path/to/meme-template-id/Social_Media/random_sampled/sample_0988.jpg,Template-Free,Template-Free,5440,0.9917314
sample_0989.jpg,/path/to/meme-template-id/Social_Media/random_sampled/sample_0989.jpg,Template-Free,Template-Free,7890,0.9820697
sample_0990.jpg,/path/to/meme-template-id/Social_Media/random_sampled/sample_0990.jpg,Non-Meme,Non-Meme,116,1.0000225
sample_0991.jpg,/path/to/meme-template-id/Social_Media/random_sampled/sample_0991.jpg,Non-Meme,Non-Meme,5711,0.9629294
sample_0992.jpg,/path/to/meme-template-id/Social_Media/random_sampled/sample_0992.jpg,Template-Free,Template-Free,12275,0.9961179
sample_0993.jpg,/path/to/meme-template-id/Social_Media/random_sampled/sample_0993.jpg,Template-Free,Template-Free,2646,0.9951717
sample_0994.jpg,/path/to/meme-template-id/Social_Media/random_sampled/sample_0994.jpg,Template-Free,Template-Free,2615,0.99903643
sample_0995.jpg,/path/to/meme-template-id/Social_Media/random_sampled/sample_0995.jpg,turn-up-the-volume,Templated-Meme,3075,0.9983456
sample_0996.jpg,/path/to/meme-template-id/Social_Media/random_sampled/sample_0996.jpg,Template-Free,Template-Free,12944,0.9885655
sample_0997.jpg,/path/to/meme-template-id/Social_Media/random_sampled/sample_0997.jpg,Template-Free,Template-Free,4273,0.9993787
sample_0998.jpg,/path/to/meme-template-id/Social_Media/random_sampled/sample_0998.jpg,dr-evil-air-quotes,Templated-Meme,533,0.9979225
sample_0999.jpg,/path/to/meme-template-id/Social_Media/random_sampled/sample_0999.jpg,hipster_ariel,Templated-Meme,11182,0.9936677
sample_1000.jpg,/path/to/meme-template-id/Social_Media/random_sampled/sample_1000.jpg,robert_downey_jr_tropic_thunder,Templated-Meme,13058,0.99467975
