sample_id,image_path,pred_label,pred_class,pred_cluster,centroid_cosine
sample_0001.jpg,/path/to/meme-template-id/Social_Media/random_sampled/sample_0001.jpg,Non-Meme,Non-Meme,6010,0.9467788
sample_0002.jpg,/path/to/meme-template-id/Social_Media/random_sampled/sample_0002.jpg,Template-Free,Template-Free,6384,0.6606935
sample_0003.jpg,/path/to/meme-template-id/Social_Media/random_sampled/sample_0003.jpg,Non-Meme,Non-Meme,5387,0.8310962
sample_0004.jpg,/path/to/meme-template-id/Social_Media/random_sampled/sample_0004.jpg,Template-Free,Template-Free,7147,0.90526557
sample_0005.jpg,/path/to/meme-template-id/Social_Media/random_sampled/sample_0005.jpg,Template-Free,Template-Free,4795,0.63240665
sample_0006.jpg,/path/to/meme-template-id/Social_Media/random_sampled/sample_0006.jpg,Template-Free,Template-Free,4597,0.93254524
sample_0007.jpg,/path/to/meme-template-id/Social_Media/random_sampled/sample_0007.jpg,Template-Free,Template-Free,4360,0.70851433
sample_0008.jpg,/path/to/meme-template-id/Social_Media/random_sampled/sample_0008.jpg,Template-Free,Template-Free,3164,0.6322063
sample_0009.jpg,/path/to/meme-template-id/Social_Media/random_sampled/sample_0009.jpg,the-what,Templated-Meme,3350,0.8939368
sample_0010.jpg,/path/to/meme-template-id/Social_Media/random_sampled/sample_0010.jpg,you_made_thisi_made_this,Templated-Meme,6366,0.9120312
sample_0011.jpg,/path/to/meme-template-id/Social_Media/random_sampled/sample_0011.jpg,meme-man,Templated-Meme,5079,0.927114
sample_0012.jpg,/path/to/meme-template-id/Social_Media/random_sampled/sample_0012.jpg,Template-Free,Template-Free,711,0.8228854
sample_0013.jpg,/path/to/meme-template-id/Social_Media/random_sampled/sample_0013.jpg,guy-recording-a-fight,Templated-Meme,3102,0.6099227
sample_0014.jpg,/path/to/meme-template-id/Social_Media/random_sampled/sample_0014.jpg,Non-Meme,Non-Meme,3305,0.6612723
sample_0015.jpg,/path/to/meme-template-id/Social_Media/random_sampled/sample_0015.jpg,Template-Free,Template-Free,330,0.49175924
sample_0016.jpg,/path/to/meme-template-id/Social_Media/random_sampled/sample_0016.jpg,Template-Free,Template-Free,5885,0.9601854
sample_0017.jpg,/path/to/meme-template-id/Social_Media/random_sampled/sample_0017.jpg,Non-Meme,Non-Meme,6328,0.58997893
sample_0018.jpg,/path/to/meme-template-id/Social_Media/random_sampled/sample_0018.jpg,Template-Free,Template-Free,7208,0.9696038
sample_0019.jpg,/path/to/meme-template-id/Social_Media/random_sampled/sample_0019.jpg,ah-shit-here-we-go-again,Templated-Meme,6473,0.7743941
sample_0020.jpg,/path/to/meme-template-id/Social_Media/random_sampled/sample_0020.jpg,Non-Meme,Non-Meme,5432,0.57167315
sample_0021.jpg,/path/to/meme-template-id/Social_Media/random_sampled/sample_0021.jpg,Non-Meme,Non-Meme,6474,0.76378417
sample_0022.jpg,/path/to/meme-template-id/Social_Media/random_sampled/sample_0022.jpg,Non-Meme,Non-Meme,6728,0.7342421
sample_0023.jpg,/path/to/meme-template-id/Social_Media/random_sampled/sample_0023.jpg,Template-Free,Template-Free,5390,0.83980036
sample_0024.jpg,/path/to/meme-template-id/Social_Media/random_sampled/sample_0024.jpg,live-reaction,Templated-Meme,6054,0.77421266
sample_0025.jpg,/path/to/meme-template-id/Social_Media/random_sampled/sample_0025.jpg,Template-Free,Template-Free,5925,0.56106675
sample_0026.jpg,/path/to/meme-template-id/Social_Media/random_sampled/sample_0026.jpg,Non-Meme,Non-Meme,6574,0.7737337
sample_0027.jpg,/path/to/meme-template-id/Social_Media/random_sampled/sample_0027.jpg,Template-Free,Template-Free,2505,0.69545203
sample_0028.jpg,/path/to/meme-template-id/Social_Media/random_sampled/sample_0028.jpg,Template-Free,Template-Free,7026,0.93821484
sample_0029.jpg,/path/to/meme-template-id/Social_Media/random_sampled/sample_0029.jpg,floating-boy-chasing-running-boy,Templated-Meme,2971,0.9074848
sample_0030.jpg,/path/to/meme-template-id/Social_Media/random_sampled/sample_0030.jpg,Template-Free,Template-Free,2467,0.7951327
sample_0031.jpg,/path/to/meme-template-id/Social_Media/random_sampled/sample_0031.jpg,Template-Free,Template-Free,1870,0.9320709
sample_0032.jpg,/path/to/meme-template-id/Social_Media/random_sampled/sample_0032.jpg,joe-biden-worries,Templated-Meme,5652,0.8498469
sample_0033.jpg,/path/to/meme-template-id/Social_Media/random_sampled/sample_0033.jpg,patrick-smart-dumb,Templated-Meme,6086,0.96135896
sample_0034.jpg,/path/to/meme-template-id/Social_Media/random_sampled/sample_0034.jpg,Template-Free,Template-Free,7103,0.9665011
sample_0035.jpg,/path/to/meme-template-id/Social_Media/random_sampled/sample_0035.jpg,Non-Meme,Non-Meme,5875,0.76269513
sample_0036.jpg,/path/to/meme-template-id/Social_Media/random_sampled/sample_0036.jpg,Template-Free,Template-Free,6171,0.7069267
sample_0037.jpg,/path/to/meme-template-id/Social_Media/random_sampled/sample_0037.jpg,Non-Meme,Non-Meme,5646,0.81029046
sample_0038.jpg,/path/to/meme-template-id/Social_Media/random_sampled/sample_0038.jpg,Template-Free,Template-Free,4213,0.6675911
sample_0039.jpg,/path/to/meme-template-id/Social_Media/random_sampled/sample_0039.jpg,Template-Free,Template-Free,1137,0.70475286
sample_0040.jpg,/path/to/meme-template-id/Social_Media/random_sampled/sample_0040.jpg,Template-Free,Template-Free,5147,0.6590827
sample_0041.jpg,/path/to/meme-template-id/Social_Media/random_sampled/sample_0041.jpg,Template-Free,Template-Free,3107,0.67293495
sample_0042.jpg,/path/to/meme-template-id/Social_Media/random_sampled/sample_0042.jpg,Template-Free,Template-Free,249,0.55852795
sample_0043.jpg,/path/to/meme-template-id/Social_Media/random_sampled/sample_0043.jpg,Template-Free,Template-Free,7061,0.8984993
sample_0044.jpg,/path/to/meme-template-id/Social_Media/random_sampled/sample_0044.jpg,Template-Free,Template-Free,5484,0.84154403
sample_0045.jpg,/path/to/meme-template-id/Social_Media/random_sampled/sample_0045.jpg,Non-Meme,Non-Meme,6311,0.7130251
sample_0046.jpg,/path/to/meme-template-id/Social_Media/random_sampled/sample_0046.jpg,blankie_the_shocked_dog,Templated-Meme,5527,0.7855612
sample_0047.jpg,/path/to/meme-template-id/Social_Media/random_sampled/sample_0047.jpg,Non-Meme,Non-Meme,5432,0.79954326
sample_0048.jpg,/path/to/meme-template-id/Social_Media/random_sampled/sample_0048.jpg,Template-Free,Template-Free,3920,0.9053563
sample_0049.jpg,/path/to/meme-template-id/Social_Media/random_sampled/sample_0049.jpg,Template-Free,Template-Free,3726,0.8923219
sample_0050.jpg,/path/to/meme-template-id/Social_Media/random_sampled/sample_0050.jpg,Template-Free,Template-Free,4100,0.90811366
sample_0051.jpg,/path/to/meme-template-id/Social_Media/random_sampled/sample_0051.jpg,Template-Free,Template-Free,6315,0.6579922
sample_0052.jpg,/path/to/meme-template-id/Social_Media/random_sampled/sample_0052.jpg,im-in-danger,Templated-Meme,2742,0.9404217
sample_0053.jpg,/path/to/meme-template-id/Social_Media/random_sampled/sample_0053.jpg,death-battle,Templated-Meme,5698,0.7622222
sample_0054.jpg,/path/to/meme-template-id/Social_Media/random_sampled/sample_0054.jpg,Non-Meme,Non-Meme,6697,0.60913813
sample_0055.jpg,/path/to/meme-template-id/Social_Media/random_sampled/sample_0055.jpg,Non-Meme,Non-Meme,5365,0.8291903
sample_0056.jpg,/path/to/meme-template-id/Social_Media/random_sampled/sample_0056.jpg,crying-cat,Templated-Meme,6039,0.93790466
sample_0057.jpg,/path/to/meme-template-id/Social_Media/random_sampled/sample_0057.jpg,Template-Free,Template-Free,450,0.90007514
sample_0058.jpg,/path/to/meme-template-id/Social_Media/random_sampled/sample_0058.jpg,Template-Free,Template-Free,3517,0.83019304
sample_0059.jpg,/path/to/meme-template-id/Social_Media/random_sampled/sample_0059.jpg,joins_battle_smash_bros,Templated-Meme,943,0.49332532
sample_0060.jpg,/path/to/meme-template-id/Social_Media/random_sampled/sample_0060.jpg,nooo-haha-go-brrr,Templated-Meme,6261,0.92143536
sample_0061.jpg,/path/to/meme-template-id/Social_Media/random_sampled/sample_0061.jpg,Non-Meme,Non-Meme,4649,0.60879165
sample_0062.jpg,/path/to/meme-template-id/Social_Media/random_sampled/sample_0062.jpg,mr-incredible-uncanny,Templated-Meme,4054,0.93238384
sample_0063.jpg,/path/to/meme-template-id/Social_Media/random_sampled/sample_0063.jpg,be-like-bill,Templated-Meme,6883,0.889842
sample_0064.jpg,/path/to/meme-template-id/Social_Media/random_sampled/sample_0064.jpg,mr-incredible-uncanny,Templated-Meme,4054,0.9067613
sample_0065.jpg,/path/to/meme-template-id/Social_Media/random_sampled/sample_0065.jpg,Template-Free,Template-Free,6120,0.8837297
sample_0066.jpg,/path/to/meme-template-id/Social_Media/random_sampled/sample_0066.jpg,Non-Meme,Non-Meme,5609,0.70108557
sample_0067.jpg,/path/to/meme-template-id/Social_Media/random_sampled/sample_0067.jpg,Template-Free,Template-Free,2400,0.76565516
sample_0068.jpg,/path/to/meme-template-id/Social_Media/random_sampled/sample_0068.jpg,s09_blank_blue_colored_family,Templated-Meme,5386,0.7437859
sample_0069.jpg,/path/to/meme-template-id/Social_Media/random_sampled/sample_0069.jpg,Template-Free,Template-Free,676,0.6700492
sample_0070.jpg,/path/to/meme-template-id/Social_Media/random_sampled/sample_0070.jpg,bart-hitting-homer-with-a-chair,Templated-Meme,3624,0.90488565
sample_0071.jpg,/path/to/meme-template-id/Social_Media/random_sampled/sample_0071.jpg,Non-Meme,Non-Meme,5242,0.99725354
sample_0072.jpg,/path/to/meme-template-id/Social_Media/random_sampled/sample_0072.jpg,Non-Meme,Non-Meme,5969,0.6020935
sample_0073.jpg,/path/to/meme-template-id/Social_Media/random_sampled/sample_0073.jpg,Non-Meme,Non-Meme,5717,0.7030745
sample_0074.jpg,/path/to/meme-template-id/Social_Media/random_sampled/sample_0074.jpg,Template-Free,Template-Free,1790,0.69362473
sample_0075.jpg,/path/to/meme-template-id/Social_Media/random_sampled/sample_0075.jpg,Template-Free,Template-Free,5019,0.7562188
sample_0076.jpg,/path/to/meme-template-id/Social_Media/random_sampled/sample_0076.jpg,they-dont-know,Templated-Meme,5273,0.9411515
sample_0077.jpg,/path/to/meme-template-id/Social_Media/random_sampled/sample_0077.jpg,Non-Meme,Non-Meme,1698,0.655058
sample_0078.jpg,/path/to/meme-template-id/Social_Media/random_sampled/sample_0078.jpg,Template-Free,Template-Free,6323,0.9038099
sample_0079.jpg,/path/to/meme-template-id/Social_Media/random_sampled/sample_0079.jpg,im-about-to-end-this-mans-whole-career,Templated-Meme,3368,0.6033965
sample_0080.jpg,/path/to/meme-template-id/Social_Media/random_sampled/sample_0080.jpg,blank_comic_panel_2x1,Templated-Meme,2382,0.56177765
sample_0081.jpg,/path/to/meme-template-id/Social_Media/random_sampled/sample_0081.jpg,Non-Meme,Non-Meme,5365,0.88751173
sample_0082.jpg,/path/to/meme-template-id/Social_Media/random_sampled/sample_0082.jpg,Template-Free,Template-Free,7138,0.957458
sample_0083.jpg,/path/to/meme-template-id/Social_Media/random_sampled/sample_0083.jpg,Non-Meme,Non-Meme,5712,0.6304208
sample_0084.jpg,/path/to/meme-template-id/Social_Media/random_sampled/sample_0084.jpg,skyrim-skill-meme,Templated-Meme,5688,0.5515207
sample_0085.jpg,/path/to/meme-template-id/Social_Media/random_sampled/sample_0085.jpg,Non-Meme,Non-Meme,5289,0.56155545
sample_0086.jpg,/path/to/meme-template-id/Social_Media/random_sampled/sample_0086.jpg,Template-Free,Template-Free,271,0.47914824
sample_0087.jpg,/path/to/meme-template-id/Social_Media/random_sampled/sample_0087.jpg,Template-Free,Template-Free,2483,0.7541615
sample_0088.jpg,/path/to/meme-template-id/Social_Media/random_sampled/sample_0088.jpg,but-it-was-me-dio,Templated-Meme,6055,0.7095599
sample_0089.jpg,/path/to/meme-template-id/Social_Media/random_sampled/sample_0089.jpg,see_you_again,Templated-Meme,5461,0.9128805
sample_0090.jpg,/path/to/meme-template-id/Social_Media/random_sampled/sample_0090.jpg,Template-Free,Template-Free,3256,0.46893913
sample_0091.jpg,/path/to/meme-template-id/Social_Media/random_sampled/sample_0091.jpg,bestbetter-blurst,Templated-Meme,4925,0.93750995
sample_0092.jpg,/path/to/meme-template-id/Social_Media/random_sampled/sample_0092.jpg,Template-Free,Template-Free,6429,0.7488209
sample_0093.jpg,/path/to/meme-template-id/Social_Media/random_sampled/sample_0093.jpg,banned-from-roblox,Templated-Meme,5231,0.6965767
sample_0094.jpg,/path/to/meme-template-id/Social_Media/random_sampled/sample_0094.jpg,Template-Free,Template-Free,5765,0.88133675
sample_0095.jpg,/path/to/meme-template-id/Social_Media/random_sampled/sample_0095.jpg,Non-Meme,Non-Meme,3670,0.6765475
sample_0096.jpg,/path/to/meme-template-id/Social_Media/random_sampled/sample_0096.jpg,roblox_ban,Templated-Meme,6702,0.89793944
sample_0097.jpg,/path/to/meme-template-id/Social_Media/random_sampled/sample_0097.jpg,Non-Meme,Non-Meme,6609,0.7640191
sample_0098.jpg,/path/to/meme-template-id/Social_Media/random_sampled/sample_0098.jpg,mom-can-we-have,Templated-Meme,3627,0.9410169
sample_0099.jpg,/path/to/meme-template-id/Social_Media/random_sampled/sample_0099.jpg,Template-Free,Template-Free,1477,0.7172855
sample_0100.jpg,/path/to/meme-template-id/Social_Media/random_sampled/sample_0100.jpg,Template-Free,Template-Free,3720,0.9122283
sample_0101.jpg,/path/to/meme-template-id/Social_Media/random_sampled/sample_0101.jpg,crying-because-of-cute,Templated-Meme,6296,0.6498357
sample_0102.jpg,/path/to/meme-template-id/Social_Media/random_sampled/sample_0102.jpg,the-scroll-of-truth,Templated-Meme,5318,0.9693604
sample_0103.jpg,/path/to/meme-template-id/Social_Media/random_sampled/sample_0103.jpg,Template-Free,Template-Free,1686,0.82597405
sample_0104.jpg,/path/to/meme-template-id/Social_Media/random_sampled/sample_0104.jpg,ceiling-cat,Templated-Meme,5812,0.7197921
sample_0105.jpg,/path/to/meme-template-id/Social_Media/random_sampled/sample_0105.jpg,Non-Meme,Non-Meme,6223,0.6976359
sample_0106.jpg,/path/to/meme-template-id/Social_Media/random_sampled/sample_0106.jpg,Non-Meme,Non-Meme,4649,0.67878574
sample_0107.jpg,/path/to/meme-template-id/Social_Media/random_sampled/sample_0107.jpg,Template-Free,Template-Free,1832,0.91254926
sample_0108.jpg,/path/to/meme-template-id/Social_Media/random_sampled/sample_0108.jpg,Template-Free,Template-Free,7060,0.8985395
sample_0109.jpg,/path/to/meme-template-id/Social_Media/random_sampled/sample_0109.jpg,Non-Meme,Non-Meme,5291,0.6615213
sample_0110.jpg,/path/to/meme-template-id/Social_Media/random_sampled/sample_0110.jpg,Template-Free,Template-Free,6197,0.8569065
sample_0111.jpg,/path/to/meme-template-id/Social_Media/random_sampled/sample_0111.jpg,Template-Free,Template-Free,6905,0.93610275
sample_0112.jpg,/path/to/meme-template-id/Social_Media/random_sampled/sample_0112.jpg,m06_change_my_mind,Templated-Meme,1789,0.9574728
sample_0113.jpg,/path/to/meme-template-id/Social_Media/random_sampled/sample_0113.jpg,Non-Meme,Non-Meme,5526,0.77679414
sample_0114.jpg,/path/to/meme-template-id/Social_Media/random_sampled/sample_0114.jpg,Template-Free,Template-Free,6755,0.82812524
sample_0115.jpg,/path/to/meme-template-id/Social_Media/random_sampled/sample_0115.jpg,we-are-the-millers,Templated-Meme,97,0.5360679
sample_0116.jpg,/path/to/meme-template-id/Social_Media/random_sampled/sample_0116.jpg,Template-Free,Template-Free,3246,0.69799626
sample_0117.jpg,/path/to/meme-template-id/Social_Media/random_sampled/sample_0117.jpg,Template-Free,Template-Free,3112,0.76615673
sample_0118.jpg,/path/to/meme-template-id/Social_Media/random_sampled/sample_0118.jpg,Template-Free,Template-Free,1307,0.5985657
sample_0119.jpg,/path/to/meme-template-id/Social_Media/random_sampled/sample_0119.jpg,drake_hotline_bling_normal,Templated-Meme,4654,0.5878523
sample_0120.jpg,/path/to/meme-template-id/Social_Media/random_sampled/sample_0120.jpg,running-away-balloon,Templated-Meme,6159,0.96007776
sample_0121.jpg,/path/to/meme-template-id/Social_Media/random_sampled/sample_0121.jpg,jehovas_witness_squirrel,Templated-Meme,3137,0.63650435
sample_0122.jpg,/path/to/meme-template-id/Social_Media/random_sampled/sample_0122.jpg,gigachad,Templated-Meme,5503,0.60978496
sample_0123.jpg,/path/to/meme-template-id/Social_Media/random_sampled/sample_0123.jpg,nobody-absolutely-no-one,Templated-Meme,3375,0.73253155
sample_0124.jpg,/path/to/meme-template-id/Social_Media/random_sampled/sample_0124.jpg,Non-Meme,Non-Meme,6810,0.87509
sample_0125.jpg,/path/to/meme-template-id/Social_Media/random_sampled/sample_0125.jpg,Template-Free,Template-Free,7096,0.9993797
sample_0126.jpg,/path/to/meme-template-id/Social_Media/random_sampled/sample_0126.jpg,Template-Free,Template-Free,6106,0.842442
sample_0127.jpg,/path/to/meme-template-id/Social_Media/random_sampled/sample_0127.jpg,Non-Meme,Non-Meme,6818,0.96351856
sample_0128.jpg,/path/to/meme-template-id/Social_Media/random_sampled/sample_0128.jpg,Template-Free,Template-Free,7203,0.97169936
sample_0129.jpg,/path/to/meme-template-id/Social_Media/random_sampled/sample_0129.jpg,Template-Free,Template-Free,7060,0.9311258
sample_0130.jpg,/path/to/meme-template-id/Social_Media/random_sampled/sample_0130.jpg,Template-Free,Template-Free,3836,0.59640867
sample_0131.jpg,/path/to/meme-template-id/Social_Media/random_sampled/sample_0131.jpg,Template-Free,Template-Free,4774,0.94973063
sample_0132.jpg,/path/to/meme-template-id/Social_Media/random_sampled/sample_0132.jpg,cnn-wolf-of-fake-news-fanfiction,Templated-Meme,5654,0.6940821
sample_0133.jpg,/path/to/meme-template-id/Social_Media/random_sampled/sample_0133.jpg,panik-kalm-panik,Templated-Meme,5080,0.83631784
sample_0134.jpg,/path/to/meme-template-id/Social_Media/random_sampled/sample_0134.jpg,Template-Free,Template-Free,6040,0.8653866
sample_0135.jpg,/path/to/meme-template-id/Social_Media/random_sampled/sample_0135.jpg,Template-Free,Template-Free,6020,0.8274645
sample_0136.jpg,/path/to/meme-template-id/Social_Media/random_sampled/sample_0136.jpg,Template-Free,Template-Free,2513,0.54934824
sample_0137.jpg,/path/to/meme-template-id/Social_Media/random_sampled/sample_0137.jpg,Template-Free,Template-Free,6808,0.9046967
sample_0138.jpg,/path/to/meme-template-id/Social_Media/random_sampled/sample_0138.jpg,hoody-cat,Templated-Meme,1131,0.52762604
sample_0139.jpg,/path/to/meme-template-id/Social_Media/random_sampled/sample_0139.jpg,napoleon,Templated-Meme,2477,0.6333926
sample_0140.jpg,/path/to/meme-template-id/Social_Media/random_sampled/sample_0140.jpg,Non-Meme,Non-Meme,5867,0.8173573
sample_0141.jpg,/path/to/meme-template-id/Social_Media/random_sampled/sample_0141.jpg,mr-incredible-uncanny,Templated-Meme,4054,0.95583045
sample_0142.jpg,/path/to/meme-template-id/Social_Media/random_sampled/sample_0142.jpg,Template-Free,Template-Free,4532,0.619053
sample_0143.jpg,/path/to/meme-template-id/Social_Media/random_sampled/sample_0143.jpg,internet_explorer,Templated-Meme,6270,0.77750206
sample_0144.jpg,/path/to/meme-template-id/Social_Media/random_sampled/sample_0144.jpg,Non-Meme,Non-Meme,1973,0.6571778
sample_0145.jpg,/path/to/meme-template-id/Social_Media/random_sampled/sample_0145.jpg,virgin-vs-chad,Templated-Meme,6419,0.6360201
sample_0146.jpg,/path/to/meme-template-id/Social_Media/random_sampled/sample_0146.jpg,Non-Meme,Non-Meme,5432,0.8709851
sample_0147.jpg,/path/to/meme-template-id/Social_Media/random_sampled/sample_0147.jpg,Template-Free,Template-Free,2887,0.92995435
sample_0148.jpg,/path/to/meme-template-id/Social_Media/random_sampled/sample_0148.jpg,guy-recording-a-fight,Templated-Meme,2023,0.6647407
sample_0149.jpg,/path/to/meme-template-id/Social_Media/random_sampled/sample_0149.jpg,Template-Free,Template-Free,1485,0.62887454
sample_0150.jpg,/path/to/meme-template-id/Social_Media/random_sampled/sample_0150.jpg,two-buttons,Templated-Meme,3996,0.97758603
sample_0151.jpg,/path/to/meme-template-id/Social_Media/random_sampled/sample_0151.jpg,Non-Meme,Non-Meme,3386,0.65095353
sample_0152.jpg,/path/to/meme-template-id/Social_Media/random_sampled/sample_0152.jpg,Template-Free,Template-Free,7334,0.9744644
sample_0153.jpg,/path/to/meme-template-id/Social_Media/random_sampled/sample_0153.jpg,Template-Free,Template-Free,1930,0.5335826
sample_0154.jpg,/path/to/meme-template-id/Social_Media/random_sampled/sample_0154.jpg,Non-Meme,Non-Meme,6697,0.86887336
sample_0155.jpg,/path/to/meme-template-id/Social_Media/random_sampled/sample_0155.jpg,Template-Free,Template-Free,3486,0.9183842
sample_0156.jpg,/path/to/meme-template-id/Social_Media/random_sampled/sample_0156.jpg,mr-krabs-money,Templated-Meme,6108,0.93552023
sample_0157.jpg,/path/to/meme-template-id/Social_Media/random_sampled/sample_0157.jpg,Template-Free,Template-Free,7109,0.94569427
sample_0158.jpg,/path/to/meme-template-id/Social_Media/random_sampled/sample_0158.jpg,Non-Meme,Non-Meme,2847,0.61746716
sample_0159.jpg,/path/to/meme-template-id/Social_Media/random_sampled/sample_0159.jpg,Non-Meme,Non-Meme,933,0.6609427
sample_0160.jpg,/path/to/meme-template-id/Social_Media/random_sampled/sample_0160.jpg,Non-Meme,Non-Meme,4941,0.7071003
sample_0161.jpg,/path/to/meme-template-id/Social_Media/random_sampled/sample_0161.jpg,Non-Meme,Non-Meme,1756,0.793789
sample_0162.jpg,/path/to/meme-template-id/Social_Media/random_sampled/sample_0162.jpg,blinking-guy,Templated-Meme,4612,0.747428
sample_0163.jpg,/path/to/meme-template-id/Social_Media/random_sampled/sample_0163.jpg,Non-Meme,Non-Meme,903,0.74002486
sample_0164.jpg,/path/to/meme-template-id/Social_Media/random_sampled/sample_0164.jpg,Template-Free,Template-Free,6552,0.9268148
sample_0165.jpg,/path/to/meme-template-id/Social_Media/random_sampled/sample_0165.jpg,Non-Meme,Non-Meme,6810,0.9175994
sample_0166.jpg,/path/to/meme-template-id/Social_Media/random_sampled/sample_0166.jpg,romneys_hindenberg,Templated-Meme,2324,0.6057822
sample_0167.jpg,/path/to/meme-template-id/Social_Media/random_sampled/sample_0167.jpg,keep-calm-and-carry-on-purple,Templated-Meme,6824,0.8948624
sample_0168.jpg,/path/to/meme-template-id/Social_Media/random_sampled/sample_0168.jpg,Template-Free,Template-Free,6215,0.7779215
sample_0169.jpg,/path/to/meme-template-id/Social_Media/random_sampled/sample_0169.jpg,Template-Free,Template-Free,739,0.89677685
sample_0170.jpg,/path/to/meme-template-id/Social_Media/random_sampled/sample_0170.jpg,Non-Meme,Non-Meme,3296,0.6371576
sample_0171.jpg,/path/to/meme-template-id/Social_Media/random_sampled/sample_0171.jpg,yu-gi-oh,Templated-Meme,6336,0.85056853
sample_0172.jpg,/path/to/meme-template-id/Social_Media/random_sampled/sample_0172.jpg,Non-Meme,Non-Meme,4983,0.6216377
sample_0173.jpg,/path/to/meme-template-id/Social_Media/random_sampled/sample_0173.jpg,Template-Free,Template-Free,760,0.76636916
sample_0174.jpg,/path/to/meme-template-id/Social_Media/random_sampled/sample_0174.jpg,Template-Free,Template-Free,1631,0.7505351
sample_0175.jpg,/path/to/meme-template-id/Social_Media/random_sampled/sample_0175.jpg,Template-Free,Template-Free,2767,0.9473867
sample_0176.jpg,/path/to/meme-template-id/Social_Media/random_sampled/sample_0176.jpg,lisa-simpsons-presentation,Templated-Meme,3487,0.8769126
sample_0177.jpg,/path/to/meme-template-id/Social_Media/random_sampled/sample_0177.jpg,hello-human-resources,Templated-Meme,4820,0.71267116
sample_0178.jpg,/path/to/meme-template-id/Social_Media/random_sampled/sample_0178.jpg,mom-can-we-have,Templated-Meme,3627,0.6843805
sample_0179.jpg,/path/to/meme-template-id/Social_Media/random_sampled/sample_0179.jpg,Non-Meme,Non-Meme,4436,0.7831093
sample_0180.jpg,/path/to/meme-template-id/Social_Media/random_sampled/sample_0180.jpg,Template-Free,Template-Free,3704,0.7738904
sample_0181.jpg,/path/to/meme-template-id/Social_Media/random_sampled/sample_0181.jpg,Template-Free,Template-Free,3727,0.7016214
sample_0182.jpg,/path/to/meme-template-id/Social_Media/random_sampled/sample_0182.jpg,Template-Free,Template-Free,2182,0.528712
sample_0183.jpg,/path/to/meme-template-id/Social_Media/random_sampled/sample_0183.jpg,and-everybody-loses-their-minds,Templated-Meme,3918,0.6188694
sample_0184.jpg,/path/to/meme-template-id/Social_Media/random_sampled/sample_0184.jpg,Template-Free,Template-Free,7243,0.9695693
sample_0185.jpg,/path/to/meme-template-id/Social_Media/random_sampled/sample_0185.jpg,Template-Free,Template-Free,5847,0.9435498
sample_0186.jpg,/path/to/meme-template-id/Social_Media/random_sampled/sample_0186.jpg,this-is-worthless,Templated-Meme,3349,0.9525717
sample_0187.jpg,/path/to/meme-template-id/Social_Media/random_sampled/sample_0187.jpg,drake_hotline_bling_normal,Templated-Meme,4916,0.9367951
sample_0188.jpg,/path/to/meme-template-id/Social_Media/random_sampled/sample_0188.jpg,second-breakfast,Templated-Meme,3330,0.961134
sample_0189.jpg,/path/to/meme-template-id/Social_Media/random_sampled/sample_0189.jpg,nobody-absolutely-no-one,Templated-Meme,309,0.89911574
sample_0190.jpg,/path/to/meme-template-id/Social_Media/random_sampled/sample_0190.jpg,nobody-is-born-cool,Templated-Meme,4364,0.90695465
sample_0191.jpg,/path/to/meme-template-id/Social_Media/random_sampled/sample_0191.jpg,Non-Meme,Non-Meme,1087,0.6372047
sample_0192.jpg,/path/to/meme-template-id/Social_Media/random_sampled/sample_0192.jpg,Non-Meme,Non-Meme,4113,0.7777891
sample_0193.jpg,/path/to/meme-template-id/Social_Media/random_sampled/sample_0193.jpg,Non-Meme,Non-Meme,3098,0.6117555
sample_0194.jpg,/path/to/meme-template-id/Social_Media/random_sampled/sample_0194.jpg,screaming-seagull,Templated-Meme,4469,0.9003367
sample_0195.jpg,/path/to/meme-template-id/Social_Media/random_sampled/sample_0195.jpg,Non-Meme,Non-Meme,6810,0.91461766
sample_0196.jpg,/path/to/meme-template-id/Social_Media/random_sampled/sample_0196.jpg,squidward-chair,Templated-Meme,4264,0.9331005
sample_0197.jpg,/path/to/meme-template-id/Social_Media/random_sampled/sample_0197.jpg,Template-Free,Template-Free,4696,0.7389373
sample_0198.jpg,/path/to/meme-template-id/Social_Media/random_sampled/sample_0198.jpg,drake_hotline_bling_normal,Templated-Meme,4654,0.74712443
sample_0199.jpg,/path/to/meme-template-id/Social_Media/random_sampled/sample_0199.jpg,Non-Meme,Non-Meme,5444,0.7429481
sample_0200.jpg,/path/to/meme-template-id/Social_Media/random_sampled/sample_0200.jpg,Template-Free,Template-Free,7311,0.9860921
sample_0201.jpg,/path/to/meme-template-id/Social_Media/random_sampled/sample_0201.jpg,m08_math_is_math,Templated-Meme,768,0.8245375
sample_0202.jpg,/path/to/meme-template-id/Social_Media/random_sampled/sample_0202.jpg,Template-Free,Template-Free,1130,0.6759464
sample_0203.jpg,/path/to/meme-template-id/Social_Media/random_sampled/sample_0203.jpg,Template-Free,Template-Free,4870,0.6497653
sample_0204.jpg,/path/to/meme-template-id/Social_Media/random_sampled/sample_0204.jpg,Template-Free,Template-Free,6916,0.94008046
sample_0205.jpg,/path/to/meme-template-id/Social_Media/random_sampled/sample_0205.jpg,Template-Free,Template-Free,6400,0.8104076
sample_0206.jpg,/path/to/meme-template-id/Social_Media/random_sampled/sample_0206.jpg,hypnotize,Templated-Meme,2870,0.62700915
sample_0207.jpg,/path/to/meme-template-id/Social_Media/random_sampled/sample_0207.jpg,not_okay_rage_face,Templated-Meme,5845,0.7881343
sample_0208.jpg,/path/to/meme-template-id/Social_Media/random_sampled/sample_0208.jpg,Non-Meme,Non-Meme,4390,0.68734056
sample_0209.jpg,/path/to/meme-template-id/Social_Media/random_sampled/sample_0209.jpg,Non-Meme,Non-Meme,6672,0.87650424
sample_0210.jpg,/path/to/meme-template-id/Social_Media/random_sampled/sample_0210.jpg,it-is-time-to-go,Templated-Meme,3791,0.9090639
sample_0211.jpg,/path/to/meme-template-id/Social_Media/random_sampled/sample_0211.jpg,suspicious_cat,Templated-Meme,5921,0.78753424
sample_0212.jpg,/path/to/meme-template-id/Social_Media/random_sampled/sample_0212.jpg,Template-Free,Template-Free,1691,0.6449343
sample_0213.jpg,/path/to/meme-template-id/Social_Media/random_sampled/sample_0213.jpg,blank_transparent_square,Templated-Meme,5579,0.7843364
sample_0214.jpg,/path/to/meme-template-id/Social_Media/random_sampled/sample_0214.jpg,Template-Free,Template-Free,7340,0.9823007
sample_0215.jpg,/path/to/meme-template-id/Social_Media/random_sampled/sample_0215.jpg,Non-Meme,Non-Meme,4529,0.78446513
sample_0216.jpg,/path/to/meme-template-id/Social_Media/random_sampled/sample_0216.jpg,the-scroll-of-truth,Templated-Meme,5318,0.957097
sample_0217.jpg,/path/to/meme-template-id/Social_Media/random_sampled/sample_0217.jpg,Template-Free,Template-Free,2243,0.9535945
sample_0218.jpg,/path/to/meme-template-id/Social_Media/random_sampled/sample_0218.jpg,Non-Meme,Non-Meme,5609,0.74556416
sample_0219.jpg,/path/to/meme-template-id/Social_Media/random_sampled/sample_0219.jpg,nyan_cat,Templated-Meme,2794,0.7609673
sample_0220.jpg,/path/to/meme-template-id/Social_Media/random_sampled/sample_0220.jpg,Non-Meme,Non-Meme,5634,0.7805155
sample_0221.jpg,/path/to/meme-template-id/Social_Media/random_sampled/sample_0221.jpg,Non-Meme,Non-Meme,5716,0.7761156
sample_0222.jpg,/path/to/meme-template-id/Social_Media/random_sampled/sample_0222.jpg,Template-Free,Template-Free,7082,0.9451481
sample_0223.jpg,/path/to/meme-template-id/Social_Media/random_sampled/sample_0223.jpg,drake_hotline_bling_normal,Templated-Meme,4916,0.8556903
sample_0224.jpg,/path/to/meme-template-id/Social_Media/random_sampled/sample_0224.jpg,Template-Free,Template-Free,6015,0.7680119
sample_0225.jpg,/path/to/meme-template-id/Social_Media/random_sampled/sample_0225.jpg,Template-Free,Template-Free,2686,0.831436
sample_0226.jpg,/path/to/meme-template-id/Social_Media/random_sampled/sample_0226.jpg,Template-Free,Template-Free,2584,0.7170947
sample_0227.jpg,/path/to/meme-template-id/Social_Media/random_sampled/sample_0227.jpg,Template-Free,Template-Free,3404,0.7950442
sample_0228.jpg,/path/to/meme-template-id/Social_Media/random_sampled/sample_0228.jpg,Non-Meme,Non-Meme,623,0.4687046
sample_0229.jpg,/path/to/meme-template-id/Social_Media/random_sampled/sample_0229.jpg,Template-Free,Template-Free,6238,0.8187596
sample_0230.jpg,/path/to/meme-template-id/Social_Media/random_sampled/sample_0230.jpg,predator,Templated-Meme,4999,0.6438548
sample_0231.jpg,/path/to/meme-template-id/Social_Media/random_sampled/sample_0231.jpg,Non-Meme,Non-Meme,6697,0.6751461
sample_0232.jpg,/path/to/meme-template-id/Social_Media/random_sampled/sample_0232.jpg,Template-Free,Template-Free,6992,0.97300035
sample_0233.jpg,/path/to/meme-template-id/Social_Media/random_sampled/sample_0233.jpg,Template-Free,Template-Free,303,0.5412397
sample_0234.jpg,/path/to/meme-template-id/Social_Media/random_sampled/sample_0234.jpg,girl-putting-tuba-on-girls-head,Templated-Meme,1570,0.94299936
sample_0235.jpg,/path/to/meme-template-id/Social_Media/random_sampled/sample_0235.jpg,Non-Meme,Non-Meme,2631,0.7486276
sample_0236.jpg,/path/to/meme-template-id/Social_Media/random_sampled/sample_0236.jpg,Template-Free,Template-Free,4392,0.5152321
sample_0237.jpg,/path/to/meme-template-id/Social_Media/random_sampled/sample_0237.jpg,Template-Free,Template-Free,4513,0.82893234
sample_0238.jpg,/path/to/meme-template-id/Social_Media/random_sampled/sample_0238.jpg,the-more-you-know,Templated-Meme,3221,0.96173674
sample_0239.jpg,/path/to/meme-template-id/Social_Media/random_sampled/sample_0239.jpg,Template-Free,Template-Free,3067,0.89650977
sample_0240.jpg,/path/to/meme-template-id/Social_Media/random_sampled/sample_0240.jpg,Non-Meme,Non-Meme,5670,0.70931244
sample_0241.jpg,/path/to/meme-template-id/Social_Media/random_sampled/sample_0241.jpg,Template-Free,Template-Free,6529,0.869886
sample_0242.jpg,/path/to/meme-template-id/Social_Media/random_sampled/sample_0242.jpg,god,Templated-Meme,5252,0.80845857
sample_0243.jpg,/path/to/meme-template-id/Social_Media/random_sampled/sample_0243.jpg,kermit-sipping-tea,Templated-Meme,5895,0.9060892
sample_0244.jpg,/path/to/meme-template-id/Social_Media/random_sampled/sample_0244.jpg,Non-Meme,Non-Meme,4722,0.6085319
sample_0245.jpg,/path/to/meme-template-id/Social_Media/random_sampled/sample_0245.jpg,Template-Free,Template-Free,2143,0.5847754
sample_0246.jpg,/path/to/meme-template-id/Social_Media/random_sampled/sample_0246.jpg,Non-Meme,Non-Meme,5645,0.7740069
sample_0247.jpg,/path/to/meme-template-id/Social_Media/random_sampled/sample_0247.jpg,Non-Meme,Non-Meme,6766,0.99323845
sample_0248.jpg,/path/to/meme-template-id/Social_Media/random_sampled/sample_0248.jpg,Non-Meme,Non-Meme,5882,0.814988
sample_0249.jpg,/path/to/meme-template-id/Social_Media/random_sampled/sample_0249.jpg,Template-Free,Template-Free,864,0.61955804
sample_0250.jpg,/path/to/meme-template-id/Social_Media/random_sampled/sample_0250.jpg,kevin-james,Templated-Meme,3365,0.83515227
sample_0251.jpg,/path/to/meme-template-id/Social_Media/random_sampled/sample_0251.jpg,Non-Meme,Non-Meme,5638,0.71296614
sample_0252.jpg,/path/to/meme-template-id/Social_Media/random_sampled/sample_0252.jpg,Non-Meme,Non-Meme,4462,0.77645826
sample_0253.jpg,/path/to/meme-template-id/Social_Media/random_sampled/sample_0253.jpg,Non-Meme,Non-Meme,6391,0.6612706
sample_0254.jpg,/path/to/meme-template-id/Social_Media/random_sampled/sample_0254.jpg,Non-Meme,Non-Meme,5416,0.587887
sample_0255.jpg,/path/to/meme-template-id/Social_Media/random_sampled/sample_0255.jpg,Template-Free,Template-Free,7290,0.96279615
sample_0256.jpg,/path/to/meme-template-id/Social_Media/random_sampled/sample_0256.jpg,Non-Meme,Non-Meme,3253,0.66989565
sample_0257.jpg,/path/to/meme-template-id/Social_Media/random_sampled/sample_0257.jpg,depends-on-the-context,Templated-Meme,3424,0.97542334
sample_0258.jpg,/path/to/meme-template-id/Social_Media/random_sampled/sample_0258.jpg,Template-Free,Template-Free,6198,0.7094562
sample_0259.jpg,/path/to/meme-template-id/Social_Media/random_sampled/sample_0259.jpg,we-are-the-millers,Templated-Meme,3754,0.62877816
sample_0260.jpg,/path/to/meme-template-id/Social_Media/random_sampled/sample_0260.jpg,Template-Free,Template-Free,1031,0.5268118
sample_0261.jpg,/path/to/meme-template-id/Social_Media/random_sampled/sample_0261.jpg,Template-Free,Template-Free,6315,0.70028704
sample_0262.jpg,/path/to/meme-template-id/Social_Media/random_sampled/sample_0262.jpg,live-reaction,Templated-Meme,4508,0.64113563
sample_0263.jpg,/path/to/meme-template-id/Social_Media/random_sampled/sample_0263.jpg,photogenic-college-football-player,Templated-Meme,5639,0.6630116
sample_0264.jpg,/path/to/meme-template-id/Social_Media/random_sampled/sample_0264.jpg,Non-Meme,Non-Meme,5607,0.6661475
sample_0265.jpg,/path/to/meme-template-id/Social_Media/random_sampled/sample_0265.jpg,dallas-cowboys,Templated-Meme,4697,0.7960476
sample_0266.jpg,/path/to/meme-template-id/Social_Media/random_sampled/sample_0266.jpg,Template-Free,Template-Free,381,0.8698308
sample_0267.jpg,/path/to/meme-template-id/Social_Media/random_sampled/sample_0267.jpg,Template-Free,Template-Free,6454,0.8587731
sample_0268.jpg,/path/to/meme-template-id/Social_Media/random_sampled/sample_0268.jpg,live-reaction,Templated-Meme,4508,0.7375304
sample_0269.jpg,/path/to/meme-template-id/Social_Media/random_sampled/sample_0269.jpg,Non-Meme,Non-Meme,6799,0.94284546
sample_0270.jpg,/path/to/meme-template-id/Social_Media/random_sampled/sample_0270.jpg,Template-Free,Template-Free,618,0.94130427
sample_0271.jpg,/path/to/meme-template-id/Social_Media/random_sampled/sample_0271.jpg,Non-Meme,Non-Meme,5432,0.80347043
sample_0272.jpg,/path/to/meme-template-id/Social_Media/random_sampled/sample_0272.jpg,Non-Meme,Non-Meme,5524,0.7431436
sample_0273.jpg,/path/to/meme-template-id/Social_Media/random_sampled/sample_0273.jpg,Non-Meme,Non-Meme,6328,0.52351034
sample_0274.jpg,/path/to/meme-template-id/Social_Media/random_sampled/sample_0274.jpg,Non-Meme,Non-Meme,6303,0.5396438
sample_0275.jpg,/path/to/meme-template-id/Social_Media/random_sampled/sample_0275.jpg,Template-Free,Template-Free,6630,0.8776439
sample_0276.jpg,/path/to/meme-template-id/Social_Media/random_sampled/sample_0276.jpg,Template-Free,Template-Free,6571,0.7667333
sample_0277.jpg,/path/to/meme-template-id/Social_Media/random_sampled/sample_0277.jpg,Non-Meme,Non-Meme,5621,0.5991369
sample_0278.jpg,/path/to/meme-template-id/Social_Media/random_sampled/sample_0278.jpg,Non-Meme,Non-Meme,6814,0.7450676
sample_0279.jpg,/path/to/meme-template-id/Social_Media/random_sampled/sample_0279.jpg,kobe,Templated-Meme,5604,0.8951642
sample_0280.jpg,/path/to/meme-template-id/Social_Media/random_sampled/sample_0280.jpg,Template-Free,Template-Free,6731,0.8146571
sample_0281.jpg,/path/to/meme-template-id/Social_Media/random_sampled/sample_0281.jpg,Non-Meme,Non-Meme,4807,0.8288596
sample_0282.jpg,/path/to/meme-template-id/Social_Media/random_sampled/sample_0282.jpg,unsettled-tom,Templated-Meme,6025,0.9317697
sample_0283.jpg,/path/to/meme-template-id/Social_Media/random_sampled/sample_0283.jpg,guy-getting-beat-up,Templated-Meme,5951,0.9349137
sample_0284.jpg,/path/to/meme-template-id/Social_Media/random_sampled/sample_0284.jpg,spiderman-pointing-at-spiderman,Templated-Meme,5145,0.87961346
sample_0285.jpg,/path/to/meme-template-id/Social_Media/random_sampled/sample_0285.jpg,Template-Free,Template-Free,5308,0.8455113
sample_0286.jpg,/path/to/meme-template-id/Social_Media/random_sampled/sample_0286.jpg,comparison-table,Templated-Meme,2886,0.62024295
sample_0287.jpg,/path/to/meme-template-id/Social_Media/random_sampled/sample_0287.jpg,Template-Free,Template-Free,729,0.51654637
sample_0288.jpg,/path/to/meme-template-id/Social_Media/random_sampled/sample_0288.jpg,Template-Free,Template-Free,3769,0.70177656
sample_0289.jpg,/path/to/meme-template-id/Social_Media/random_sampled/sample_0289.jpg,Non-Meme,Non-Meme,6567,0.5885631
sample_0290.jpg,/path/to/meme-template-id/Social_Media/random_sampled/sample_0290.jpg,Template-Free,Template-Free,6002,0.8112168
sample_0291.jpg,/path/to/meme-template-id/Social_Media/random_sampled/sample_0291.jpg,Template-Free,Template-Free,4552,0.70415765
sample_0292.jpg,/path/to/meme-template-id/Social_Media/random_sampled/sample_0292.jpg,Template-Free,Template-Free,7095,0.8869498
sample_0293.jpg,/path/to/meme-template-id/Social_Media/random_sampled/sample_0293.jpg,Template-Free,Template-Free,6679,0.9453979
sample_0294.jpg,/path/to/meme-template-id/Social_Media/random_sampled/sample_0294.jpg,car-salesman-slaps-hood,Templated-Meme,2111,0.9111521
sample_0295.jpg,/path/to/meme-template-id/Social_Media/random_sampled/sample_0295.jpg,Template-Free,Template-Free,4543,0.7085651
sample_0296.jpg,/path/to/meme-template-id/Social_Media/random_sampled/sample_0296.jpg,Non-Meme,Non-Meme,6654,0.8043853
sample_0297.jpg,/path/to/meme-template-id/Social_Media/random_sampled/sample_0297.jpg,soldiers-hold-up-society,Templated-Meme,2054,0.80129105
sample_0298.jpg,/path/to/meme-template-id/Social_Media/random_sampled/sample_0298.jpg,Template-Free,Template-Free,376,0.91007376
sample_0299.jpg,/path/to/meme-template-id/Social_Media/random_sampled/sample_0299.jpg,Template-Free,Template-Free,4840,0.673072
sample_0300.jpg,/path/to/meme-template-id/Social_Media/random_sampled/sample_0300.jpg,Non-Meme,Non-Meme,6317,0.82302445
sample_0301.jpg,/path/to/meme-template-id/Social_Media/random_sampled/sample_0301.jpg,show-me-the-real,Templated-Meme,5349,0.5864064
sample_0302.jpg,/path/to/meme-template-id/Social_Media/random_sampled/sample_0302.jpg,Template-Free,Template-Free,1334,0.73894554
sample_0303.jpg,/path/to/meme-template-id/Social_Media/random_sampled/sample_0303.jpg,army-clown,Templated-Meme,6445,0.57972693
sample_0304.jpg,/path/to/meme-template-id/Social_Media/random_sampled/sample_0304.jpg,Template-Free,Template-Free,6898,0.8915412
sample_0305.jpg,/path/to/meme-template-id/Social_Media/random_sampled/sample_0305.jpg,Template-Free,Template-Free,3795,0.8365474
sample_0306.jpg,/path/to/meme-template-id/Social_Media/random_sampled/sample_0306.jpg,Template-Free,Template-Free,1008,0.64293677
sample_0307.jpg,/path/to/meme-template-id/Social_Media/random_sampled/sample_0307.jpg,comparison-table,Templated-Meme,4325,0.7669453
sample_0308.jpg,/path/to/meme-template-id/Social_Media/random_sampled/sample_0308.jpg,Template-Free,Template-Free,2487,0.652178
sample_0309.jpg,/path/to/meme-template-id/Social_Media/random_sampled/sample_0309.jpg,Template-Free,Template-Free,6162,0.6426032
sample_0310.jpg,/path/to/meme-template-id/Social_Media/random_sampled/sample_0310.jpg,Template-Free,Template-Free,5124,0.92706025
sample_0311.jpg,/path/to/meme-template-id/Social_Media/random_sampled/sample_0311.jpg,assassination-chain,Templated-Meme,6392,0.7841192
sample_0312.jpg,/path/to/meme-template-id/Social_Media/random_sampled/sample_0312.jpg,Non-Meme,Non-Meme,2640,0.61577916
sample_0313.jpg,/path/to/meme-template-id/Social_Media/random_sampled/sample_0313.jpg,Non-Meme,Non-Meme,6810,0.89952254
sample_0314.jpg,/path/to/meme-template-id/Social_Media/random_sampled/sample_0314.jpg,Non-Meme,Non-Meme,4442,0.72069776
sample_0315.jpg,/path/to/meme-template-id/Social_Media/random_sampled/sample_0315.jpg,i-am-inevitable,Templated-Meme,6420,0.9060837
sample_0316.jpg,/path/to/meme-template-id/Social_Media/random_sampled/sample_0316.jpg,Template-Free,Template-Free,4246,0.63187593
sample_0317.jpg,/path/to/meme-template-id/Social_Media/random_sampled/sample_0317.jpg,s09_blank_blue_colored_family,Templated-Meme,3932,0.8958432
sample_0318.jpg,/path/to/meme-template-id/Social_Media/random_sampled/sample_0318.jpg,Non-Meme,Non-Meme,6697,0.77620536
sample_0319.jpg,/path/to/meme-template-id/Social_Media/random_sampled/sample_0319.jpg,Template-Free,Template-Free,6245,0.5926707
sample_0320.jpg,/path/to/meme-template-id/Social_Media/random_sampled/sample_0320.jpg,Template-Free,Template-Free,2718,0.7023662
sample_0321.jpg,/path/to/meme-template-id/Social_Media/random_sampled/sample_0321.jpg,Template-Free,Template-Free,6384,0.8149241
sample_0322.jpg,/path/to/meme-template-id/Social_Media/random_sampled/sample_0322.jpg,live-reaction,Templated-Meme,4087,0.86964035
sample_0323.jpg,/path/to/meme-template-id/Social_Media/random_sampled/sample_0323.jpg,am-i-a-joke-to-you,Templated-Meme,4448,0.934847
sample_0324.jpg,/path/to/meme-template-id/Social_Media/random_sampled/sample_0324.jpg,Template-Free,Template-Free,5468,0.4164732
sample_0325.jpg,/path/to/meme-template-id/Social_Media/random_sampled/sample_0325.jpg,banned-from-roblox,Templated-Meme,6758,0.9113601
sample_0326.jpg,/path/to/meme-template-id/Social_Media/random_sampled/sample_0326.jpg,Template-Free,Template-Free,4871,0.7570584
sample_0327.jpg,/path/to/meme-template-id/Social_Media/random_sampled/sample_0327.jpg,happy-then-sad,Templated-Meme,5052,0.91497433
sample_0328.jpg,/path/to/meme-template-id/Social_Media/random_sampled/sample_0328.jpg,talking-to-wall,Templated-Meme,181,0.8744255
sample_0329.jpg,/path/to/meme-template-id/Social_Media/random_sampled/sample_0329.jpg,Template-Free,Template-Free,5244,0.89505464
sample_0330.jpg,/path/to/meme-template-id/Social_Media/random_sampled/sample_0330.jpg,Template-Free,Template-Free,6307,0.8726125
sample_0331.jpg,/path/to/meme-template-id/Social_Media/random_sampled/sample_0331.jpg,nobody-absolutely-no-one,Templated-Meme,2948,0.5885347
sample_0332.jpg,/path/to/meme-template-id/Social_Media/random_sampled/sample_0332.jpg,Non-Meme,Non-Meme,6770,0.92164695
sample_0333.jpg,/path/to/meme-template-id/Social_Media/random_sampled/sample_0333.jpg,Non-Meme,Non-Meme,6029,0.8926878
sample_0334.jpg,/path/to/meme-template-id/Social_Media/random_sampled/sample_0334.jpg,Template-Free,Template-Free,536,0.66607356
sample_0335.jpg,/path/to/meme-template-id/Social_Media/random_sampled/sample_0335.jpg,cheems,Templated-Meme,5825,0.7781614
sample_0336.jpg,/path/to/meme-template-id/Social_Media/random_sampled/sample_0336.jpg,Non-Meme,Non-Meme,3253,0.7677041
sample_0337.jpg,/path/to/meme-template-id/Social_Media/random_sampled/sample_0337.jpg,Non-Meme,Non-Meme,5594,0.8218332
sample_0338.jpg,/path/to/meme-template-id/Social_Media/random_sampled/sample_0338.jpg,society-if,Templated-Meme,3699,0.800166
sample_0339.jpg,/path/to/meme-template-id/Social_Media/random_sampled/sample_0339.jpg,iceberg-levels-tiers,Templated-Meme,6381,0.6833974
sample_0340.jpg,/path/to/meme-template-id/Social_Media/random_sampled/sample_0340.jpg,Template-Free,Template-Free,4823,0.8882246
sample_0341.jpg,/path/to/meme-template-id/Social_Media/random_sampled/sample_0341.jpg,Non-Meme,Non-Meme,4115,0.8173175
sample_0342.jpg,/path/to/meme-template-id/Social_Media/random_sampled/sample_0342.jpg,Template-Free,Template-Free,1963,0.61213845
sample_0343.jpg,/path/to/meme-template-id/Social_Media/random_sampled/sample_0343.jpg,Template-Free,Template-Free,3568,0.99979365
sample_0344.jpg,/path/to/meme-template-id/Social_Media/random_sampled/sample_0344.jpg,Template-Free,Template-Free,5397,0.886137
sample_0345.jpg,/path/to/meme-template-id/Social_Media/random_sampled/sample_0345.jpg,Non-Meme,Non-Meme,4587,0.7934168
sample_0346.jpg,/path/to/meme-template-id/Social_Media/random_sampled/sample_0346.jpg,sad-cat-holding-dog,Templated-Meme,5776,0.9410568
sample_0347.jpg,/path/to/meme-template-id/Social_Media/random_sampled/sample_0347.jpg,Template-Free,Template-Free,3017,0.89781517
sample_0348.jpg,/path/to/meme-template-id/Social_Media/random_sampled/sample_0348.jpg,Non-Meme,Non-Meme,6717,0.86911017
sample_0349.jpg,/path/to/meme-template-id/Social_Media/random_sampled/sample_0349.jpg,spongebob-vs-squidward-alarm-clocks,Templated-Meme,5344,0.92422956
sample_0350.jpg,/path/to/meme-template-id/Social_Media/random_sampled/sample_0350.jpg,Non-Meme,Non-Meme,5345,0.730058
sample_0351.jpg,/path/to/meme-template-id/Social_Media/random_sampled/sample_0351.jpg,Non-Meme,Non-Meme,4489,0.86657196
sample_0352.jpg,/path/to/meme-template-id/Social_Media/random_sampled/sample_0352.jpg,Template-Free,Template-Free,2798,0.847899
sample_0353.jpg,/path/to/meme-template-id/Social_Media/random_sampled/sample_0353.jpg,bernie-sanders-once-again-asking,Templated-Meme,3922,0.93910784
sample_0354.jpg,/path/to/meme-template-id/Social_Media/random_sampled/sample_0354.jpg,Template-Free,Template-Free,2953,0.77669036
sample_0355.jpg,/path/to/meme-template-id/Social_Media/random_sampled/sample_0355.jpg,kermit-window,Templated-Meme,5926,0.9542545
sample_0356.jpg,/path/to/meme-template-id/Social_Media/random_sampled/sample_0356.jpg,Non-Meme,Non-Meme,6725,0.8205922
sample_0357.jpg,/path/to/meme-template-id/Social_Media/random_sampled/sample_0357.jpg,Template-Free,Template-Free,2167,0.67320156
sample_0358.jpg,/path/to/meme-template-id/Social_Media/random_sampled/sample_0358.jpg,Template-Free,Template-Free,7046,0.96023554
sample_0359.jpg,/path/to/meme-template-id/Social_Media/random_sampled/sample_0359.jpg,stonks,Templated-Meme,5081,0.96378386
sample_0360.jpg,/path/to/meme-template-id/Social_Media/random_sampled/sample_0360.jpg,Template-Free,Template-Free,5565,0.7011023
sample_0361.jpg,/path/to/meme-template-id/Social_Media/random_sampled/sample_0361.jpg,Template-Free,Template-Free,5624,0.81536376
sample_0362.jpg,/path/to/meme-template-id/Social_Media/random_sampled/sample_0362.jpg,milking-the-cow,Templated-Meme,2621,0.8230196
sample_0363.jpg,/path/to/meme-template-id/Social_Media/random_sampled/sample_0363.jpg,Non-Meme,Non-Meme,3096,0.6736701
sample_0364.jpg,/path/to/meme-template-id/Social_Media/random_sampled/sample_0364.jpg,Template-Free,Template-Free,1440,0.6222162
sample_0365.jpg,/path/to/meme-template-id/Social_Media/random_sampled/sample_0365.jpg,Non-Meme,Non-Meme,5228,0.7924544
sample_0366.jpg,/path/to/meme-template-id/Social_Media/random_sampled/sample_0366.jpg,Non-Meme,Non-Meme,6468,0.75592196
sample_0367.jpg,/path/to/meme-template-id/Social_Media/random_sampled/sample_0367.jpg,Template-Free,Template-Free,3383,0.6211317
sample_0368.jpg,/path/to/meme-template-id/Social_Media/random_sampled/sample_0368.jpg,Template-Free,Template-Free,2463,0.9370813
sample_0369.jpg,/path/to/meme-template-id/Social_Media/random_sampled/sample_0369.jpg,Template-Free,Template-Free,2560,0.90137196
sample_0370.jpg,/path/to/meme-template-id/Social_Media/random_sampled/sample_0370.jpg,Template-Free,Template-Free,7216,0.96771854
sample_0371.jpg,/path/to/meme-template-id/Social_Media/random_sampled/sample_0371.jpg,Non-Meme,Non-Meme,6810,0.89844114
sample_0372.jpg,/path/to/meme-template-id/Social_Media/random_sampled/sample_0372.jpg,Non-Meme,Non-Meme,4624,0.54395056
sample_0373.jpg,/path/to/meme-template-id/Social_Media/random_sampled/sample_0373.jpg,spiderman-presentation,Templated-Meme,5116,0.96077806
sample_0374.jpg,/path/to/meme-template-id/Social_Media/random_sampled/sample_0374.jpg,Non-Meme,Non-Meme,6358,0.6098922
sample_0375.jpg,/path/to/meme-template-id/Social_Media/random_sampled/sample_0375.jpg,strong-dog-vs-weak-dog,Templated-Meme,5798,0.933217
sample_0376.jpg,/path/to/meme-template-id/Social_Media/random_sampled/sample_0376.jpg,Non-Meme,Non-Meme,6810,0.89583445
sample_0377.jpg,/path/to/meme-template-id/Social_Media/random_sampled/sample_0377.jpg,running-away-balloon,Templated-Meme,6151,0.8949563
sample_0378.jpg,/path/to/meme-template-id/Social_Media/random_sampled/sample_0378.jpg,Template-Free,Template-Free,1978,0.95038885
sample_0379.jpg,/path/to/meme-template-id/Social_Media/random_sampled/sample_0379.jpg,the-cooler-daniel,Templated-Meme,3549,0.5244501
sample_0380.jpg,/path/to/meme-template-id/Social_Media/random_sampled/sample_0380.jpg,Template-Free,Template-Free,6859,0.97957003
sample_0381.jpg,/path/to/meme-template-id/Social_Media/random_sampled/sample_0381.jpg,Template-Free,Template-Free,3739,0.7424922
sample_0382.jpg,/path/to/meme-template-id/Social_Media/random_sampled/sample_0382.jpg,Non-Meme,Non-Meme,5432,0.7447165
sample_0383.jpg,/path/to/meme-template-id/Social_Media/random_sampled/sample_0383.jpg,Template-Free,Template-Free,2660,0.880164
sample_0384.jpg,/path/to/meme-template-id/Social_Media/random_sampled/sample_0384.jpg,Template-Free,Template-Free,985,0.49837437
sample_0385.jpg,/path/to/meme-template-id/Social_Media/random_sampled/sample_0385.jpg,Template-Free,Template-Free,6954,0.96728325
sample_0386.jpg,/path/to/meme-template-id/Social_Media/random_sampled/sample_0386.jpg,Non-Meme,Non-Meme,6574,0.7500834
sample_0387.jpg,/path/to/meme-template-id/Social_Media/random_sampled/sample_0387.jpg,crying-wojak-vs-chad,Templated-Meme,6260,0.83320266
sample_0388.jpg,/path/to/meme-template-id/Social_Media/random_sampled/sample_0388.jpg,virgin-vs-chad,Templated-Meme,2626,0.7938787
sample_0389.jpg,/path/to/meme-template-id/Social_Media/random_sampled/sample_0389.jpg,Template-Free,Template-Free,2107,0.6429675
sample_0390.jpg,/path/to/meme-template-id/Social_Media/random_sampled/sample_0390.jpg,car-salesman-slaps-hood,Templated-Meme,2662,0.6833541
sample_0391.jpg,/path/to/meme-template-id/Social_Media/random_sampled/sample_0391.jpg,drake_hotline_bling_normal,Templated-Meme,5201,0.6605241
sample_0392.jpg,/path/to/meme-template-id/Social_Media/random_sampled/sample_0392.jpg,Non-Meme,Non-Meme,5641,0.90049225
sample_0393.jpg,/path/to/meme-template-id/Social_Media/random_sampled/sample_0393.jpg,nobody-absolutely-no-one,Templated-Meme,2843,0.7177558
sample_0394.jpg,/path/to/meme-template-id/Social_Media/random_sampled/sample_0394.jpg,Template-Free,Template-Free,3289,0.67236495
sample_0395.jpg,/path/to/meme-template-id/Social_Media/random_sampled/sample_0395.jpg,Template-Free,Template-Free,6623,0.89998513
sample_0396.jpg,/path/to/meme-template-id/Social_Media/random_sampled/sample_0396.jpg,Template-Free,Template-Free,1207,0.81000394
sample_0397.jpg,/path/to/meme-template-id/Social_Media/random_sampled/sample_0397.jpg,Template-Free,Template-Free,6741,0.9167619
sample_0398.jpg,/path/to/meme-template-id/Social_Media/random_sampled/sample_0398.jpg,crying-peter-parker,Templated-Meme,4949,0.53521717
sample_0399.jpg,/path/to/meme-template-id/Social_Media/random_sampled/sample_0399.jpg,all_your_base,Templated-Meme,3834,0.83095133
sample_0400.jpg,/path/to/meme-template-id/Social_Media/random_sampled/sample_0400.jpg,Non-Meme,Non-Meme,5416,0.75270045
sample_0401.jpg,/path/to/meme-template-id/Social_Media/random_sampled/sample_0401.jpg,money_man,Templated-Meme,3652,0.49062473
sample_0402.jpg,/path/to/meme-template-id/Social_Media/random_sampled/sample_0402.jpg,Template-Free,Template-Free,3848,0.8671468
sample_0403.jpg,/path/to/meme-template-id/Social_Media/random_sampled/sample_0403.jpg,i-bet-hes-thinking-about-other-women,Templated-Meme,6044,0.9340155
sample_0404.jpg,/path/to/meme-template-id/Social_Media/random_sampled/sample_0404.jpg,this-little-manuever-is-gonna-cost-us-51-years,Templated-Meme,4326,0.61177343
sample_0405.jpg,/path/to/meme-template-id/Social_Media/random_sampled/sample_0405.jpg,Non-Meme,Non-Meme,6717,0.5365149
sample_0406.jpg,/path/to/meme-template-id/Social_Media/random_sampled/sample_0406.jpg,Non-Meme,Non-Meme,6723,0.8890158
sample_0407.jpg,/path/to/meme-template-id/Social_Media/random_sampled/sample_0407.jpg,Template-Free,Template-Free,973,0.929779
sample_0408.jpg,/path/to/meme-template-id/Social_Media/random_sampled/sample_0408.jpg,Template-Free,Template-Free,6905,0.9253701
sample_0409.jpg,/path/to/meme-template-id/Social_Media/random_sampled/sample_0409.jpg,Template-Free,Template-Free,3059,0.52958584
sample_0410.jpg,/path/to/meme-template-id/Social_Media/random_sampled/sample_0410.jpg,Non-Meme,Non-Meme,4341,0.74395293
sample_0411.jpg,/path/to/meme-template-id/Social_Media/random_sampled/sample_0411.jpg,you-have-no-power-here,Templated-Meme,4155,0.8173249
sample_0412.jpg,/path/to/meme-template-id/Social_Media/random_sampled/sample_0412.jpg,Template-Free,Template-Free,6464,0.75882107
sample_0413.jpg,/path/to/meme-template-id/Social_Media/random_sampled/sample_0413.jpg,banned-from-roblox,Templated-Meme,6758,0.7674705
sample_0414.jpg,/path/to/meme-template-id/Social_Media/random_sampled/sample_0414.jpg,Non-Meme,Non-Meme,6672,0.87021095
sample_0415.jpg,/path/to/meme-template-id/Social_Media/random_sampled/sample_0415.jpg,car-salesman-slaps-hood,Templated-Meme,6601,0.78039086
sample_0416.jpg,/path/to/meme-template-id/Social_Media/random_sampled/sample_0416.jpg,somehow_palpatine_returned,Templated-Meme,3435,0.66551477
sample_0417.jpg,/path/to/meme-template-id/Social_Media/random_sampled/sample_0417.jpg,Template-Free,Template-Free,5078,0.9221512
sample_0418.jpg,/path/to/meme-template-id/Social_Media/random_sampled/sample_0418.jpg,Template-Free,Template-Free,4396,0.70387125
sample_0419.jpg,/path/to/meme-template-id/Social_Media/random_sampled/sample_0419.jpg,Template-Free,Template-Free,822,0.6640267
sample_0420.jpg,/path/to/meme-template-id/Social_Media/random_sampled/sample_0420.jpg,joins_battle_smash_bros,Templated-Meme,6452,0.8958648
sample_0421.jpg,/path/to/meme-template-id/Social_Media/random_sampled/sample_0421.jpg,Non-Meme,Non-Meme,5634,0.8756049
sample_0422.jpg,/path/to/meme-template-id/Social_Media/random_sampled/sample_0422.jpg,Non-Meme,Non-Meme,6819,0.86789435
sample_0423.jpg,/path/to/meme-template-id/Social_Media/random_sampled/sample_0423.jpg,Template-Free,Template-Free,6734,0.8813894
sample_0424.jpg,/path/to/meme-template-id/Social_Media/random_sampled/sample_0424.jpg,Non-Meme,Non-Meme,6753,0.7943134
sample_0425.jpg,/path/to/meme-template-id/Social_Media/random_sampled/sample_0425.jpg,Template-Free,Template-Free,2674,0.46918055
sample_0426.jpg,/path/to/meme-template-id/Social_Media/random_sampled/sample_0426.jpg,Template-Free,Template-Free,631,0.6670382
sample_0427.jpg,/path/to/meme-template-id/Social_Media/random_sampled/sample_0427.jpg,Non-Meme,Non-Meme,5641,0.8224384
sample_0428.jpg,/path/to/meme-template-id/Social_Media/random_sampled/sample_0428.jpg,Non-Meme,Non-Meme,6781,0.8819117
sample_0429.jpg,/path/to/meme-template-id/Social_Media/random_sampled/sample_0429.jpg,Template-Free,Template-Free,4556,0.9801157
sample_0430.jpg,/path/to/meme-template-id/Social_Media/random_sampled/sample_0430.jpg,Template-Free,Template-Free,3120,0.64066106
sample_0431.jpg,/path/to/meme-template-id/Social_Media/random_sampled/sample_0431.jpg,Template-Free,Template-Free,1859,0.7326278
sample_0432.jpg,/path/to/meme-template-id/Social_Media/random_sampled/sample_0432.jpg,get_better_material_meme,Templated-Meme,4377,0.7952598
sample_0433.jpg,/path/to/meme-template-id/Social_Media/random_sampled/sample_0433.jpg,Non-Meme,Non-Meme,4649,0.68306273
sample_0434.jpg,/path/to/meme-template-id/Social_Media/random_sampled/sample_0434.jpg,Template-Free,Template-Free,2926,0.64881384
sample_0435.jpg,/path/to/meme-template-id/Social_Media/random_sampled/sample_0435.jpg,Non-Meme,Non-Meme,3479,0.60420823
sample_0436.jpg,/path/to/meme-template-id/Social_Media/random_sampled/sample_0436.jpg,communist_cat,Templated-Meme,5728,0.9741523
sample_0437.jpg,/path/to/meme-template-id/Social_Media/random_sampled/sample_0437.jpg,drake_hotline_bling_normal,Templated-Meme,5201,0.7085433
sample_0438.jpg,/path/to/meme-template-id/Social_Media/random_sampled/sample_0438.jpg,Template-Free,Template-Free,631,0.9334773
sample_0439.jpg,/path/to/meme-template-id/Social_Media/random_sampled/sample_0439.jpg,Non-Meme,Non-Meme,5293,0.75907606
sample_0440.jpg,/path/to/meme-template-id/Social_Media/random_sampled/sample_0440.jpg,Template-Free,Template-Free,1587,0.97372967
sample_0441.jpg,/path/to/meme-template-id/Social_Media/random_sampled/sample_0441.jpg,Template-Free,Template-Free,910,0.6133757
sample_0442.jpg,/path/to/meme-template-id/Social_Media/random_sampled/sample_0442.jpg,Template-Free,Template-Free,7044,0.9459855
sample_0443.jpg,/path/to/meme-template-id/Social_Media/random_sampled/sample_0443.jpg,Non-Meme,Non-Meme,6593,0.71646047
sample_0444.jpg,/path/to/meme-template-id/Social_Media/random_sampled/sample_0444.jpg,drake_hotline_bling_normal,Templated-Meme,4916,0.9177987
sample_0445.jpg,/path/to/meme-template-id/Social_Media/random_sampled/sample_0445.jpg,Template-Free,Template-Free,5779,0.9506297
sample_0446.jpg,/path/to/meme-template-id/Social_Media/random_sampled/sample_0446.jpg,Template-Free,Template-Free,3963,0.9711253
sample_0447.jpg,/path/to/meme-template-id/Social_Media/random_sampled/sample_0447.jpg,Non-Meme,Non-Meme,3917,0.7537506
sample_0448.jpg,/path/to/meme-template-id/Social_Media/random_sampled/sample_0448.jpg,Template-Free,Template-Free,56,0.5688522
sample_0449.jpg,/path/to/meme-template-id/Social_Media/random_sampled/sample_0449.jpg,cereal_guys_daddy,Templated-Meme,4642,0.7359311
sample_0450.jpg,/path/to/meme-template-id/Social_Media/random_sampled/sample_0450.jpg,Non-Meme,Non-Meme,6723,0.9151691
sample_0451.jpg,/path/to/meme-template-id/Social_Media/random_sampled/sample_0451.jpg,cast-it-into-the-fire,Templated-Meme,643,0.56624407
sample_0452.jpg,/path/to/meme-template-id/Social_Media/random_sampled/sample_0452.jpg,hard-to-swallow-pills,Templated-Meme,1328,0.76904327
sample_0453.jpg,/path/to/meme-template-id/Social_Media/random_sampled/sample_0453.jpg,Template-Free,Template-Free,3594,0.60204923
sample_0454.jpg,/path/to/meme-template-id/Social_Media/random_sampled/sample_0454.jpg,Non-Meme,Non-Meme,5742,0.80260193
sample_0455.jpg,/path/to/meme-template-id/Social_Media/random_sampled/sample_0455.jpg,blank-red-maga-hat,Templated-Meme,2490,0.65199685
sample_0456.jpg,/path/to/meme-template-id/Social_Media/random_sampled/sample_0456.jpg,Non-Meme,Non-Meme,6810,0.8003213
sample_0457.jpg,/path/to/meme-template-id/Social_Media/random_sampled/sample_0457.jpg,Template-Free,Template-Free,7330,0.9841595
sample_0458.jpg,/path/to/meme-template-id/Social_Media/random_sampled/sample_0458.jpg,keep-calm-and-carry-on-purple,Templated-Meme,6371,0.77649426
sample_0459.jpg,/path/to/meme-template-id/Social_Media/random_sampled/sample_0459.jpg,Template-Free,Template-Free,1578,0.5041469
sample_0460.jpg,/path/to/meme-template-id/Social_Media/random_sampled/sample_0460.jpg,drake_hotline_bling_normal,Templated-Meme,4916,0.83271974
sample_0461.jpg,/path/to/meme-template-id/Social_Media/random_sampled/sample_0461.jpg,mother-ignoring-kid-drowning-in-a-pool,Templated-Meme,5436,0.94940346
sample_0462.jpg,/path/to/meme-template-id/Social_Media/random_sampled/sample_0462.jpg,csi,Templated-Meme,3629,0.6114847
sample_0463.jpg,/path/to/meme-template-id/Social_Media/random_sampled/sample_0463.jpg,Template-Free,Template-Free,4731,0.9165652
sample_0464.jpg,/path/to/meme-template-id/Social_Media/random_sampled/sample_0464.jpg,Non-Meme,Non-Meme,942,0.7823243
sample_0465.jpg,/path/to/meme-template-id/Social_Media/random_sampled/sample_0465.jpg,Template-Free,Template-Free,3710,0.82492787
sample_0466.jpg,/path/to/meme-template-id/Social_Media/random_sampled/sample_0466.jpg,you-like-krabby-patties,Templated-Meme,6232,0.90167016
sample_0467.jpg,/path/to/meme-template-id/Social_Media/random_sampled/sample_0467.jpg,adios,Templated-Meme,3320,0.96891594
sample_0468.jpg,/path/to/meme-template-id/Social_Media/random_sampled/sample_0468.jpg,alignment-chart,Templated-Meme,1393,0.78959984
sample_0469.jpg,/path/to/meme-template-id/Social_Media/random_sampled/sample_0469.jpg,angry-flower,Templated-Meme,3618,0.895484
sample_0470.jpg,/path/to/meme-template-id/Social_Media/random_sampled/sample_0470.jpg,Template-Free,Template-Free,1163,0.9174426
sample_0471.jpg,/path/to/meme-template-id/Social_Media/random_sampled/sample_0471.jpg,Non-Meme,Non-Meme,5345,0.50726426
sample_0472.jpg,/path/to/meme-template-id/Social_Media/random_sampled/sample_0472.jpg,Template-Free,Template-Free,1234,0.83653104
sample_0473.jpg,/path/to/meme-template-id/Social_Media/random_sampled/sample_0473.jpg,i-believe-in-supremacy,Templated-Meme,766,0.5646013
sample_0474.jpg,/path/to/meme-template-id/Social_Media/random_sampled/sample_0474.jpg,its-free-real-estate,Templated-Meme,5173,0.9195891
sample_0475.jpg,/path/to/meme-template-id/Social_Media/random_sampled/sample_0475.jpg,Template-Free,Template-Free,6104,0.5928567
sample_0476.jpg,/path/to/meme-template-id/Social_Media/random_sampled/sample_0476.jpg,Non-Meme,Non-Meme,3916,0.65134996
sample_0477.jpg,/path/to/meme-template-id/Social_Media/random_sampled/sample_0477.jpg,Template-Free,Template-Free,1528,0.73549443
sample_0478.jpg,/path/to/meme-template-id/Social_Media/random_sampled/sample_0478.jpg,Non-Meme,Non-Meme,5621,0.8585697
sample_0479.jpg,/path/to/meme-template-id/Social_Media/random_sampled/sample_0479.jpg,Template-Free,Template-Free,6882,0.9493186
sample_0480.jpg,/path/to/meme-template-id/Social_Media/random_sampled/sample_0480.jpg,Template-Free,Template-Free,2677,0.5489013
sample_0481.jpg,/path/to/meme-template-id/Social_Media/random_sampled/sample_0481.jpg,Template-Free,Template-Free,192,0.92503226
sample_0482.jpg,/path/to/meme-template-id/Social_Media/random_sampled/sample_0482.jpg,ew-i-stepped-in-shit,Templated-Meme,6343,0.9612616
sample_0483.jpg,/path/to/meme-template-id/Social_Media/random_sampled/sample_0483.jpg,Template-Free,Template-Free,5254,0.7786981
sample_0484.jpg,/path/to/meme-template-id/Social_Media/random_sampled/sample_0484.jpg,Template-Free,Template-Free,3371,0.7326376
sample_0485.jpg,/path/to/meme-template-id/Social_Media/random_sampled/sample_0485.jpg,Template-Free,Template-Free,591,0.5797995
sample_0486.jpg,/path/to/meme-template-id/Social_Media/random_sampled/sample_0486.jpg,pink-guy-vs-bane,Templated-Meme,1661,0.94564086
sample_0487.jpg,/path/to/meme-template-id/Social_Media/random_sampled/sample_0487.jpg,Template-Free,Template-Free,5722,0.96333724
sample_0488.jpg,/path/to/meme-template-id/Social_Media/random_sampled/sample_0488.jpg,are_ya_winning_son,Templated-Meme,6305,0.84949124
sample_0489.jpg,/path/to/meme-template-id/Social_Media/random_sampled/sample_0489.jpg,Non-Meme,Non-Meme,6810,0.7841204
sample_0490.jpg,/path/to/meme-template-id/Social_Media/random_sampled/sample_0490.jpg,tom-the-cat-shooting-himself,Templated-Meme,5886,0.7953623
sample_0491.jpg,/path/to/meme-template-id/Social_Media/random_sampled/sample_0491.jpg,lisa-simpsons-presentation,Templated-Meme,3487,0.8664996
sample_0492.jpg,/path/to/meme-template-id/Social_Media/random_sampled/sample_0492.jpg,Non-Meme,Non-Meme,3728,0.6083883
sample_0493.jpg,/path/to/meme-template-id/Social_Media/random_sampled/sample_0493.jpg,make_your_own_meme,Templated-Meme,6687,0.7341695
sample_0494.jpg,/path/to/meme-template-id/Social_Media/random_sampled/sample_0494.jpg,Template-Free,Template-Free,2482,0.9087712
sample_0495.jpg,/path/to/meme-template-id/Social_Media/random_sampled/sample_0495.jpg,and-thats-a-fact,Templated-Meme,3956,0.8522905
sample_0496.jpg,/path/to/meme-template-id/Social_Media/random_sampled/sample_0496.jpg,Template-Free,Template-Free,6983,0.9458829
sample_0497.jpg,/path/to/meme-template-id/Social_Media/random_sampled/sample_0497.jpg,cereal-guy,Templated-Meme,5888,0.738519
sample_0498.jpg,/path/to/meme-template-id/Social_Media/random_sampled/sample_0498.jpg,Non-Meme,Non-Meme,5500,0.88491833
sample_0499.jpg,/path/to/meme-template-id/Social_Media/random_sampled/sample_0499.jpg,Template-Free,Template-Free,3517,0.8591637
sample_0500.jpg,/path/to/meme-template-id/Social_Media/random_sampled/sample_0500.jpg,Template-Free,Template-Free,588,0.5894252
sample_0501.jpg,/path/to/meme-template-id/Social_Media/random_sampled/sample_0501.jpg,master_oogway,Templated-Meme,3495,0.70077235
sample_0502.jpg,/path/to/meme-template-id/Social_Media/random_sampled/sample_0502.jpg,blinking-guy,Templated-Meme,4612,0.94163924
sample_0503.jpg,/path/to/meme-template-id/Social_Media/random_sampled/sample_0503.jpg,Template-Free,Template-Free,5544,0.9186368
sample_0504.jpg,/path/to/meme-template-id/Social_Media/random_sampled/sample_0504.jpg,Template-Free,Template-Free,2052,0.5616424
sample_0505.jpg,/path/to/meme-template-id/Social_Media/random_sampled/sample_0505.jpg,victoria-david-beckham-be-honest,Templated-Meme,3606,0.7051208
sample_0506.jpg,/path/to/meme-template-id/Social_Media/random_sampled/sample_0506.jpg,Non-Meme,Non-Meme,6672,0.8427704
sample_0507.jpg,/path/to/meme-template-id/Social_Media/random_sampled/sample_0507.jpg,computer-guy-facepalm,Templated-Meme,5369,0.7609129
sample_0508.jpg,/path/to/meme-template-id/Social_Media/random_sampled/sample_0508.jpg,Non-Meme,Non-Meme,6761,0.9806002
sample_0509.jpg,/path/to/meme-template-id/Social_Media/random_sampled/sample_0509.jpg,Non-Meme,Non-Meme,6717,0.8672958
sample_0510.jpg,/path/to/meme-template-id/Social_Media/random_sampled/sample_0510.jpg,Template-Free,Template-Free,6830,0.9440565
sample_0511.jpg,/path/to/meme-template-id/Social_Media/random_sampled/sample_0511.jpg,Non-Meme,Non-Meme,4535,0.7490589
sample_0512.jpg,/path/to/meme-template-id/Social_Media/random_sampled/sample_0512.jpg,who-would-win,Templated-Meme,3392,0.56671464
sample_0513.jpg,/path/to/meme-template-id/Social_Media/random_sampled/sample_0513.jpg,nobody-is-born-cool,Templated-Meme,4364,0.90815294
sample_0514.jpg,/path/to/meme-template-id/Social_Media/random_sampled/sample_0514.jpg,Template-Free,Template-Free,3978,0.7907881
sample_0515.jpg,/path/to/meme-template-id/Social_Media/random_sampled/sample_0515.jpg,m06_change_my_mind,Templated-Meme,1789,0.9667077
sample_0516.jpg,/path/to/meme-template-id/Social_Media/random_sampled/sample_0516.jpg,is_calling_you,Templated-Meme,2784,0.66163176
sample_0517.jpg,/path/to/meme-template-id/Social_Media/random_sampled/sample_0517.jpg,gotta_be_one_of_my_favorite_genders,Templated-Meme,533,0.6260603
sample_0518.jpg,/path/to/meme-template-id/Social_Media/random_sampled/sample_0518.jpg,Non-Meme,Non-Meme,6672,0.8766673
sample_0519.jpg,/path/to/meme-template-id/Social_Media/random_sampled/sample_0519.jpg,Template-Free,Template-Free,4985,0.86040336
sample_0520.jpg,/path/to/meme-template-id/Social_Media/random_sampled/sample_0520.jpg,Non-Meme,Non-Meme,4811,0.7741215
sample_0521.jpg,/path/to/meme-template-id/Social_Media/random_sampled/sample_0521.jpg,Template-Free,Template-Free,1549,0.9014272
sample_0522.jpg,/path/to/meme-template-id/Social_Media/random_sampled/sample_0522.jpg,lisa-simpsons-presentation,Templated-Meme,3487,0.8807415
sample_0523.jpg,/path/to/meme-template-id/Social_Media/random_sampled/sample_0523.jpg,Template-Free,Template-Free,4862,0.7352653
sample_0524.jpg,/path/to/meme-template-id/Social_Media/random_sampled/sample_0524.jpg,Template-Free,Template-Free,6466,0.6952595
sample_0525.jpg,/path/to/meme-template-id/Social_Media/random_sampled/sample_0525.jpg,Template-Free,Template-Free,7258,0.9702517
sample_0526.jpg,/path/to/meme-template-id/Social_Media/random_sampled/sample_0526.jpg,Template-Free,Template-Free,4617,0.6372083
sample_0527.jpg,/path/to/meme-template-id/Social_Media/random_sampled/sample_0527.jpg,Non-Meme,Non-Meme,4509,0.4727975
sample_0528.jpg,/path/to/meme-template-id/Social_Media/random_sampled/sample_0528.jpg,Template-Free,Template-Free,3484,0.71782255
sample_0529.jpg,/path/to/meme-template-id/Social_Media/random_sampled/sample_0529.jpg,Non-Meme,Non-Meme,5339,0.6146098
sample_0530.jpg,/path/to/meme-template-id/Social_Media/random_sampled/sample_0530.jpg,Non-Meme,Non-Meme,6818,0.95621204
sample_0531.jpg,/path/to/meme-template-id/Social_Media/random_sampled/sample_0531.jpg,Template-Free,Template-Free,1295,0.48536736
sample_0532.jpg,/path/to/meme-template-id/Social_Media/random_sampled/sample_0532.jpg,Non-Meme,Non-Meme,3670,0.79739976
sample_0533.jpg,/path/to/meme-template-id/Social_Media/random_sampled/sample_0533.jpg,creepy-condescending-wonka,Templated-Meme,3235,0.95182884
sample_0534.jpg,/path/to/meme-template-id/Social_Media/random_sampled/sample_0534.jpg,well-yes-but-actually-no,Templated-Meme,2888,0.96782714
sample_0535.jpg,/path/to/meme-template-id/Social_Media/random_sampled/sample_0535.jpg,Template-Free,Template-Free,5565,0.7870113
sample_0536.jpg,/path/to/meme-template-id/Social_Media/random_sampled/sample_0536.jpg,show-me-the-real,Templated-Meme,1410,0.78767955
sample_0537.jpg,/path/to/meme-template-id/Social_Media/random_sampled/sample_0537.jpg,drake_hotline_bling_normal,Templated-Meme,4912,0.7842112
sample_0538.jpg,/path/to/meme-template-id/Social_Media/random_sampled/sample_0538.jpg,Template-Free,Template-Free,6652,0.90249854
sample_0539.jpg,/path/to/meme-template-id/Social_Media/random_sampled/sample_0539.jpg,Non-Meme,Non-Meme,6810,0.8613221
sample_0540.jpg,/path/to/meme-template-id/Social_Media/random_sampled/sample_0540.jpg,Template-Free,Template-Free,5241,0.68454736
sample_0541.jpg,/path/to/meme-template-id/Social_Media/random_sampled/sample_0541.jpg,pepe-the-frog,Templated-Meme,5807,0.838095
sample_0542.jpg,/path/to/meme-template-id/Social_Media/random_sampled/sample_0542.jpg,Template-Free,Template-Free,5142,0.6912503
sample_0543.jpg,/path/to/meme-template-id/Social_Media/random_sampled/sample_0543.jpg,Template-Free,Template-Free,4035,0.6472625
sample_0544.jpg,/path/to/meme-template-id/Social_Media/random_sampled/sample_0544.jpg,Template-Free,Template-Free,7002,0.9378722
sample_0545.jpg,/path/to/meme-template-id/Social_Media/random_sampled/sample_0545.jpg,Template-Free,Template-Free,4546,0.94703305
sample_0546.jpg,/path/to/meme-template-id/Social_Media/random_sampled/sample_0546.jpg,Template-Free,Template-Free,7052,0.9611405
sample_0547.jpg,/path/to/meme-template-id/Social_Media/random_sampled/sample_0547.jpg,Non-Meme,Non-Meme,4339,0.69327015
sample_0548.jpg,/path/to/meme-template-id/Social_Media/random_sampled/sample_0548.jpg,Template-Free,Template-Free,3371,0.699905
sample_0549.jpg,/path/to/meme-template-id/Social_Media/random_sampled/sample_0549.jpg,afraid-to-ask-andy,Templated-Meme,4109,0.9580882
sample_0550.jpg,/path/to/meme-template-id/Social_Media/random_sampled/sample_0550.jpg,Template-Free,Template-Free,1644,0.7296428
sample_0551.jpg,/path/to/meme-template-id/Social_Media/random_sampled/sample_0551.jpg,Template-Free,Template-Free,6777,0.749514
sample_0552.jpg,/path/to/meme-template-id/Social_Media/random_sampled/sample_0552.jpg,Non-Meme,Non-Meme,5365,0.66556394
sample_0553.jpg,/path/to/meme-template-id/Social_Media/random_sampled/sample_0553.jpg,unsettled-tom,Templated-Meme,6025,0.9363319
sample_0554.jpg,/path/to/meme-template-id/Social_Media/random_sampled/sample_0554.jpg,always-you-three,Templated-Meme,5476,0.49621388
sample_0555.jpg,/path/to/meme-template-id/Social_Media/random_sampled/sample_0555.jpg,squidward-chair,Templated-Meme,4264,0.87898153
sample_0556.jpg,/path/to/meme-template-id/Social_Media/random_sampled/sample_0556.jpg,blinking-guy,Templated-Meme,4612,0.8502277
sample_0557.jpg,/path/to/meme-template-id/Social_Media/random_sampled/sample_0557.jpg,Non-Meme,Non-Meme,5609,0.8493023
sample_0558.jpg,/path/to/meme-template-id/Social_Media/random_sampled/sample_0558.jpg,Template-Free,Template-Free,3448,0.7788291
sample_0559.jpg,/path/to/meme-template-id/Social_Media/random_sampled/sample_0559.jpg,straight-outta-x-blank-template,Templated-Meme,6078,0.7094169
sample_0560.jpg,/path/to/meme-template-id/Social_Media/random_sampled/sample_0560.jpg,npc,Templated-Meme,3261,0.74870193
sample_0561.jpg,/path/to/meme-template-id/Social_Media/random_sampled/sample_0561.jpg,Template-Free,Template-Free,5230,0.8466572
sample_0562.jpg,/path/to/meme-template-id/Social_Media/random_sampled/sample_0562.jpg,Non-Meme,Non-Meme,1087,0.8990235
sample_0563.jpg,/path/to/meme-template-id/Social_Media/random_sampled/sample_0563.jpg,Template-Free,Template-Free,4778,0.6746559
sample_0564.jpg,/path/to/meme-template-id/Social_Media/random_sampled/sample_0564.jpg,michael-jackson-eating-popcorn,Templated-Meme,1017,0.85141444
sample_0565.jpg,/path/to/meme-template-id/Social_Media/random_sampled/sample_0565.jpg,Template-Free,Template-Free,979,0.54528797
sample_0566.jpg,/path/to/meme-template-id/Social_Media/random_sampled/sample_0566.jpg,Template-Free,Template-Free,5118,0.67652744
sample_0567.jpg,/path/to/meme-template-id/Social_Media/random_sampled/sample_0567.jpg,Non-Meme,Non-Meme,2991,0.58430076
sample_0568.jpg,/path/to/meme-template-id/Social_Media/random_sampled/sample_0568.jpg,Non-Meme,Non-Meme,4834,0.90808
sample_0569.jpg,/path/to/meme-template-id/Social_Media/random_sampled/sample_0569.jpg,Template-Free,Template-Free,6093,0.92224944
sample_0570.jpg,/path/to/meme-template-id/Social_Media/random_sampled/sample_0570.jpg,Non-Meme,Non-Meme,3373,0.6856807
sample_0571.jpg,/path/to/meme-template-id/Social_Media/random_sampled/sample_0571.jpg,a_wizard_is_never_late,Templated-Meme,4152,0.67483205
sample_0572.jpg,/path/to/meme-template-id/Social_Media/random_sampled/sample_0572.jpg,society-if,Templated-Meme,3698,0.6346545
sample_0573.jpg,/path/to/meme-template-id/Social_Media/random_sampled/sample_0573.jpg,Non-Meme,Non-Meme,1684,0.71269417
sample_0574.jpg,/path/to/meme-template-id/Social_Media/random_sampled/sample_0574.jpg,gotta_be_one_of_my_favorite_genders,Templated-Meme,533,0.5017786
sample_0575.jpg,/path/to/meme-template-id/Social_Media/random_sampled/sample_0575.jpg,Non-Meme,Non-Meme,3545,0.45305374
sample_0576.jpg,/path/to/meme-template-id/Social_Media/random_sampled/sample_0576.jpg,Non-Meme,Non-Meme,6703,0.7778054
sample_0577.jpg,/path/to/meme-template-id/Social_Media/random_sampled/sample_0577.jpg,Non-Meme,Non-Meme,5033,0.7664133
sample_0578.jpg,/path/to/meme-template-id/Social_Media/random_sampled/sample_0578.jpg,Template-Free,Template-Free,4666,0.62397593
sample_0579.jpg,/path/to/meme-template-id/Social_Media/random_sampled/sample_0579.jpg,Non-Meme,Non-Meme,4859,0.6842787
sample_0580.jpg,/path/to/meme-template-id/Social_Media/random_sampled/sample_0580.jpg,but-it-was-me-dio,Templated-Meme,6055,0.6860236
sample_0581.jpg,/path/to/meme-template-id/Social_Media/random_sampled/sample_0581.jpg,four-horsemen,Templated-Meme,4606,0.7510537
sample_0582.jpg,/path/to/meme-template-id/Social_Media/random_sampled/sample_0582.jpg,s09_blank_blue_colored_family,Templated-Meme,5386,0.7534583
sample_0583.jpg,/path/to/meme-template-id/Social_Media/random_sampled/sample_0583.jpg,lisa-simpsons-presentation,Templated-Meme,3487,0.8467727
sample_0584.jpg,/path/to/meme-template-id/Social_Media/random_sampled/sample_0584.jpg,Template-Free,Template-Free,1326,0.84434915
sample_0585.jpg,/path/to/meme-template-id/Social_Media/random_sampled/sample_0585.jpg,Non-Meme,Non-Meme,5638,0.59556776
sample_0586.jpg,/path/to/meme-template-id/Social_Media/random_sampled/sample_0586.jpg,Template-Free,Template-Free,7037,0.92060846
sample_0587.jpg,/path/to/meme-template-id/Social_Media/random_sampled/sample_0587.jpg,Template-Free,Template-Free,4620,0.54607904
sample_0588.jpg,/path/to/meme-template-id/Social_Media/random_sampled/sample_0588.jpg,Non-Meme,Non-Meme,5716,0.6620775
sample_0589.jpg,/path/to/meme-template-id/Social_Media/random_sampled/sample_0589.jpg,Template-Free,Template-Free,1841,0.6258031
sample_0590.jpg,/path/to/meme-template-id/Social_Media/random_sampled/sample_0590.jpg,Template-Free,Template-Free,1816,0.70739734
sample_0591.jpg,/path/to/meme-template-id/Social_Media/random_sampled/sample_0591.jpg,nah_id_win,Templated-Meme,6335,0.7113181
sample_0592.jpg,/path/to/meme-template-id/Social_Media/random_sampled/sample_0592.jpg,Non-Meme,Non-Meme,5609,0.72118956
sample_0593.jpg,/path/to/meme-template-id/Social_Media/random_sampled/sample_0593.jpg,Non-Meme,Non-Meme,6574,0.76925135
sample_0594.jpg,/path/to/meme-template-id/Social_Media/random_sampled/sample_0594.jpg,mozart_not_sure,Templated-Meme,5245,0.9173044
sample_0595.jpg,/path/to/meme-template-id/Social_Media/random_sampled/sample_0595.jpg,live-reaction,Templated-Meme,3847,0.6240591
sample_0596.jpg,/path/to/meme-template-id/Social_Media/random_sampled/sample_0596.jpg,listen-here-you-little-shit-bird,Templated-Meme,3291,0.8698075
sample_0597.jpg,/path/to/meme-template-id/Social_Media/random_sampled/sample_0597.jpg,Non-Meme,Non-Meme,4649,0.6253969
sample_0598.jpg,/path/to/meme-template-id/Social_Media/random_sampled/sample_0598.jpg,Template-Free,Template-Free,6309,0.8074781
sample_0599.jpg,/path/to/meme-template-id/Social_Media/random_sampled/sample_0599.jpg,Non-Meme,Non-Meme,5707,0.7790417
sample_0600.jpg,/path/to/meme-template-id/Social_Media/random_sampled/sample_0600.jpg,Non-Meme,Non-Meme,6716,0.91789216
sample_0601.jpg,/path/to/meme-template-id/Social_Media/random_sampled/sample_0601.jpg,its-over-anakin-i-have-the-high-ground,Templated-Meme,4348,0.80903965
sample_0602.jpg,/path/to/meme-template-id/Social_Media/random_sampled/sample_0602.jpg,Template-Free,Template-Free,5368,0.6413668
sample_0603.jpg,/path/to/meme-template-id/Social_Media/random_sampled/sample_0603.jpg,Template-Free,Template-Free,982,0.9577759
sample_0604.jpg,/path/to/meme-template-id/Social_Media/random_sampled/sample_0604.jpg,Template-Free,Template-Free,1652,0.9090922
sample_0605.jpg,/path/to/meme-template-id/Social_Media/random_sampled/sample_0605.jpg,Template-Free,Template-Free,7103,0.96678597
sample_0606.jpg,/path/to/meme-template-id/Social_Media/random_sampled/sample_0606.jpg,Template-Free,Template-Free,2639,0.735829
sample_0607.jpg,/path/to/meme-template-id/Social_Media/random_sampled/sample_0607.jpg,blank-nut-button,Templated-Meme,3988,0.90447116
sample_0608.jpg,/path/to/meme-template-id/Social_Media/random_sampled/sample_0608.jpg,onde,Templated-Meme,3542,0.60292804
sample_0609.jpg,/path/to/meme-template-id/Social_Media/random_sampled/sample_0609.jpg,i-have-no-idea-what-i-am-doing-dog,Templated-Meme,955,0.96031266
sample_0610.jpg,/path/to/meme-template-id/Social_Media/random_sampled/sample_0610.jpg,Non-Meme,Non-Meme,5340,0.7084282
sample_0611.jpg,/path/to/meme-template-id/Social_Media/random_sampled/sample_0611.jpg,guy-with-sand-in-the-hands-of-despair,Templated-Meme,2022,0.7454292
sample_0612.jpg,/path/to/meme-template-id/Social_Media/random_sampled/sample_0612.jpg,Template-Free,Template-Free,6808,0.8811304
sample_0613.jpg,/path/to/meme-template-id/Social_Media/random_sampled/sample_0613.jpg,Template-Free,Template-Free,5745,0.93120044
sample_0614.jpg,/path/to/meme-template-id/Social_Media/random_sampled/sample_0614.jpg,Non-Meme,Non-Meme,2136,0.8553441
sample_0615.jpg,/path/to/meme-template-id/Social_Media/random_sampled/sample_0615.jpg,eric-andre-let-me-in-meme,Templated-Meme,653,0.91840214
sample_0616.jpg,/path/to/meme-template-id/Social_Media/random_sampled/sample_0616.jpg,napoleon,Templated-Meme,2173,0.51500803
sample_0617.jpg,/path/to/meme-template-id/Social_Media/random_sampled/sample_0617.jpg,Non-Meme,Non-Meme,6488,0.8870159
sample_0618.jpg,/path/to/meme-template-id/Social_Media/random_sampled/sample_0618.jpg,nick-young,Templated-Meme,5352,0.70123243
sample_0619.jpg,/path/to/meme-template-id/Social_Media/random_sampled/sample_0619.jpg,Template-Free,Template-Free,5678,0.7462406
sample_0620.jpg,/path/to/meme-template-id/Social_Media/random_sampled/sample_0620.jpg,Template-Free,Template-Free,5736,0.8760362
sample_0621.jpg,/path/to/meme-template-id/Social_Media/random_sampled/sample_0621.jpg,Template-Free,Template-Free,7198,0.9306252
sample_0622.jpg,/path/to/meme-template-id/Social_Media/random_sampled/sample_0622.jpg,Non-Meme,Non-Meme,5634,0.81786954
sample_0623.jpg,/path/to/meme-template-id/Social_Media/random_sampled/sample_0623.jpg,Non-Meme,Non-Meme,5742,0.7841539
sample_0624.jpg,/path/to/meme-template-id/Social_Media/random_sampled/sample_0624.jpg,big-brain-wojak,Templated-Meme,2380,0.93670535
sample_0625.jpg,/path/to/meme-template-id/Social_Media/random_sampled/sample_0625.jpg,show-me-the-real,Templated-Meme,1410,0.60559785
sample_0626.jpg,/path/to/meme-template-id/Social_Media/random_sampled/sample_0626.jpg,Non-Meme,Non-Meme,5361,0.72634184
sample_0627.jpg,/path/to/meme-template-id/Social_Media/random_sampled/sample_0627.jpg,comparison-table,Templated-Meme,4957,0.6810137
sample_0628.jpg,/path/to/meme-template-id/Social_Media/random_sampled/sample_0628.jpg,Non-Meme,Non-Meme,4137,0.7245835
sample_0629.jpg,/path/to/meme-template-id/Social_Media/random_sampled/sample_0629.jpg,now-thats-what-i-call,Templated-Meme,4279,0.66389364
sample_0630.jpg,/path/to/meme-template-id/Social_Media/random_sampled/sample_0630.jpg,Template-Free,Template-Free,5853,0.9324274
sample_0631.jpg,/path/to/meme-template-id/Social_Media/random_sampled/sample_0631.jpg,Template-Free,Template-Free,2650,0.65879613
sample_0632.jpg,/path/to/meme-template-id/Social_Media/random_sampled/sample_0632.jpg,Template-Free,Template-Free,6760,0.79405224
sample_0633.jpg,/path/to/meme-template-id/Social_Media/random_sampled/sample_0633.jpg,Template-Free,Template-Free,3172,0.5989988
sample_0634.jpg,/path/to/meme-template-id/Social_Media/random_sampled/sample_0634.jpg,Template-Free,Template-Free,3920,0.7389122
sample_0635.jpg,/path/to/meme-template-id/Social_Media/random_sampled/sample_0635.jpg,actual-advice-mallard,Templated-Meme,4463,0.93886673
sample_0636.jpg,/path/to/meme-template-id/Social_Media/random_sampled/sample_0636.jpg,what-if-you-wanted-to-go-to-heaven,Templated-Meme,2799,0.735624
sample_0637.jpg,/path/to/meme-template-id/Social_Media/random_sampled/sample_0637.jpg,Template-Free,Template-Free,6968,0.9553044
sample_0638.jpg,/path/to/meme-template-id/Social_Media/random_sampled/sample_0638.jpg,Non-Meme,Non-Meme,4437,0.864451
sample_0639.jpg,/path/to/meme-template-id/Social_Media/random_sampled/sample_0639.jpg,Non-Meme,Non-Meme,3917,0.5255943
sample_0640.jpg,/path/to/meme-template-id/Social_Media/random_sampled/sample_0640.jpg,dead-baby-voldemort-what-happened-to-him,Templated-Meme,1383,0.89127487
sample_0641.jpg,/path/to/meme-template-id/Social_Media/random_sampled/sample_0641.jpg,m15_homer_bush,Templated-Meme,5199,0.8641379
sample_0642.jpg,/path/to/meme-template-id/Social_Media/random_sampled/sample_0642.jpg,nuclear-explosion,Templated-Meme,1898,0.9573643
sample_0643.jpg,/path/to/meme-template-id/Social_Media/random_sampled/sample_0643.jpg,disloyal-boyfriend,Templated-Meme,5448,0.88962054
sample_0644.jpg,/path/to/meme-template-id/Social_Media/random_sampled/sample_0644.jpg,Template-Free,Template-Free,4731,0.9677719
sample_0645.jpg,/path/to/meme-template-id/Social_Media/random_sampled/sample_0645.jpg,disappearing,Templated-Meme,2366,0.89433116
sample_0646.jpg,/path/to/meme-template-id/Social_Media/random_sampled/sample_0646.jpg,Template-Free,Template-Free,336,0.72994655
sample_0647.jpg,/path/to/meme-template-id/Social_Media/random_sampled/sample_0647.jpg,arthur-fist,Templated-Meme,5217,0.90585554
sample_0648.jpg,/path/to/meme-template-id/Social_Media/random_sampled/sample_0648.jpg,panik-kalm-panik,Templated-Meme,5080,0.9571039
sample_0649.jpg,/path/to/meme-template-id/Social_Media/random_sampled/sample_0649.jpg,panik-kalm-panik,Templated-Meme,5080,0.7905742
sample_0650.jpg,/path/to/meme-template-id/Social_Media/random_sampled/sample_0650.jpg,Template-Free,Template-Free,1994,0.7428138
sample_0651.jpg,/path/to/meme-template-id/Social_Media/random_sampled/sample_0651.jpg,Non-Meme,Non-Meme,6810,0.924831
sample_0652.jpg,/path/to/meme-template-id/Social_Media/random_sampled/sample_0652.jpg,four-horsemen,Templated-Meme,4837,0.751666
sample_0653.jpg,/path/to/meme-template-id/Social_Media/random_sampled/sample_0653.jpg,anime-girl-hiding-from-terminator,Templated-Meme,4303,0.935602
sample_0654.jpg,/path/to/meme-template-id/Social_Media/random_sampled/sample_0654.jpg,Template-Free,Template-Free,7171,0.93067884
sample_0655.jpg,/path/to/meme-template-id/Social_Media/random_sampled/sample_0655.jpg,Non-Meme,Non-Meme,5732,0.68325615
sample_0656.jpg,/path/to/meme-template-id/Social_Media/random_sampled/sample_0656.jpg,Template-Free,Template-Free,2395,0.78754187
sample_0657.jpg,/path/to/meme-template-id/Social_Media/random_sampled/sample_0657.jpg,Non-Meme,Non-Meme,4509,0.72779584
sample_0658.jpg,/path/to/meme-template-id/Social_Media/random_sampled/sample_0658.jpg,Non-Meme,Non-Meme,5387,0.753572
sample_0659.jpg,/path/to/meme-template-id/Social_Media/random_sampled/sample_0659.jpg,Template-Free,Template-Free,5451,0.9665852
sample_0660.jpg,/path/to/meme-template-id/Social_Media/random_sampled/sample_0660.jpg,show-me-the-real,Templated-Meme,5781,0.777853
sample_0661.jpg,/path/to/meme-template-id/Social_Media/random_sampled/sample_0661.jpg,Non-Meme,Non-Meme,6761,0.980688
sample_0662.jpg,/path/to/meme-template-id/Social_Media/random_sampled/sample_0662.jpg,virgin-vs-chad,Templated-Meme,3441,0.75292945
sample_0663.jpg,/path/to/meme-template-id/Social_Media/random_sampled/sample_0663.jpg,Template-Free,Template-Free,5087,0.71727735
sample_0664.jpg,/path/to/meme-template-id/Social_Media/random_sampled/sample_0664.jpg,Non-Meme,Non-Meme,4649,0.6807314
sample_0665.jpg,/path/to/meme-template-id/Social_Media/random_sampled/sample_0665.jpg,Template-Free,Template-Free,909,0.8608985
sample_0666.jpg,/path/to/meme-template-id/Social_Media/random_sampled/sample_0666.jpg,Template-Free,Template-Free,1818,0.75089526
sample_0667.jpg,/path/to/meme-template-id/Social_Media/random_sampled/sample_0667.jpg,Non-Meme,Non-Meme,5634,0.88090324
sample_0668.jpg,/path/to/meme-template-id/Social_Media/random_sampled/sample_0668.jpg,panzer-of-the-lake,Templated-Meme,4903,0.75648516
sample_0669.jpg,/path/to/meme-template-id/Social_Media/random_sampled/sample_0669.jpg,Non-Meme,Non-Meme,2963,0.5842136
sample_0670.jpg,/path/to/meme-template-id/Social_Media/random_sampled/sample_0670.jpg,Template-Free,Template-Free,2696,0.7082086
sample_0671.jpg,/path/to/meme-template-id/Social_Media/random_sampled/sample_0671.jpg,Template-Free,Template-Free,4954,0.62066317
sample_0672.jpg,/path/to/meme-template-id/Social_Media/random_sampled/sample_0672.jpg,smiling-cat,Templated-Meme,6034,0.78290504
sample_0673.jpg,/path/to/meme-template-id/Social_Media/random_sampled/sample_0673.jpg,show-me-the-real,Templated-Meme,1723,0.87663656
sample_0674.jpg,/path/to/meme-template-id/Social_Media/random_sampled/sample_0674.jpg,realistic-red-angry-birds,Templated-Meme,320,0.6897751
sample_0675.jpg,/path/to/meme-template-id/Social_Media/random_sampled/sample_0675.jpg,show-me-the-real,Templated-Meme,1723,0.92344457
sample_0676.jpg,/path/to/meme-template-id/Social_Media/random_sampled/sample_0676.jpg,Non-Meme,Non-Meme,4650,0.62975335
sample_0677.jpg,/path/to/meme-template-id/Social_Media/random_sampled/sample_0677.jpg,Non-Meme,Non-Meme,5634,0.8896819
sample_0678.jpg,/path/to/meme-template-id/Social_Media/random_sampled/sample_0678.jpg,doge,Templated-Meme,5826,0.92758334
sample_0679.jpg,/path/to/meme-template-id/Social_Media/random_sampled/sample_0679.jpg,star-wars-yoda,Templated-Meme,2327,0.50505126
sample_0680.jpg,/path/to/meme-template-id/Social_Media/random_sampled/sample_0680.jpg,Template-Free,Template-Free,3521,0.6370044
sample_0681.jpg,/path/to/meme-template-id/Social_Media/random_sampled/sample_0681.jpg,Non-Meme,Non-Meme,6810,0.94404095
sample_0682.jpg,/path/to/meme-template-id/Social_Media/random_sampled/sample_0682.jpg,Non-Meme,Non-Meme,5645,0.9233736
sample_0683.jpg,/path/to/meme-template-id/Social_Media/random_sampled/sample_0683.jpg,0-days-without-lenny-simpsons,Templated-Meme,6475,0.7794388
sample_0684.jpg,/path/to/meme-template-id/Social_Media/random_sampled/sample_0684.jpg,Template-Free,Template-Free,2792,0.5704522
sample_0685.jpg,/path/to/meme-template-id/Social_Media/random_sampled/sample_0685.jpg,Non-Meme,Non-Meme,5641,0.88703835
sample_0686.jpg,/path/to/meme-template-id/Social_Media/random_sampled/sample_0686.jpg,Template-Free,Template-Free,6216,0.7701913
sample_0687.jpg,/path/to/meme-template-id/Social_Media/random_sampled/sample_0687.jpg,no-nappa-its-a-trick,Templated-Meme,5382,0.7813337
sample_0688.jpg,/path/to/meme-template-id/Social_Media/random_sampled/sample_0688.jpg,blank_transparent_square,Templated-Meme,1544,0.73435456
sample_0689.jpg,/path/to/meme-template-id/Social_Media/random_sampled/sample_0689.jpg,Template-Free,Template-Free,5035,0.6120665
sample_0690.jpg,/path/to/meme-template-id/Social_Media/random_sampled/sample_0690.jpg,Template-Free,Template-Free,3750,0.9302824
sample_0691.jpg,/path/to/meme-template-id/Social_Media/random_sampled/sample_0691.jpg,success-kid-original,Templated-Meme,5909,0.9396366
sample_0692.jpg,/path/to/meme-template-id/Social_Media/random_sampled/sample_0692.jpg,Non-Meme,Non-Meme,6810,0.95328563
sample_0693.jpg,/path/to/meme-template-id/Social_Media/random_sampled/sample_0693.jpg,Non-Meme,Non-Meme,6781,0.9341374
sample_0694.jpg,/path/to/meme-template-id/Social_Media/random_sampled/sample_0694.jpg,Non-Meme,Non-Meme,5416,0.64571494
sample_0695.jpg,/path/to/meme-template-id/Social_Media/random_sampled/sample_0695.jpg,spongebob-wanna-see-me-do-it-again,Templated-Meme,6188,0.7033794
sample_0696.jpg,/path/to/meme-template-id/Social_Media/random_sampled/sample_0696.jpg,Non-Meme,Non-Meme,6316,0.81533253
sample_0697.jpg,/path/to/meme-template-id/Social_Media/random_sampled/sample_0697.jpg,Non-Meme,Non-Meme,6316,0.67605144
sample_0698.jpg,/path/to/meme-template-id/Social_Media/random_sampled/sample_0698.jpg,Template-Free,Template-Free,6020,0.69265765
sample_0699.jpg,/path/to/meme-template-id/Social_Media/random_sampled/sample_0699.jpg,Non-Meme,Non-Meme,5876,0.83269465
sample_0700.jpg,/path/to/meme-template-id/Social_Media/random_sampled/sample_0700.jpg,Template-Free,Template-Free,4778,0.8280494
sample_0701.jpg,/path/to/meme-template-id/Social_Media/random_sampled/sample_0701.jpg,nobody-absolutely-no-one,Templated-Meme,2948,0.9021246
sample_0702.jpg,/path/to/meme-template-id/Social_Media/random_sampled/sample_0702.jpg,and-i-took-that-personally,Templated-Meme,3259,0.7050012
sample_0703.jpg,/path/to/meme-template-id/Social_Media/random_sampled/sample_0703.jpg,Non-Meme,Non-Meme,5387,0.83712476
sample_0704.jpg,/path/to/meme-template-id/Social_Media/random_sampled/sample_0704.jpg,Non-Meme,Non-Meme,6669,0.8368665
sample_0705.jpg,/path/to/meme-template-id/Social_Media/random_sampled/sample_0705.jpg,Template-Free,Template-Free,5166,0.9280411
sample_0706.jpg,/path/to/meme-template-id/Social_Media/random_sampled/sample_0706.jpg,sidious-error,Templated-Meme,1614,0.69750345
sample_0707.jpg,/path/to/meme-template-id/Social_Media/random_sampled/sample_0707.jpg,bald-indian-guy,Templated-Meme,1964,0.9110579
sample_0708.jpg,/path/to/meme-template-id/Social_Media/random_sampled/sample_0708.jpg,Non-Meme,Non-Meme,5591,0.9368378
sample_0709.jpg,/path/to/meme-template-id/Social_Media/random_sampled/sample_0709.jpg,see_you_again,Templated-Meme,5373,0.8599867
sample_0710.jpg,/path/to/meme-template-id/Social_Media/random_sampled/sample_0710.jpg,Template-Free,Template-Free,7061,0.8809184
sample_0711.jpg,/path/to/meme-template-id/Social_Media/random_sampled/sample_0711.jpg,drake_hotline_bling_normal,Templated-Meme,4916,0.88148236
sample_0712.jpg,/path/to/meme-template-id/Social_Media/random_sampled/sample_0712.jpg,happy-then-sad,Templated-Meme,5052,0.9160261
sample_0713.jpg,/path/to/meme-template-id/Social_Media/random_sampled/sample_0713.jpg,Template-Free,Template-Free,6945,0.91728604
sample_0714.jpg,/path/to/meme-template-id/Social_Media/random_sampled/sample_0714.jpg,always-you-three,Templated-Meme,5476,0.5183967
sample_0715.jpg,/path/to/meme-template-id/Social_Media/random_sampled/sample_0715.jpg,Template-Free,Template-Free,385,0.92596406
sample_0716.jpg,/path/to/meme-template-id/Social_Media/random_sampled/sample_0716.jpg,Non-Meme,Non-Meme,5619,0.78960764
sample_0717.jpg,/path/to/meme-template-id/Social_Media/random_sampled/sample_0717.jpg,Non-Meme,Non-Meme,4113,0.7089655
sample_0718.jpg,/path/to/meme-template-id/Social_Media/random_sampled/sample_0718.jpg,Non-Meme,Non-Meme,6810,0.9171574
sample_0719.jpg,/path/to/meme-template-id/Social_Media/random_sampled/sample_0719.jpg,Non-Meme,Non-Meme,6512,0.6378333
sample_0720.jpg,/path/to/meme-template-id/Social_Media/random_sampled/sample_0720.jpg,assassination-chain,Templated-Meme,3186,0.90469795
sample_0721.jpg,/path/to/meme-template-id/Social_Media/random_sampled/sample_0721.jpg,Template-Free,Template-Free,2153,0.60614866
sample_0722.jpg,/path/to/meme-template-id/Social_Media/random_sampled/sample_0722.jpg,Non-Meme,Non-Meme,5631,0.6612444
sample_0723.jpg,/path/to/meme-template-id/Social_Media/random_sampled/sample_0723.jpg,Template-Free,Template-Free,4381,0.6959
sample_0724.jpg,/path/to/meme-template-id/Social_Media/random_sampled/sample_0724.jpg,iceberg,Templated-Meme,5507,0.84041286
sample_0725.jpg,/path/to/meme-template-id/Social_Media/random_sampled/sample_0725.jpg,guy_fawkes,Templated-Meme,1118,0.5684613
sample_0726.jpg,/path/to/meme-template-id/Social_Media/random_sampled/sample_0726.jpg,Non-Meme,Non-Meme,6814,0.7318822
sample_0727.jpg,/path/to/meme-template-id/Social_Media/random_sampled/sample_0727.jpg,Template-Free,Template-Free,380,0.4920735
sample_0728.jpg,/path/to/meme-template-id/Social_Media/random_sampled/sample_0728.jpg,Non-Meme,Non-Meme,6341,0.6316452
sample_0729.jpg,/path/to/meme-template-id/Social_Media/random_sampled/sample_0729.jpg,Template-Free,Template-Free,202,0.9042313
sample_0730.jpg,/path/to/meme-template-id/Social_Media/random_sampled/sample_0730.jpg,Non-Meme,Non-Meme,5606,0.80527246
sample_0731.jpg,/path/to/meme-template-id/Social_Media/random_sampled/sample_0731.jpg,Non-Meme,Non-Meme,5620,0.95534694
sample_0732.jpg,/path/to/meme-template-id/Social_Media/random_sampled/sample_0732.jpg,Template-Free,Template-Free,3289,0.5646606
sample_0733.jpg,/path/to/meme-template-id/Social_Media/random_sampled/sample_0733.jpg,s02_breaking_news_ron_burgundy,Templated-Meme,4849,0.7393356
sample_0734.jpg,/path/to/meme-template-id/Social_Media/random_sampled/sample_0734.jpg,Non-Meme,Non-Meme,1098,0.5707176
sample_0735.jpg,/path/to/meme-template-id/Social_Media/random_sampled/sample_0735.jpg,blank,Templated-Meme,1475,0.5875161
sample_0736.jpg,/path/to/meme-template-id/Social_Media/random_sampled/sample_0736.jpg,panik-kalm-panik,Templated-Meme,5080,0.96386373
sample_0737.jpg,/path/to/meme-template-id/Social_Media/random_sampled/sample_0737.jpg,darth_vader_where_is_padme,Templated-Meme,5159,0.7634201
sample_0738.jpg,/path/to/meme-template-id/Social_Media/random_sampled/sample_0738.jpg,spongebob_hype_stand,Templated-Meme,6122,0.92472464
sample_0739.jpg,/path/to/meme-template-id/Social_Media/random_sampled/sample_0739.jpg,Non-Meme,Non-Meme,6729,0.9840287
sample_0740.jpg,/path/to/meme-template-id/Social_Media/random_sampled/sample_0740.jpg,Non-Meme,Non-Meme,3552,0.63201326
sample_0741.jpg,/path/to/meme-template-id/Social_Media/random_sampled/sample_0741.jpg,mom-can-we-have,Templated-Meme,4223,0.67943656
sample_0742.jpg,/path/to/meme-template-id/Social_Media/random_sampled/sample_0742.jpg,Template-Free,Template-Free,898,0.5817417
sample_0743.jpg,/path/to/meme-template-id/Social_Media/random_sampled/sample_0743.jpg,society-if,Templated-Meme,3699,0.7199963
sample_0744.jpg,/path/to/meme-template-id/Social_Media/random_sampled/sample_0744.jpg,memeo,Templated-Meme,590,0.63466924
sample_0745.jpg,/path/to/meme-template-id/Social_Media/random_sampled/sample_0745.jpg,Non-Meme,Non-Meme,5683,0.70161116
sample_0746.jpg,/path/to/meme-template-id/Social_Media/random_sampled/sample_0746.jpg,you-took-everything-from-me-i-dont-even-know-who-you-are,Templated-Meme,3061,0.67853564
sample_0747.jpg,/path/to/meme-template-id/Social_Media/random_sampled/sample_0747.jpg,Non-Meme,Non-Meme,2196,0.7157412
sample_0748.jpg,/path/to/meme-template-id/Social_Media/random_sampled/sample_0748.jpg,Template-Free,Template-Free,738,0.7300761
sample_0749.jpg,/path/to/meme-template-id/Social_Media/random_sampled/sample_0749.jpg,floating-boy-chasing-running-boy,Templated-Meme,2970,0.7414027
sample_0750.jpg,/path/to/meme-template-id/Social_Media/random_sampled/sample_0750.jpg,the-more-you-know,Templated-Meme,3221,0.93179005
sample_0751.jpg,/path/to/meme-template-id/Social_Media/random_sampled/sample_0751.jpg,Template-Free,Template-Free,7011,0.9847398
sample_0752.jpg,/path/to/meme-template-id/Social_Media/random_sampled/sample_0752.jpg,so-much-drama,Templated-Meme,4968,0.7716274
sample_0753.jpg,/path/to/meme-template-id/Social_Media/random_sampled/sample_0753.jpg,addicts_before_and_after,Templated-Meme,5567,0.7251193
sample_0754.jpg,/path/to/meme-template-id/Social_Media/random_sampled/sample_0754.jpg,a-ustedes-les-pagan,Templated-Meme,3690,0.93295527
sample_0755.jpg,/path/to/meme-template-id/Social_Media/random_sampled/sample_0755.jpg,blank-pokemon-card,Templated-Meme,5029,0.7315511
sample_0756.jpg,/path/to/meme-template-id/Social_Media/random_sampled/sample_0756.jpg,banned-from-roblox,Templated-Meme,6758,0.88694817
sample_0757.jpg,/path/to/meme-template-id/Social_Media/random_sampled/sample_0757.jpg,Non-Meme,Non-Meme,6009,0.7128291
sample_0758.jpg,/path/to/meme-template-id/Social_Media/random_sampled/sample_0758.jpg,Template-Free,Template-Free,5827,0.87972766
sample_0759.jpg,/path/to/meme-template-id/Social_Media/random_sampled/sample_0759.jpg,Template-Free,Template-Free,4399,0.91578853
sample_0760.jpg,/path/to/meme-template-id/Social_Media/random_sampled/sample_0760.jpg,superman_starman_meme,Templated-Meme,5799,0.76190144
sample_0761.jpg,/path/to/meme-template-id/Social_Media/random_sampled/sample_0761.jpg,tuxedo-winnie-the-pooh,Templated-Meme,4931,0.9501254
sample_0762.jpg,/path/to/meme-template-id/Social_Media/random_sampled/sample_0762.jpg,blinking-guy,Templated-Meme,4612,0.87484723
sample_0763.jpg,/path/to/meme-template-id/Social_Media/random_sampled/sample_0763.jpg,Non-Meme,Non-Meme,5606,0.6815287
sample_0764.jpg,/path/to/meme-template-id/Social_Media/random_sampled/sample_0764.jpg,rpg-fan,Templated-Meme,1808,0.8105604
sample_0765.jpg,/path/to/meme-template-id/Social_Media/random_sampled/sample_0765.jpg,Non-Meme,Non-Meme,5387,0.83749616
sample_0766.jpg,/path/to/meme-template-id/Social_Media/random_sampled/sample_0766.jpg,Template-Free,Template-Free,1580,0.6958538
sample_0767.jpg,/path/to/meme-template-id/Social_Media/random_sampled/sample_0767.jpg,it-aint-much-but-its-honest-work,Templated-Meme,4415,0.485215
sample_0768.jpg,/path/to/meme-template-id/Social_Media/random_sampled/sample_0768.jpg,skeletor-disturbing-facts,Templated-Meme,5496,0.87392944
sample_0769.jpg,/path/to/meme-template-id/Social_Media/random_sampled/sample_0769.jpg,Non-Meme,Non-Meme,5889,0.9565672
sample_0770.jpg,/path/to/meme-template-id/Social_Media/random_sampled/sample_0770.jpg,fat-cat,Templated-Meme,5786,0.8312538
sample_0771.jpg,/path/to/meme-template-id/Social_Media/random_sampled/sample_0771.jpg,Non-Meme,Non-Meme,5401,0.638123
sample_0772.jpg,/path/to/meme-template-id/Social_Media/random_sampled/sample_0772.jpg,ol-reliable,Templated-Meme,3199,0.8750839
sample_0773.jpg,/path/to/meme-template-id/Social_Media/random_sampled/sample_0773.jpg,Non-Meme,Non-Meme,1667,0.6208972
sample_0774.jpg,/path/to/meme-template-id/Social_Media/random_sampled/sample_0774.jpg,Template-Free,Template-Free,5868,0.9436324
sample_0775.jpg,/path/to/meme-template-id/Social_Media/random_sampled/sample_0775.jpg,Template-Free,Template-Free,327,0.66462874
sample_0776.jpg,/path/to/meme-template-id/Social_Media/random_sampled/sample_0776.jpg,damn-got-hands,Templated-Meme,2817,0.9275615
sample_0777.jpg,/path/to/meme-template-id/Social_Media/random_sampled/sample_0777.jpg,Non-Meme,Non-Meme,5459,0.75566316
sample_0778.jpg,/path/to/meme-template-id/Social_Media/random_sampled/sample_0778.jpg,Non-Meme,Non-Meme,5876,0.90887046
sample_0779.jpg,/path/to/meme-template-id/Social_Media/random_sampled/sample_0779.jpg,angry-birds-pig,Templated-Meme,6221,0.72868085
sample_0780.jpg,/path/to/meme-template-id/Social_Media/random_sampled/sample_0780.jpg,Non-Meme,Non-Meme,5986,0.85373235
sample_0781.jpg,/path/to/meme-template-id/Social_Media/random_sampled/sample_0781.jpg,Template-Free,Template-Free,5852,0.85119057
sample_0782.jpg,/path/to/meme-template-id/Social_Media/random_sampled/sample_0782.jpg,drake_hotline_bling_normal,Templated-Meme,4916,0.9279096
sample_0783.jpg,/path/to/meme-template-id/Social_Media/random_sampled/sample_0783.jpg,Non-Meme,Non-Meme,5519,0.6372263
sample_0784.jpg,/path/to/meme-template-id/Social_Media/random_sampled/sample_0784.jpg,man_holding_cardboard_sign,Templated-Meme,4808,0.72903633
sample_0785.jpg,/path/to/meme-template-id/Social_Media/random_sampled/sample_0785.jpg,Template-Free,Template-Free,3576,0.8758049
sample_0786.jpg,/path/to/meme-template-id/Social_Media/random_sampled/sample_0786.jpg,alignment-chart,Templated-Meme,5605,0.5202001
sample_0787.jpg,/path/to/meme-template-id/Social_Media/random_sampled/sample_0787.jpg,staring-fish,Templated-Meme,2071,0.96010834
sample_0788.jpg,/path/to/meme-template-id/Social_Media/random_sampled/sample_0788.jpg,angry_turkish_man_playing_cards_meme,Templated-Meme,1629,0.8353108
sample_0789.jpg,/path/to/meme-template-id/Social_Media/random_sampled/sample_0789.jpg,stonks,Templated-Meme,5081,0.91916484
sample_0790.jpg,/path/to/meme-template-id/Social_Media/random_sampled/sample_0790.jpg,Template-Free,Template-Free,61,0.63661313
sample_0791.jpg,/path/to/meme-template-id/Social_Media/random_sampled/sample_0791.jpg,Non-Meme,Non-Meme,1601,0.64870983
sample_0792.jpg,/path/to/meme-template-id/Social_Media/random_sampled/sample_0792.jpg,expanding-brain,Templated-Meme,5694,0.95469123
sample_0793.jpg,/path/to/meme-template-id/Social_Media/random_sampled/sample_0793.jpg,Non-Meme,Non-Meme,4650,0.71957785
sample_0794.jpg,/path/to/meme-template-id/Social_Media/random_sampled/sample_0794.jpg,Template-Free,Template-Free,3937,0.7597132
sample_0795.jpg,/path/to/meme-template-id/Social_Media/random_sampled/sample_0795.jpg,Template-Free,Template-Free,4082,0.5588145
sample_0796.jpg,/path/to/meme-template-id/Social_Media/random_sampled/sample_0796.jpg,you-wouldnt-get-it,Templated-Meme,2911,0.7076665
sample_0797.jpg,/path/to/meme-template-id/Social_Media/random_sampled/sample_0797.jpg,Template-Free,Template-Free,7272,0.97859097
sample_0798.jpg,/path/to/meme-template-id/Social_Media/random_sampled/sample_0798.jpg,Template-Free,Template-Free,1024,0.88871926
sample_0799.jpg,/path/to/meme-template-id/Social_Media/random_sampled/sample_0799.jpg,death-battle,Templated-Meme,4660,0.82202184
sample_0800.jpg,/path/to/meme-template-id/Social_Media/random_sampled/sample_0800.jpg,Template-Free,Template-Free,5093,0.89287853
sample_0801.jpg,/path/to/meme-template-id/Social_Media/random_sampled/sample_0801.jpg,one-piece-wanted-poster-template,Templated-Meme,4832,0.8709221
sample_0802.jpg,/path/to/meme-template-id/Social_Media/random_sampled/sample_0802.jpg,Template-Free,Template-Free,4953,0.7139444
sample_0803.jpg,/path/to/meme-template-id/Social_Media/random_sampled/sample_0803.jpg,Template-Free,Template-Free,559,0.97516924
sample_0804.jpg,/path/to/meme-template-id/Social_Media/random_sampled/sample_0804.jpg,because-race-car,Templated-Meme,4670,0.66300875
sample_0805.jpg,/path/to/meme-template-id/Social_Media/random_sampled/sample_0805.jpg,Non-Meme,Non-Meme,3336,0.7163848
sample_0806.jpg,/path/to/meme-template-id/Social_Media/random_sampled/sample_0806.jpg,nah_id_win,Templated-Meme,6335,0.7714048
sample_0807.jpg,/path/to/meme-template-id/Social_Media/random_sampled/sample_0807.jpg,Template-Free,Template-Free,3206,0.8115427
sample_0808.jpg,/path/to/meme-template-id/Social_Media/random_sampled/sample_0808.jpg,Non-Meme,Non-Meme,4828,0.6063695
sample_0809.jpg,/path/to/meme-template-id/Social_Media/random_sampled/sample_0809.jpg,blank-pokemon-card,Templated-Meme,5029,0.7055653
sample_0810.jpg,/path/to/meme-template-id/Social_Media/random_sampled/sample_0810.jpg,Template-Free,Template-Free,6477,0.62056553
sample_0811.jpg,/path/to/meme-template-id/Social_Media/random_sampled/sample_0811.jpg,Template-Free,Template-Free,7140,0.9753479
sample_0812.jpg,/path/to/meme-template-id/Social_Media/random_sampled/sample_0812.jpg,Template-Free,Template-Free,6832,0.94876045
sample_0813.jpg,/path/to/meme-template-id/Social_Media/random_sampled/sample_0813.jpg,genie_rules_meme,Templated-Meme,5879,0.97648716
sample_0814.jpg,/path/to/meme-template-id/Social_Media/random_sampled/sample_0814.jpg,Template-Free,Template-Free,4988,0.4713475
sample_0815.jpg,/path/to/meme-template-id/Social_Media/random_sampled/sample_0815.jpg,Non-Meme,Non-Meme,5361,0.75933033
sample_0816.jpg,/path/to/meme-template-id/Social_Media/random_sampled/sample_0816.jpg,Template-Free,Template-Free,5420,0.8249822
sample_0817.jpg,/path/to/meme-template-id/Social_Media/random_sampled/sample_0817.jpg,Non-Meme,Non-Meme,5411,0.53778416
sample_0818.jpg,/path/to/meme-template-id/Social_Media/random_sampled/sample_0818.jpg,Non-Meme,Non-Meme,4462,0.695679
sample_0819.jpg,/path/to/meme-template-id/Social_Media/random_sampled/sample_0819.jpg,unsettled-tom,Templated-Meme,6025,0.9147346
sample_0820.jpg,/path/to/meme-template-id/Social_Media/random_sampled/sample_0820.jpg,Non-Meme,Non-Meme,4137,0.7882714
sample_0821.jpg,/path/to/meme-template-id/Social_Media/random_sampled/sample_0821.jpg,Non-Meme,Non-Meme,5733,0.7826962
sample_0822.jpg,/path/to/meme-template-id/Social_Media/random_sampled/sample_0822.jpg,Template-Free,Template-Free,6901,0.9356771
sample_0823.jpg,/path/to/meme-template-id/Social_Media/random_sampled/sample_0823.jpg,Template-Free,Template-Free,6879,0.9393083
sample_0824.jpg,/path/to/meme-template-id/Social_Media/random_sampled/sample_0824.jpg,lisa-simpsons-presentation,Templated-Meme,3487,0.9444651
sample_0825.jpg,/path/to/meme-template-id/Social_Media/random_sampled/sample_0825.jpg,kong-godzilla-doge,Templated-Meme,4717,0.50327075
sample_0826.jpg,/path/to/meme-template-id/Social_Media/random_sampled/sample_0826.jpg,Template-Free,Template-Free,7329,0.99341154
sample_0827.jpg,/path/to/meme-template-id/Social_Media/random_sampled/sample_0827.jpg,Template-Free,Template-Free,1692,0.89130354
sample_0828.jpg,/path/to/meme-template-id/Social_Media/random_sampled/sample_0828.jpg,both-buttons-pressed,Templated-Meme,3994,0.7375191
sample_0829.jpg,/path/to/meme-template-id/Social_Media/random_sampled/sample_0829.jpg,Template-Free,Template-Free,3750,0.7059079
sample_0830.jpg,/path/to/meme-template-id/Social_Media/random_sampled/sample_0830.jpg,left-exit-12-off-ramp,Templated-Meme,5464,0.93432313
sample_0831.jpg,/path/to/meme-template-id/Social_Media/random_sampled/sample_0831.jpg,Template-Free,Template-Free,1603,0.64969826
sample_0832.jpg,/path/to/meme-template-id/Social_Media/random_sampled/sample_0832.jpg,skype,Templated-Meme,6321,0.70292044
sample_0833.jpg,/path/to/meme-template-id/Social_Media/random_sampled/sample_0833.jpg,s06_grus_plan_four_five_panel,Templated-Meme,2533,0.91966885
sample_0834.jpg,/path/to/meme-template-id/Social_Media/random_sampled/sample_0834.jpg,Non-Meme,Non-Meme,5340,0.73194224
sample_0835.jpg,/path/to/meme-template-id/Social_Media/random_sampled/sample_0835.jpg,raise_your_hand_if_you_have_ever_been_personally_victimized_by_r,Templated-Meme,1451,0.780544
sample_0836.jpg,/path/to/meme-template-id/Social_Media/random_sampled/sample_0836.jpg,Template-Free,Template-Free,38,0.73328936
sample_0837.jpg,/path/to/meme-template-id/Social_Media/random_sampled/sample_0837.jpg,Non-Meme,Non-Meme,3962,0.7481467
sample_0838.jpg,/path/to/meme-template-id/Social_Media/random_sampled/sample_0838.jpg,Non-Meme,Non-Meme,5529,0.8197186
sample_0839.jpg,/path/to/meme-template-id/Social_Media/random_sampled/sample_0839.jpg,Non-Meme,Non-Meme,6685,0.82993484
sample_0840.jpg,/path/to/meme-template-id/Social_Media/random_sampled/sample_0840.jpg,Template-Free,Template-Free,261,0.5097391
sample_0841.jpg,/path/to/meme-template-id/Social_Media/random_sampled/sample_0841.jpg,Template-Free,Template-Free,4743,0.6426115
sample_0842.jpg,/path/to/meme-template-id/Social_Media/random_sampled/sample_0842.jpg,black-guy-crying-and-black-guy-laughing,Templated-Meme,5040,0.8403779
sample_0843.jpg,/path/to/meme-template-id/Social_Media/random_sampled/sample_0843.jpg,Template-Free,Template-Free,4799,0.68719786
sample_0844.jpg,/path/to/meme-template-id/Social_Media/random_sampled/sample_0844.jpg,nah_id_win,Templated-Meme,6335,0.765664
sample_0845.jpg,/path/to/meme-template-id/Social_Media/random_sampled/sample_0845.jpg,Non-Meme,Non-Meme,1526,0.7200735
sample_0846.jpg,/path/to/meme-template-id/Social_Media/random_sampled/sample_0846.jpg,Non-Meme,Non-Meme,5641,0.76596487
sample_0847.jpg,/path/to/meme-template-id/Social_Media/random_sampled/sample_0847.jpg,Template-Free,Template-Free,6959,0.84825784
sample_0848.jpg,/path/to/meme-template-id/Social_Media/random_sampled/sample_0848.jpg,never-ask-a-woman-her-age,Templated-Meme,4480,0.6053211
sample_0849.jpg,/path/to/meme-template-id/Social_Media/random_sampled/sample_0849.jpg,Non-Meme,Non-Meme,4793,0.963887
sample_0850.jpg,/path/to/meme-template-id/Social_Media/random_sampled/sample_0850.jpg,you-wouldnt-get-it,Templated-Meme,2911,0.91336656
sample_0851.jpg,/path/to/meme-template-id/Social_Media/random_sampled/sample_0851.jpg,Template-Free,Template-Free,6125,0.83936286
sample_0852.jpg,/path/to/meme-template-id/Social_Media/random_sampled/sample_0852.jpg,Non-Meme,Non-Meme,6761,0.9892166
sample_0853.jpg,/path/to/meme-template-id/Social_Media/random_sampled/sample_0853.jpg,elmo-cocaine,Templated-Meme,1358,0.9439003
sample_0854.jpg,/path/to/meme-template-id/Social_Media/random_sampled/sample_0854.jpg,Non-Meme,Non-Meme,3603,0.7027105
sample_0855.jpg,/path/to/meme-template-id/Social_Media/random_sampled/sample_0855.jpg,Non-Meme,Non-Meme,1981,0.65195423
sample_0856.jpg,/path/to/meme-template-id/Social_Media/random_sampled/sample_0856.jpg,gondor_calls_for_aid,Templated-Meme,4146,0.599769
sample_0857.jpg,/path/to/meme-template-id/Social_Media/random_sampled/sample_0857.jpg,car-salesman-slaps-hood,Templated-Meme,6601,0.9005782
sample_0858.jpg,/path/to/meme-template-id/Social_Media/random_sampled/sample_0858.jpg,i-was-told-there-would-be,Templated-Meme,2924,0.5883687
sample_0859.jpg,/path/to/meme-template-id/Social_Media/random_sampled/sample_0859.jpg,thinking-black-guy,Templated-Meme,4604,0.7800843
sample_0860.jpg,/path/to/meme-template-id/Social_Media/random_sampled/sample_0860.jpg,Non-Meme,Non-Meme,5603,0.7849088
sample_0861.jpg,/path/to/meme-template-id/Social_Media/random_sampled/sample_0861.jpg,shocked-black-guy,Templated-Meme,3656,0.8781442
sample_0862.jpg,/path/to/meme-template-id/Social_Media/random_sampled/sample_0862.jpg,Non-Meme,Non-Meme,5969,0.8443794
sample_0863.jpg,/path/to/meme-template-id/Social_Media/random_sampled/sample_0863.jpg,s06_grus_plan_four_five_panel,Templated-Meme,5375,0.8399359
sample_0864.jpg,/path/to/meme-template-id/Social_Media/random_sampled/sample_0864.jpg,Template-Free,Template-Free,1863,0.6027164
sample_0865.jpg,/path/to/meme-template-id/Social_Media/random_sampled/sample_0865.jpg,kurt_angle_stare,Templated-Meme,924,0.68481356
sample_0866.jpg,/path/to/meme-template-id/Social_Media/random_sampled/sample_0866.jpg,Template-Free,Template-Free,108,0.91899663
sample_0867.jpg,/path/to/meme-template-id/Social_Media/random_sampled/sample_0867.jpg,Non-Meme,Non-Meme,5457,0.5195797
sample_0868.jpg,/path/to/meme-template-id/Social_Media/random_sampled/sample_0868.jpg,Template-Free,Template-Free,7317,0.9867293
sample_0869.jpg,/path/to/meme-template-id/Social_Media/random_sampled/sample_0869.jpg,i-fear-no-man-but-that-thingit-scares-me,Templated-Meme,6155,0.70832235
sample_0870.jpg,/path/to/meme-template-id/Social_Media/random_sampled/sample_0870.jpg,tuxedo-winnie-the-pooh-3-panel,Templated-Meme,4927,0.9197657
sample_0871.jpg,/path/to/meme-template-id/Social_Media/random_sampled/sample_0871.jpg,it_cant_hurt_you,Templated-Meme,4664,0.84515613
sample_0872.jpg,/path/to/meme-template-id/Social_Media/random_sampled/sample_0872.jpg,Template-Free,Template-Free,5126,0.81959385
sample_0873.jpg,/path/to/meme-template-id/Social_Media/random_sampled/sample_0873.jpg,Template-Free,Template-Free,2661,0.527042
sample_0874.jpg,/path/to/meme-template-id/Social_Media/random_sampled/sample_0874.jpg,mr-incredible-uncanny,Templated-Meme,4054,0.67817175
sample_0875.jpg,/path/to/meme-template-id/Social_Media/random_sampled/sample_0875.jpg,Template-Free,Template-Free,3757,0.88297075
sample_0876.jpg,/path/to/meme-template-id/Social_Media/random_sampled/sample_0876.jpg,Non-Meme,Non-Meme,1593,0.58704597
sample_0877.jpg,/path/to/meme-template-id/Social_Media/random_sampled/sample_0877.jpg,Template-Free,Template-Free,6062,0.69721645
sample_0878.jpg,/path/to/meme-template-id/Social_Media/random_sampled/sample_0878.jpg,Non-Meme,Non-Meme,5609,0.85255283
sample_0879.jpg,/path/to/meme-template-id/Social_Media/random_sampled/sample_0879.jpg,doge,Templated-Meme,5826,0.91279864
sample_0880.jpg,/path/to/meme-template-id/Social_Media/random_sampled/sample_0880.jpg,Template-Free,Template-Free,1074,0.6215197
sample_0881.jpg,/path/to/meme-template-id/Social_Media/random_sampled/sample_0881.jpg,Template-Free,Template-Free,4280,0.5833308
sample_0882.jpg,/path/to/meme-template-id/Social_Media/random_sampled/sample_0882.jpg,Non-Meme,Non-Meme,5687,0.79971915
sample_0883.jpg,/path/to/meme-template-id/Social_Media/random_sampled/sample_0883.jpg,Non-Meme,Non-Meme,6717,0.83592623
sample_0884.jpg,/path/to/meme-template-id/Social_Media/random_sampled/sample_0884.jpg,guess-ill-die,Templated-Meme,3814,0.9235929
sample_0885.jpg,/path/to/meme-template-id/Social_Media/random_sampled/sample_0885.jpg,Template-Free,Template-Free,1467,0.6299499
sample_0886.jpg,/path/to/meme-template-id/Social_Media/random_sampled/sample_0886.jpg,Template-Free,Template-Free,5099,0.7161614
sample_0887.jpg,/path/to/meme-template-id/Social_Media/random_sampled/sample_0887.jpg,Non-Meme,Non-Meme,6562,0.729917
sample_0888.jpg,/path/to/meme-template-id/Social_Media/random_sampled/sample_0888.jpg,monkey-looking-away,Templated-Meme,5039,0.91706693
sample_0889.jpg,/path/to/meme-template-id/Social_Media/random_sampled/sample_0889.jpg,angry-birds-pig,Templated-Meme,6221,0.6926108
sample_0890.jpg,/path/to/meme-template-id/Social_Media/random_sampled/sample_0890.jpg,Template-Free,Template-Free,2097,0.57557046
sample_0891.jpg,/path/to/meme-template-id/Social_Media/random_sampled/sample_0891.jpg,shrek-fiona-harold-donkey,Templated-Meme,3581,0.90111834
sample_0892.jpg,/path/to/meme-template-id/Social_Media/random_sampled/sample_0892.jpg,Non-Meme,Non-Meme,4442,0.72759575
sample_0893.jpg,/path/to/meme-template-id/Social_Media/random_sampled/sample_0893.jpg,Template-Free,Template-Free,2263,0.7213941
sample_0894.jpg,/path/to/meme-template-id/Social_Media/random_sampled/sample_0894.jpg,Template-Free,Template-Free,956,0.62691367
sample_0895.jpg,/path/to/meme-template-id/Social_Media/random_sampled/sample_0895.jpg,homer-simpson-sleeping-peacefully,Templated-Meme,2258,0.8847377
sample_0896.jpg,/path/to/meme-template-id/Social_Media/random_sampled/sample_0896.jpg,nobody-absolutely-no-one,Templated-Meme,3149,0.92355484
sample_0897.jpg,/path/to/meme-template-id/Social_Media/random_sampled/sample_0897.jpg,mom-can-we-have,Templated-Meme,2670,0.5087885
sample_0898.jpg,/path/to/meme-template-id/Social_Media/random_sampled/sample_0898.jpg,Template-Free,Template-Free,4169,0.9005369
sample_0899.jpg,/path/to/meme-template-id/Social_Media/random_sampled/sample_0899.jpg,shut-up-and-take-my-money-fry,Templated-Meme,1731,0.65640646
sample_0900.jpg,/path/to/meme-template-id/Social_Media/random_sampled/sample_0900.jpg,hard-to-swallow-pills,Templated-Meme,1328,0.7986908
sample_0901.jpg,/path/to/meme-template-id/Social_Media/random_sampled/sample_0901.jpg,fuze-elbow-dropping-a-hostage,Templated-Meme,2237,0.76784456
sample_0902.jpg,/path/to/meme-template-id/Social_Media/random_sampled/sample_0902.jpg,spiderman-presentation,Templated-Meme,5116,0.9521104
sample_0903.jpg,/path/to/meme-template-id/Social_Media/random_sampled/sample_0903.jpg,Template-Free,Template-Free,5220,0.78219444
sample_0904.jpg,/path/to/meme-template-id/Social_Media/random_sampled/sample_0904.jpg,surprised-pikachu,Templated-Meme,6285,0.8409719
sample_0905.jpg,/path/to/meme-template-id/Social_Media/random_sampled/sample_0905.jpg,Template-Free,Template-Free,6854,0.91619956
sample_0906.jpg,/path/to/meme-template-id/Social_Media/random_sampled/sample_0906.jpg,Template-Free,Template-Free,5220,0.7768851
sample_0907.jpg,/path/to/meme-template-id/Social_Media/random_sampled/sample_0907.jpg,Template-Free,Template-Free,6273,0.91061884
sample_0908.jpg,/path/to/meme-template-id/Social_Media/random_sampled/sample_0908.jpg,laughing-leo,Templated-Meme,4198,0.92959565
sample_0909.jpg,/path/to/meme-template-id/Social_Media/random_sampled/sample_0909.jpg,joins_battle_smash_bros,Templated-Meme,6452,0.7350124
sample_0910.jpg,/path/to/meme-template-id/Social_Media/random_sampled/sample_0910.jpg,Template-Free,Template-Free,3416,0.7315124
sample_0911.jpg,/path/to/meme-template-id/Social_Media/random_sampled/sample_0911.jpg,kirby-holding-a-sign,Templated-Meme,4933,0.7828951
sample_0912.jpg,/path/to/meme-template-id/Social_Media/random_sampled/sample_0912.jpg,panzer-of-the-lake,Templated-Meme,4903,0.93426865
sample_0913.jpg,/path/to/meme-template-id/Social_Media/random_sampled/sample_0913.jpg,kobe,Templated-Meme,5604,0.8411339
sample_0914.jpg,/path/to/meme-template-id/Social_Media/random_sampled/sample_0914.jpg,Non-Meme,Non-Meme,4744,0.6381396
sample_0915.jpg,/path/to/meme-template-id/Social_Media/random_sampled/sample_0915.jpg,drake_hotline_bling_normal,Templated-Meme,4654,0.8187179
sample_0916.jpg,/path/to/meme-template-id/Social_Media/random_sampled/sample_0916.jpg,Template-Free,Template-Free,4629,0.9732381
sample_0917.jpg,/path/to/meme-template-id/Social_Media/random_sampled/sample_0917.jpg,Template-Free,Template-Free,2840,0.92366904
sample_0918.jpg,/path/to/meme-template-id/Social_Media/random_sampled/sample_0918.jpg,Non-Meme,Non-Meme,5687,0.7121708
sample_0919.jpg,/path/to/meme-template-id/Social_Media/random_sampled/sample_0919.jpg,s09_blank_blue_colored_family,Templated-Meme,3760,0.90022373
sample_0920.jpg,/path/to/meme-template-id/Social_Media/random_sampled/sample_0920.jpg,nah_id_win,Templated-Meme,6335,0.66649956
sample_0921.jpg,/path/to/meme-template-id/Social_Media/random_sampled/sample_0921.jpg,never-ask-a-woman-her-age,Templated-Meme,4480,0.78135914
sample_0922.jpg,/path/to/meme-template-id/Social_Media/random_sampled/sample_0922.jpg,blank-red-maga-hat,Templated-Meme,2490,0.5943554
sample_0923.jpg,/path/to/meme-template-id/Social_Media/random_sampled/sample_0923.jpg,quit_having_fun,Templated-Meme,6544,0.8422281
sample_0924.jpg,/path/to/meme-template-id/Social_Media/random_sampled/sample_0924.jpg,Template-Free,Template-Free,5967,0.7049734
sample_0925.jpg,/path/to/meme-template-id/Social_Media/random_sampled/sample_0925.jpg,no_i_dont_think_i_will,Templated-Meme,3923,0.9523442
sample_0926.jpg,/path/to/meme-template-id/Social_Media/random_sampled/sample_0926.jpg,black-girl-wat,Templated-Meme,1483,0.5532331
sample_0927.jpg,/path/to/meme-template-id/Social_Media/random_sampled/sample_0927.jpg,Template-Free,Template-Free,1444,0.6610967
sample_0928.jpg,/path/to/meme-template-id/Social_Media/random_sampled/sample_0928.jpg,Template-Free,Template-Free,1269,0.6516331
sample_0929.jpg,/path/to/meme-template-id/Social_Media/random_sampled/sample_0929.jpg,Template-Free,Template-Free,4052,0.58017004
sample_0930.jpg,/path/to/meme-template-id/Social_Media/random_sampled/sample_0930.jpg,Template-Free,Template-Free,6837,0.8627991
sample_0931.jpg,/path/to/meme-template-id/Social_Media/random_sampled/sample_0931.jpg,success-kid-original,Templated-Meme,5834,0.8549735
sample_0932.jpg,/path/to/meme-template-id/Social_Media/random_sampled/sample_0932.jpg,who-would-win,Templated-Meme,5117,0.95153594
sample_0933.jpg,/path/to/meme-template-id/Social_Media/random_sampled/sample_0933.jpg,joins_battle_smash_bros,Templated-Meme,943,0.5331378
sample_0934.jpg,/path/to/meme-template-id/Social_Media/random_sampled/sample_0934.jpg,my-time-has-come,Templated-Meme,3499,0.9194994
sample_0935.jpg,/path/to/meme-template-id/Social_Media/random_sampled/sample_0935.jpg,jackie-chan-wtf,Templated-Meme,1749,0.90091556
sample_0936.jpg,/path/to/meme-template-id/Social_Media/random_sampled/sample_0936.jpg,Non-Meme,Non-Meme,5342,0.86214334
sample_0937.jpg,/path/to/meme-template-id/Social_Media/random_sampled/sample_0937.jpg,Non-Meme,Non-Meme,3917,0.67493546
sample_0938.jpg,/path/to/meme-template-id/Social_Media/random_sampled/sample_0938.jpg,Template-Free,Template-Free,892,0.59514374
sample_0939.jpg,/path/to/meme-template-id/Social_Media/random_sampled/sample_0939.jpg,Template-Free,Template-Free,5272,0.7668002
sample_0940.jpg,/path/to/meme-template-id/Social_Media/random_sampled/sample_0940.jpg,Non-Meme,Non-Meme,6810,0.9065156
sample_0941.jpg,/path/to/meme-template-id/Social_Media/random_sampled/sample_0941.jpg,i-am-going-to-create-an-environment-that-is-so-toxic-blank,Templated-Meme,4976,0.7348536
sample_0942.jpg,/path/to/meme-template-id/Social_Media/random_sampled/sample_0942.jpg,Non-Meme,Non-Meme,5228,0.81756943
sample_0943.jpg,/path/to/meme-template-id/Social_Media/random_sampled/sample_0943.jpg,Template-Free,Template-Free,6163,0.6330315
sample_0944.jpg,/path/to/meme-template-id/Social_Media/random_sampled/sample_0944.jpg,Non-Meme,Non-Meme,2819,0.6586411
sample_0945.jpg,/path/to/meme-template-id/Social_Media/random_sampled/sample_0945.jpg,Template-Free,Template-Free,979,0.56733435
sample_0946.jpg,/path/to/meme-template-id/Social_Media/random_sampled/sample_0946.jpg,Template-Free,Template-Free,5780,0.82218903
sample_0947.jpg,/path/to/meme-template-id/Social_Media/random_sampled/sample_0947.jpg,Template-Free,Template-Free,4055,0.6602364
sample_0948.jpg,/path/to/meme-template-id/Social_Media/random_sampled/sample_0948.jpg,Template-Free,Template-Free,7340,0.97816116
sample_0949.jpg,/path/to/meme-template-id/Social_Media/random_sampled/sample_0949.jpg,Template-Free,Template-Free,3089,0.65128976
sample_0950.jpg,/path/to/meme-template-id/Social_Media/random_sampled/sample_0950.jpg,Non-Meme,Non-Meme,6742,0.9174021
sample_0951.jpg,/path/to/meme-template-id/Social_Media/random_sampled/sample_0951.jpg,Template-Free,Template-Free,5737,0.87112486
sample_0952.jpg,/path/to/meme-template-id/Social_Media/random_sampled/sample_0952.jpg,i-guarantee-it,Templated-Meme,4889,0.7812683
sample_0953.jpg,/path/to/meme-template-id/Social_Media/random_sampled/sample_0953.jpg,startrek,Templated-Meme,2863,0.7697529
sample_0954.jpg,/path/to/meme-template-id/Social_Media/random_sampled/sample_0954.jpg,Non-Meme,Non-Meme,4395,0.6015943
sample_0955.jpg,/path/to/meme-template-id/Social_Media/random_sampled/sample_0955.jpg,Non-Meme,Non-Meme,3598,0.76714784
sample_0956.jpg,/path/to/meme-template-id/Social_Media/random_sampled/sample_0956.jpg,crying_kid_with_gun,Templated-Meme,1103,0.85259825
sample_0957.jpg,/path/to/meme-template-id/Social_Media/random_sampled/sample_0957.jpg,what-do-we-want,Templated-Meme,5782,0.8808243
sample_0958.jpg,/path/to/meme-template-id/Social_Media/random_sampled/sample_0958.jpg,Non-Meme,Non-Meme,2884,0.78218985
sample_0959.jpg,/path/to/meme-template-id/Social_Media/random_sampled/sample_0959.jpg,Non-Meme,Non-Meme,4726,0.5436268
sample_0960.jpg,/path/to/meme-template-id/Social_Media/random_sampled/sample_0960.jpg,Non-Meme,Non-Meme,5291,0.6475811
sample_0961.jpg,/path/to/meme-template-id/Social_Media/random_sampled/sample_0961.jpg,Template-Free,Template-Free,7321,0.98139066
sample_0962.jpg,/path/to/meme-template-id/Social_Media/random_sampled/sample_0962.jpg,lisa-simpsons-presentation,Templated-Meme,3487,0.89662284
sample_0963.jpg,/path/to/meme-template-id/Social_Media/random_sampled/sample_0963.jpg,Non-Meme,Non-Meme,6767,0.96625704
sample_0964.jpg,/path/to/meme-template-id/Social_Media/random_sampled/sample_0964.jpg,monkey-looking-away,Templated-Meme,5039,0.81004566
sample_0965.jpg,/path/to/meme-template-id/Social_Media/random_sampled/sample_0965.jpg,Template-Free,Template-Free,6138,0.92276627
sample_0966.jpg,/path/to/meme-template-id/Social_Media/random_sampled/sample_0966.jpg,Non-Meme,Non-Meme,6376,0.73112994
sample_0967.jpg,/path/to/meme-template-id/Social_Media/random_sampled/sample_0967.jpg,Template-Free,Template-Free,4444,0.94889915
sample_0968.jpg,/path/to/meme-template-id/Social_Media/random_sampled/sample_0968.jpg,ermahgerd-berks,Templated-Meme,3822,0.715895
sample_0969.jpg,/path/to/meme-template-id/Social_Media/random_sampled/sample_0969.jpg,Template-Free,Template-Free,213,0.96556944
sample_0970.jpg,/path/to/meme-template-id/Social_Media/random_sampled/sample_0970.jpg,you-wouldnt-get-it,Templated-Meme,2911,0.82982683
sample_0971.jpg,/path/to/meme-template-id/Social_Media/random_sampled/sample_0971.jpg,drake_hotline_bling_normal,Templated-Meme,4916,0.9418978
sample_0972.jpg,/path/to/meme-template-id/Social_Media/random_sampled/sample_0972.jpg,second-breakfast,Templated-Meme,3330,0.49783412
sample_0973.jpg,/path/to/meme-template-id/Social_Media/random_sampled/sample_0973.jpg,Non-Meme,Non-Meme,3552,0.60614324
sample_0974.jpg,/path/to/meme-template-id/Social_Media/random_sampled/sample_0974.jpg,Template-Free,Template-Free,7318,0.9786536
sample_0975.jpg,/path/to/meme-template-id/Social_Media/random_sampled/sample_0975.jpg,Template-Free,Template-Free,7325,0.98209107
sample_0976.jpg,/path/to/meme-template-id/Social_Media/random_sampled/sample_0976.jpg,Template-Free,Template-Free,4641,0.8131739
sample_0977.jpg,/path/to/meme-template-id/Social_Media/random_sampled/sample_0977.jpg,one-piece-wanted-poster-template,Templated-Meme,4832,0.7299868
sample_0978.jpg,/path/to/meme-template-id/Social_Media/random_sampled/sample_0978.jpg,Template-Free,Template-Free,7314,0.9603819
sample_0979.jpg,/path/to/meme-template-id/Social_Media/random_sampled/sample_0979.jpg,damn_i_kinda_dont_meme,Templated-Meme,4037,0.5431807
sample_0980.jpg,/path/to/meme-template-id/Social_Media/random_sampled/sample_0980.jpg,Template-Free,Template-Free,5902,0.91061634
sample_0981.jpg,/path/to/meme-template-id/Social_Media/random_sampled/sample_0981.jpg,Template-Free,Template-Free,7339,0.99281055
sample_0982.jpg,/path/to/meme-template-id/Social_Media/random_sampled/sample_0982.jpg,Template-Free,Template-Free,5555,0.6719873
sample_0983.jpg,/path/to/meme-template-id/Social_Media/random_sampled/sample_0983.jpg,Template-Free,Template-Free,393,0.6074662
sample_0984.jpg,/path/to/meme-template-id/Social_Media/random_sampled/sample_0984.jpg,Template-Free,Template-Free,3318,0.53106934
sample_0985.jpg,/path/to/meme-template-id/Social_Media/random_sampled/sample_0985.jpg,Non-Meme,Non-Meme,6810,0.9503406
sample_0986.jpg,/path/to/meme-template-id/Social_Media/random_sampled/sample_0986.jpg,ah-shit-here-we-go-again,Templated-Meme,4679,0.94614655
sample_0987.jpg,/path/to/meme-template-id/Social_Media/random_sampled/sample_0987.jpg,Template-Free,Template-Free,1482,0.6961523
sample_0988.jpg,/path/to/meme-template-id/Social_Media/random_sampled/sample_0988.jpg,Template-Free,Template-Free,6014,0.9382824
sample_0989.jpg,/path/to/meme-template-id/Social_Media/random_sampled/sample_0989.jpg,Template-Free,Template-Free,3605,0.54323256
sample_0990.jpg,/path/to/meme-template-id/Social_Media/random_sampled/sample_0990.jpg,Non-Meme,Non-Meme,2024,0.64694613
sample_0991.jpg,/path/to/meme-template-id/Social_Media/random_sampled/sample_0991.jpg,Template-Free,Template-Free,203,0.5926595
sample_0992.jpg,/path/to/meme-template-id/Social_Media/random_sampled/sample_0992.jpg,donald-trump,Templated-Meme,5665,0.76462066
sample_0993.jpg,/path/to/meme-template-id/Social_Media/random_sampled/sample_0993.jpg,Template-Free,Template-Free,5353,0.61236805
sample_0994.jpg,/path/to/meme-template-id/Social_Media/random_sampled/sample_0994.jpg,idiot-skull,Templated-Meme,5427,0.980665
sample_0995.jpg,/path/to/meme-template-id/Social_Media/random_sampled/sample_0995.jpg,Template-Free,Template-Free,4233,0.8153225
sample_0996.jpg,/path/to/meme-template-id/Social_Media/random_sampled/sample_0996.jpg,Non-Meme,Non-Meme,4468,0.58488727
sample_0997.jpg,/path/to/meme-template-id/Social_Media/random_sampled/sample_0997.jpg,cereal-guy,Templated-Meme,4603,0.7868651
sample_0998.jpg,/path/to/meme-template-id/Social_Media/random_sampled/sample_0998.jpg,Template-Free,Template-Free,751,0.6559585
sample_0999.jpg,/path/to/meme-template-id/Social_Media/random_sampled/sample_0999.jpg,Non-Meme,Non-Meme,5890,0.9173875
sample_1000.jpg,/path/to/meme-template-id/Social_Media/random_sampled/sample_1000.jpg,Template-Free,Template-Free,3765,0.7694982
