sample_id,image_path,pred_label,pred_class
sample_0001.jpg,/path/to/meme-template-id/Social_Media/random_sampled/sample_0001.jpg,Template-Free,Template-Free
sample_0002.jpg,/path/to/meme-template-id/Social_Media/random_sampled/sample_0002.jpg,Template-Free,Template-Free
sample_0003.jpg,/path/to/meme-template-id/Social_Media/random_sampled/sample_0003.jpg,Template-Free,Template-Free
sample_0004.jpg,/path/to/meme-template-id/Social_Media/random_sampled/sample_0004.jpg,did-you-mean,Templated-Meme
sample_0005.jpg,/path/to/meme-template-id/Social_Media/random_sampled/sample_0005.jpg,Template-Free,Template-Free
sample_0006.jpg,/path/to/meme-template-id/Social_Media/random_sampled/sample_0006.jpg,Template-Free,Template-Free
sample_0007.jpg,/path/to/meme-template-id/Social_Media/random_sampled/sample_0007.jpg,Non-Meme,Non-Meme
sample_0008.jpg,/path/to/meme-template-id/Social_Media/random_sampled/sample_0008.jpg,Template-Free,Template-Free
sample_0009.jpg,/path/to/meme-template-id/Social_Media/random_sampled/sample_0009.jpg,the-what,Templated-Meme
sample_0010.jpg,/path/to/meme-template-id/Social_Media/random_sampled/sample_0010.jpg,you_made_thisi_made_this,Templated-Meme
sample_0011.jpg,/path/to/meme-template-id/Social_Media/random_sampled/sample_0011.jpg,meme-man,Templated-Meme
sample_0012.jpg,/path/to/meme-template-id/Social_Media/random_sampled/sample_0012.jpg,Template-Free,Template-Free
sample_0013.jpg,/path/to/meme-template-id/Social_Media/random_sampled/sample_0013.jpg,Template-Free,Template-Free
sample_0014.jpg,/path/to/meme-template-id/Social_Media/random_sampled/sample_0014.jpg,Template-Free,Template-Free
sample_0015.jpg,/path/to/meme-template-id/Social_Media/random_sampled/sample_0015.jpg,Template-Free,Template-Free
sample_0016.jpg,/path/to/meme-template-id/Social_Media/random_sampled/sample_0016.jpg,Template-Free,Template-Free
sample_0017.jpg,/path/to/meme-template-id/Social_Media/random_sampled/sample_0017.jpg,Template-Free,Template-Free
sample_0018.jpg,/path/to/meme-template-id/Social_Media/random_sampled/sample_0018.jpg,did-you-mean,Templated-Meme
sample_0019.jpg,/path/to/meme-template-id/Social_Media/random_sampled/sample_0019.jpg,Template-Free,Template-Free
sample_0020.jpg,/path/to/meme-template-id/Social_Media/random_sampled/sample_0020.jpg,Template-Free,Template-Free
sample_0021.jpg,/path/to/meme-template-id/Social_Media/random_sampled/sample_0021.jpg,Template-Free,Template-Free
sample_0022.jpg,/path/to/meme-template-id/Social_Media/random_sampled/sample_0022.jpg,Non-Meme,Non-Meme
sample_0023.jpg,/path/to/meme-template-id/Social_Media/random_sampled/sample_0023.jpg,Template-Free,Template-Free
sample_0024.jpg,/path/to/meme-template-id/Social_Media/random_sampled/sample_0024.jpg,Template-Free,Template-Free
sample_0025.jpg,/path/to/meme-template-id/Social_Media/random_sampled/sample_0025.jpg,Template-Free,Template-Free
sample_0026.jpg,/path/to/meme-template-id/Social_Media/random_sampled/sample_0026.jpg,Non-Meme,Non-Meme
sample_0027.jpg,/path/to/meme-template-id/Social_Media/random_sampled/sample_0027.jpg,pointing_mannequin,Templated-Meme
sample_0028.jpg,/path/to/meme-template-id/Social_Media/random_sampled/sample_0028.jpg,keep-calm-and-carry-on-purple,Templated-Meme
sample_0029.jpg,/path/to/meme-template-id/Social_Media/random_sampled/sample_0029.jpg,floating-boy-chasing-running-boy,Templated-Meme
sample_0030.jpg,/path/to/meme-template-id/Social_Media/random_sampled/sample_0030.jpg,Template-Free,Template-Free
sample_0031.jpg,/path/to/meme-template-id/Social_Media/random_sampled/sample_0031.jpg,Template-Free,Template-Free
sample_0032.jpg,/path/to/meme-template-id/Social_Media/random_sampled/sample_0032.jpg,zuckerberg,Templated-Meme
sample_0033.jpg,/path/to/meme-template-id/Social_Media/random_sampled/sample_0033.jpg,patrick-smart-dumb,Templated-Meme
sample_0034.jpg,/path/to/meme-template-id/Social_Media/random_sampled/sample_0034.jpg,Template-Free,Template-Free
sample_0035.jpg,/path/to/meme-template-id/Social_Media/random_sampled/sample_0035.jpg,Template-Free,Template-Free
sample_0036.jpg,/path/to/meme-template-id/Social_Media/random_sampled/sample_0036.jpg,virgin-vs-chad,Templated-Meme
sample_0037.jpg,/path/to/meme-template-id/Social_Media/random_sampled/sample_0037.jpg,Non-Meme,Non-Meme
sample_0038.jpg,/path/to/meme-template-id/Social_Media/random_sampled/sample_0038.jpg,Template-Free,Template-Free
sample_0039.jpg,/path/to/meme-template-id/Social_Media/random_sampled/sample_0039.jpg,Template-Free,Template-Free
sample_0040.jpg,/path/to/meme-template-id/Social_Media/random_sampled/sample_0040.jpg,Template-Free,Template-Free
sample_0041.jpg,/path/to/meme-template-id/Social_Media/random_sampled/sample_0041.jpg,Template-Free,Template-Free
sample_0042.jpg,/path/to/meme-template-id/Social_Media/random_sampled/sample_0042.jpg,anakin-kills-younglings,Templated-Meme
sample_0043.jpg,/path/to/meme-template-id/Social_Media/random_sampled/sample_0043.jpg,elon-musk-blank-tweet,Templated-Meme
sample_0044.jpg,/path/to/meme-template-id/Social_Media/random_sampled/sample_0044.jpg,Template-Free,Template-Free
sample_0045.jpg,/path/to/meme-template-id/Social_Media/random_sampled/sample_0045.jpg,Template-Free,Template-Free
sample_0046.jpg,/path/to/meme-template-id/Social_Media/random_sampled/sample_0046.jpg,Template-Free,Template-Free
sample_0047.jpg,/path/to/meme-template-id/Social_Media/random_sampled/sample_0047.jpg,Non-Meme,Non-Meme
sample_0048.jpg,/path/to/meme-template-id/Social_Media/random_sampled/sample_0048.jpg,Template-Free,Template-Free
sample_0049.jpg,/path/to/meme-template-id/Social_Media/random_sampled/sample_0049.jpg,pawn-stars-best-i-can-do,Templated-Meme
sample_0050.jpg,/path/to/meme-template-id/Social_Media/random_sampled/sample_0050.jpg,keep-calm-and-carry-on-purple,Templated-Meme
sample_0051.jpg,/path/to/meme-template-id/Social_Media/random_sampled/sample_0051.jpg,Template-Free,Template-Free
sample_0052.jpg,/path/to/meme-template-id/Social_Media/random_sampled/sample_0052.jpg,im-in-danger,Templated-Meme
sample_0053.jpg,/path/to/meme-template-id/Social_Media/random_sampled/sample_0053.jpg,Template-Free,Template-Free
sample_0054.jpg,/path/to/meme-template-id/Social_Media/random_sampled/sample_0054.jpg,Non-Meme,Non-Meme
sample_0055.jpg,/path/to/meme-template-id/Social_Media/random_sampled/sample_0055.jpg,Template-Free,Template-Free
sample_0056.jpg,/path/to/meme-template-id/Social_Media/random_sampled/sample_0056.jpg,crying-cat,Templated-Meme
sample_0057.jpg,/path/to/meme-template-id/Social_Media/random_sampled/sample_0057.jpg,Template-Free,Template-Free
sample_0058.jpg,/path/to/meme-template-id/Social_Media/random_sampled/sample_0058.jpg,Non-Meme,Non-Meme
sample_0059.jpg,/path/to/meme-template-id/Social_Media/random_sampled/sample_0059.jpg,Non-Meme,Non-Meme
sample_0060.jpg,/path/to/meme-template-id/Social_Media/random_sampled/sample_0060.jpg,nooo-haha-go-brrr,Templated-Meme
sample_0061.jpg,/path/to/meme-template-id/Social_Media/random_sampled/sample_0061.jpg,Template-Free,Template-Free
sample_0062.jpg,/path/to/meme-template-id/Social_Media/random_sampled/sample_0062.jpg,mr-incredible-uncanny,Templated-Meme
sample_0063.jpg,/path/to/meme-template-id/Social_Media/random_sampled/sample_0063.jpg,marked-safe-from,Templated-Meme
sample_0064.jpg,/path/to/meme-template-id/Social_Media/random_sampled/sample_0064.jpg,mr-incredible-uncanny,Templated-Meme
sample_0065.jpg,/path/to/meme-template-id/Social_Media/random_sampled/sample_0065.jpg,Template-Free,Template-Free
sample_0066.jpg,/path/to/meme-template-id/Social_Media/random_sampled/sample_0066.jpg,Non-Meme,Non-Meme
sample_0067.jpg,/path/to/meme-template-id/Social_Media/random_sampled/sample_0067.jpg,finding-neverland,Templated-Meme
sample_0068.jpg,/path/to/meme-template-id/Social_Media/random_sampled/sample_0068.jpg,Template-Free,Template-Free
sample_0069.jpg,/path/to/meme-template-id/Social_Media/random_sampled/sample_0069.jpg,Non-Meme,Non-Meme
sample_0070.jpg,/path/to/meme-template-id/Social_Media/random_sampled/sample_0070.jpg,Template-Free,Template-Free
sample_0071.jpg,/path/to/meme-template-id/Social_Media/random_sampled/sample_0071.jpg,Template-Free,Template-Free
sample_0072.jpg,/path/to/meme-template-id/Social_Media/random_sampled/sample_0072.jpg,Non-Meme,Non-Meme
sample_0073.jpg,/path/to/meme-template-id/Social_Media/random_sampled/sample_0073.jpg,Template-Free,Template-Free
sample_0074.jpg,/path/to/meme-template-id/Social_Media/random_sampled/sample_0074.jpg,Template-Free,Template-Free
sample_0075.jpg,/path/to/meme-template-id/Social_Media/random_sampled/sample_0075.jpg,skeptical-baby,Templated-Meme
sample_0076.jpg,/path/to/meme-template-id/Social_Media/random_sampled/sample_0076.jpg,they-dont-know,Templated-Meme
sample_0077.jpg,/path/to/meme-template-id/Social_Media/random_sampled/sample_0077.jpg,Template-Free,Template-Free
sample_0078.jpg,/path/to/meme-template-id/Social_Media/random_sampled/sample_0078.jpg,power-ranger-teletubbies,Templated-Meme
sample_0079.jpg,/path/to/meme-template-id/Social_Media/random_sampled/sample_0079.jpg,eminem,Templated-Meme
sample_0080.jpg,/path/to/meme-template-id/Social_Media/random_sampled/sample_0080.jpg,Template-Free,Template-Free
sample_0081.jpg,/path/to/meme-template-id/Social_Media/random_sampled/sample_0081.jpg,Non-Meme,Non-Meme
sample_0082.jpg,/path/to/meme-template-id/Social_Media/random_sampled/sample_0082.jpg,did-you-mean,Templated-Meme
sample_0083.jpg,/path/to/meme-template-id/Social_Media/random_sampled/sample_0083.jpg,Template-Free,Template-Free
sample_0084.jpg,/path/to/meme-template-id/Social_Media/random_sampled/sample_0084.jpg,yes-dear,Templated-Meme
sample_0085.jpg,/path/to/meme-template-id/Social_Media/random_sampled/sample_0085.jpg,Non-Meme,Non-Meme
sample_0086.jpg,/path/to/meme-template-id/Social_Media/random_sampled/sample_0086.jpg,Template-Free,Template-Free
sample_0087.jpg,/path/to/meme-template-id/Social_Media/random_sampled/sample_0087.jpg,Template-Free,Template-Free
sample_0088.jpg,/path/to/meme-template-id/Social_Media/random_sampled/sample_0088.jpg,Template-Free,Template-Free
sample_0089.jpg,/path/to/meme-template-id/Social_Media/random_sampled/sample_0089.jpg,relief,Templated-Meme
sample_0090.jpg,/path/to/meme-template-id/Social_Media/random_sampled/sample_0090.jpg,Template-Free,Template-Free
sample_0091.jpg,/path/to/meme-template-id/Social_Media/random_sampled/sample_0091.jpg,bestbetter-blurst,Templated-Meme
sample_0092.jpg,/path/to/meme-template-id/Social_Media/random_sampled/sample_0092.jpg,Template-Free,Template-Free
sample_0093.jpg,/path/to/meme-template-id/Social_Media/random_sampled/sample_0093.jpg,Template-Free,Template-Free
sample_0094.jpg,/path/to/meme-template-id/Social_Media/random_sampled/sample_0094.jpg,Template-Free,Template-Free
sample_0095.jpg,/path/to/meme-template-id/Social_Media/random_sampled/sample_0095.jpg,Template-Free,Template-Free
sample_0096.jpg,/path/to/meme-template-id/Social_Media/random_sampled/sample_0096.jpg,Non-Meme,Non-Meme
sample_0097.jpg,/path/to/meme-template-id/Social_Media/random_sampled/sample_0097.jpg,Template-Free,Template-Free
sample_0098.jpg,/path/to/meme-template-id/Social_Media/random_sampled/sample_0098.jpg,Template-Free,Template-Free
sample_0099.jpg,/path/to/meme-template-id/Social_Media/random_sampled/sample_0099.jpg,Template-Free,Template-Free
sample_0100.jpg,/path/to/meme-template-id/Social_Media/random_sampled/sample_0100.jpg,Template-Free,Template-Free
sample_0101.jpg,/path/to/meme-template-id/Social_Media/random_sampled/sample_0101.jpg,keep-calm-and-carry-on-purple,Templated-Meme
sample_0102.jpg,/path/to/meme-template-id/Social_Media/random_sampled/sample_0102.jpg,the-scroll-of-truth,Templated-Meme
sample_0103.jpg,/path/to/meme-template-id/Social_Media/random_sampled/sample_0103.jpg,orangutan-chasing-girl-on-a-tricycle,Templated-Meme
sample_0104.jpg,/path/to/meme-template-id/Social_Media/random_sampled/sample_0104.jpg,Template-Free,Template-Free
sample_0105.jpg,/path/to/meme-template-id/Social_Media/random_sampled/sample_0105.jpg,Template-Free,Template-Free
sample_0106.jpg,/path/to/meme-template-id/Social_Media/random_sampled/sample_0106.jpg,Non-Meme,Non-Meme
sample_0107.jpg,/path/to/meme-template-id/Social_Media/random_sampled/sample_0107.jpg,obama-medal,Templated-Meme
sample_0108.jpg,/path/to/meme-template-id/Social_Media/random_sampled/sample_0108.jpg,elon-musk-blank-tweet,Templated-Meme
sample_0109.jpg,/path/to/meme-template-id/Social_Media/random_sampled/sample_0109.jpg,Template-Free,Template-Free
sample_0110.jpg,/path/to/meme-template-id/Social_Media/random_sampled/sample_0110.jpg,Template-Free,Template-Free
sample_0111.jpg,/path/to/meme-template-id/Social_Media/random_sampled/sample_0111.jpg,omni-man-blocks-punch,Templated-Meme
sample_0112.jpg,/path/to/meme-template-id/Social_Media/random_sampled/sample_0112.jpg,m06_change_my_mind,Templated-Meme
sample_0113.jpg,/path/to/meme-template-id/Social_Media/random_sampled/sample_0113.jpg,Non-Meme,Non-Meme
sample_0114.jpg,/path/to/meme-template-id/Social_Media/random_sampled/sample_0114.jpg,Template-Free,Template-Free
sample_0115.jpg,/path/to/meme-template-id/Social_Media/random_sampled/sample_0115.jpg,Template-Free,Template-Free
sample_0116.jpg,/path/to/meme-template-id/Social_Media/random_sampled/sample_0116.jpg,sweating-bullets,Templated-Meme
sample_0117.jpg,/path/to/meme-template-id/Social_Media/random_sampled/sample_0117.jpg,Template-Free,Template-Free
sample_0118.jpg,/path/to/meme-template-id/Social_Media/random_sampled/sample_0118.jpg,Template-Free,Template-Free
sample_0119.jpg,/path/to/meme-template-id/Social_Media/random_sampled/sample_0119.jpg,we-are-the-millers,Templated-Meme
sample_0120.jpg,/path/to/meme-template-id/Social_Media/random_sampled/sample_0120.jpg,running-away-balloon,Templated-Meme
sample_0121.jpg,/path/to/meme-template-id/Social_Media/random_sampled/sample_0121.jpg,Template-Free,Template-Free
sample_0122.jpg,/path/to/meme-template-id/Social_Media/random_sampled/sample_0122.jpg,la-noire-press-x-to-doubt,Templated-Meme
sample_0123.jpg,/path/to/meme-template-id/Social_Media/random_sampled/sample_0123.jpg,Template-Free,Template-Free
sample_0124.jpg,/path/to/meme-template-id/Social_Media/random_sampled/sample_0124.jpg,Non-Meme,Non-Meme
sample_0125.jpg,/path/to/meme-template-id/Social_Media/random_sampled/sample_0125.jpg,marked-safe-from,Templated-Meme
sample_0126.jpg,/path/to/meme-template-id/Social_Media/random_sampled/sample_0126.jpg,Template-Free,Template-Free
sample_0127.jpg,/path/to/meme-template-id/Social_Media/random_sampled/sample_0127.jpg,Non-Meme,Non-Meme
sample_0128.jpg,/path/to/meme-template-id/Social_Media/random_sampled/sample_0128.jpg,nobody-absolutely-no-one,Templated-Meme
sample_0129.jpg,/path/to/meme-template-id/Social_Media/random_sampled/sample_0129.jpg,elon-musk-blank-tweet,Templated-Meme
sample_0130.jpg,/path/to/meme-template-id/Social_Media/random_sampled/sample_0130.jpg,Template-Free,Template-Free
sample_0131.jpg,/path/to/meme-template-id/Social_Media/random_sampled/sample_0131.jpg,Template-Free,Template-Free
sample_0132.jpg,/path/to/meme-template-id/Social_Media/random_sampled/sample_0132.jpg,Template-Free,Template-Free
sample_0133.jpg,/path/to/meme-template-id/Social_Media/random_sampled/sample_0133.jpg,panik-kalm-panik,Templated-Meme
sample_0134.jpg,/path/to/meme-template-id/Social_Media/random_sampled/sample_0134.jpg,omg-cat,Templated-Meme
sample_0135.jpg,/path/to/meme-template-id/Social_Media/random_sampled/sample_0135.jpg,Template-Free,Template-Free
sample_0136.jpg,/path/to/meme-template-id/Social_Media/random_sampled/sample_0136.jpg,Template-Free,Template-Free
sample_0137.jpg,/path/to/meme-template-id/Social_Media/random_sampled/sample_0137.jpg,Template-Free,Template-Free
sample_0138.jpg,/path/to/meme-template-id/Social_Media/random_sampled/sample_0138.jpg,Template-Free,Template-Free
sample_0139.jpg,/path/to/meme-template-id/Social_Media/random_sampled/sample_0139.jpg,Template-Free,Template-Free
sample_0140.jpg,/path/to/meme-template-id/Social_Media/random_sampled/sample_0140.jpg,Template-Free,Template-Free
sample_0141.jpg,/path/to/meme-template-id/Social_Media/random_sampled/sample_0141.jpg,mr-incredible-uncanny,Templated-Meme
sample_0142.jpg,/path/to/meme-template-id/Social_Media/random_sampled/sample_0142.jpg,Template-Free,Template-Free
sample_0143.jpg,/path/to/meme-template-id/Social_Media/random_sampled/sample_0143.jpg,Template-Free,Template-Free
sample_0144.jpg,/path/to/meme-template-id/Social_Media/random_sampled/sample_0144.jpg,Template-Free,Template-Free
sample_0145.jpg,/path/to/meme-template-id/Social_Media/random_sampled/sample_0145.jpg,Template-Free,Template-Free
sample_0146.jpg,/path/to/meme-template-id/Social_Media/random_sampled/sample_0146.jpg,Non-Meme,Non-Meme
sample_0147.jpg,/path/to/meme-template-id/Social_Media/random_sampled/sample_0147.jpg,too_drunk_at_party_tina,Templated-Meme
sample_0148.jpg,/path/to/meme-template-id/Social_Media/random_sampled/sample_0148.jpg,Template-Free,Template-Free
sample_0149.jpg,/path/to/meme-template-id/Social_Media/random_sampled/sample_0149.jpg,Template-Free,Template-Free
sample_0150.jpg,/path/to/meme-template-id/Social_Media/random_sampled/sample_0150.jpg,two-buttons,Templated-Meme
sample_0151.jpg,/path/to/meme-template-id/Social_Media/random_sampled/sample_0151.jpg,Template-Free,Template-Free
sample_0152.jpg,/path/to/meme-template-id/Social_Media/random_sampled/sample_0152.jpg,did-you-mean,Templated-Meme
sample_0153.jpg,/path/to/meme-template-id/Social_Media/random_sampled/sample_0153.jpg,call-an-ambulance-but-not-for-me,Templated-Meme
sample_0154.jpg,/path/to/meme-template-id/Social_Media/random_sampled/sample_0154.jpg,Non-Meme,Non-Meme
sample_0155.jpg,/path/to/meme-template-id/Social_Media/random_sampled/sample_0155.jpg,Template-Free,Template-Free
sample_0156.jpg,/path/to/meme-template-id/Social_Media/random_sampled/sample_0156.jpg,mr-krabs-money,Templated-Meme
sample_0157.jpg,/path/to/meme-template-id/Social_Media/random_sampled/sample_0157.jpg,marked-safe-from,Templated-Meme
sample_0158.jpg,/path/to/meme-template-id/Social_Media/random_sampled/sample_0158.jpg,Template-Free,Template-Free
sample_0159.jpg,/path/to/meme-template-id/Social_Media/random_sampled/sample_0159.jpg,Template-Free,Template-Free
sample_0160.jpg,/path/to/meme-template-id/Social_Media/random_sampled/sample_0160.jpg,borat-i-go-to-america,Templated-Meme
sample_0161.jpg,/path/to/meme-template-id/Social_Media/random_sampled/sample_0161.jpg,Non-Meme,Non-Meme
sample_0162.jpg,/path/to/meme-template-id/Social_Media/random_sampled/sample_0162.jpg,Template-Free,Template-Free
sample_0163.jpg,/path/to/meme-template-id/Social_Media/random_sampled/sample_0163.jpg,Non-Meme,Non-Meme
sample_0164.jpg,/path/to/meme-template-id/Social_Media/random_sampled/sample_0164.jpg,alright-gentlemen-we-need-a-new-idea,Templated-Meme
sample_0165.jpg,/path/to/meme-template-id/Social_Media/random_sampled/sample_0165.jpg,Non-Meme,Non-Meme
sample_0166.jpg,/path/to/meme-template-id/Social_Media/random_sampled/sample_0166.jpg,Template-Free,Template-Free
sample_0167.jpg,/path/to/meme-template-id/Social_Media/random_sampled/sample_0167.jpg,keep-calm-and-carry-on-purple,Templated-Meme
sample_0168.jpg,/path/to/meme-template-id/Social_Media/random_sampled/sample_0168.jpg,jojos-walk,Templated-Meme
sample_0169.jpg,/path/to/meme-template-id/Social_Media/random_sampled/sample_0169.jpg,Template-Free,Template-Free
sample_0170.jpg,/path/to/meme-template-id/Social_Media/random_sampled/sample_0170.jpg,Template-Free,Template-Free
sample_0171.jpg,/path/to/meme-template-id/Social_Media/random_sampled/sample_0171.jpg,yu-gi-oh,Templated-Meme
sample_0172.jpg,/path/to/meme-template-id/Social_Media/random_sampled/sample_0172.jpg,Template-Free,Template-Free
sample_0173.jpg,/path/to/meme-template-id/Social_Media/random_sampled/sample_0173.jpg,comparison-table,Templated-Meme
sample_0174.jpg,/path/to/meme-template-id/Social_Media/random_sampled/sample_0174.jpg,Template-Free,Template-Free
sample_0175.jpg,/path/to/meme-template-id/Social_Media/random_sampled/sample_0175.jpg,why-is-my-sisters-name-rose,Templated-Meme
sample_0176.jpg,/path/to/meme-template-id/Social_Media/random_sampled/sample_0176.jpg,lisa-simpsons-presentation,Templated-Meme
sample_0177.jpg,/path/to/meme-template-id/Social_Media/random_sampled/sample_0177.jpg,Template-Free,Template-Free
sample_0178.jpg,/path/to/meme-template-id/Social_Media/random_sampled/sample_0178.jpg,Template-Free,Template-Free
sample_0179.jpg,/path/to/meme-template-id/Social_Media/random_sampled/sample_0179.jpg,keep-calm-and-carry-on-purple,Templated-Meme
sample_0180.jpg,/path/to/meme-template-id/Social_Media/random_sampled/sample_0180.jpg,Template-Free,Template-Free
sample_0181.jpg,/path/to/meme-template-id/Social_Media/random_sampled/sample_0181.jpg,la-noire-press-x-to-doubt,Templated-Meme
sample_0182.jpg,/path/to/meme-template-id/Social_Media/random_sampled/sample_0182.jpg,Non-Meme,Non-Meme
sample_0183.jpg,/path/to/meme-template-id/Social_Media/random_sampled/sample_0183.jpg,Template-Free,Template-Free
sample_0184.jpg,/path/to/meme-template-id/Social_Media/random_sampled/sample_0184.jpg,did-you-mean,Templated-Meme
sample_0185.jpg,/path/to/meme-template-id/Social_Media/random_sampled/sample_0185.jpg,Template-Free,Template-Free
sample_0186.jpg,/path/to/meme-template-id/Social_Media/random_sampled/sample_0186.jpg,this-is-worthless,Templated-Meme
sample_0187.jpg,/path/to/meme-template-id/Social_Media/random_sampled/sample_0187.jpg,drake_hotline_bling_normal,Templated-Meme
sample_0188.jpg,/path/to/meme-template-id/Social_Media/random_sampled/sample_0188.jpg,second-breakfast,Templated-Meme
sample_0189.jpg,/path/to/meme-template-id/Social_Media/random_sampled/sample_0189.jpg,nobody-absolutely-no-one,Templated-Meme
sample_0190.jpg,/path/to/meme-template-id/Social_Media/random_sampled/sample_0190.jpg,nobody-is-born-cool,Templated-Meme
sample_0191.jpg,/path/to/meme-template-id/Social_Media/random_sampled/sample_0191.jpg,Template-Free,Template-Free
sample_0192.jpg,/path/to/meme-template-id/Social_Media/random_sampled/sample_0192.jpg,Template-Free,Template-Free
sample_0193.jpg,/path/to/meme-template-id/Social_Media/random_sampled/sample_0193.jpg,Template-Free,Template-Free
sample_0194.jpg,/path/to/meme-template-id/Social_Media/random_sampled/sample_0194.jpg,Template-Free,Template-Free
sample_0195.jpg,/path/to/meme-template-id/Social_Media/random_sampled/sample_0195.jpg,Non-Meme,Non-Meme
sample_0196.jpg,/path/to/meme-template-id/Social_Media/random_sampled/sample_0196.jpg,squidward-chair,Templated-Meme
sample_0197.jpg,/path/to/meme-template-id/Social_Media/random_sampled/sample_0197.jpg,Template-Free,Template-Free
sample_0198.jpg,/path/to/meme-template-id/Social_Media/random_sampled/sample_0198.jpg,show-me-the-real,Templated-Meme
sample_0199.jpg,/path/to/meme-template-id/Social_Media/random_sampled/sample_0199.jpg,Non-Meme,Non-Meme
sample_0200.jpg,/path/to/meme-template-id/Social_Media/random_sampled/sample_0200.jpg,did-you-mean,Templated-Meme
sample_0201.jpg,/path/to/meme-template-id/Social_Media/random_sampled/sample_0201.jpg,m08_math_is_math,Templated-Meme
sample_0202.jpg,/path/to/meme-template-id/Social_Media/random_sampled/sample_0202.jpg,Template-Free,Template-Free
sample_0203.jpg,/path/to/meme-template-id/Social_Media/random_sampled/sample_0203.jpg,Template-Free,Template-Free
sample_0204.jpg,/path/to/meme-template-id/Social_Media/random_sampled/sample_0204.jpg,did-you-mean,Templated-Meme
sample_0205.jpg,/path/to/meme-template-id/Social_Media/random_sampled/sample_0205.jpg,two-buttons,Templated-Meme
sample_0206.jpg,/path/to/meme-template-id/Social_Media/random_sampled/sample_0206.jpg,Template-Free,Template-Free
sample_0207.jpg,/path/to/meme-template-id/Social_Media/random_sampled/sample_0207.jpg,yao-ming,Templated-Meme
sample_0208.jpg,/path/to/meme-template-id/Social_Media/random_sampled/sample_0208.jpg,Template-Free,Template-Free
sample_0209.jpg,/path/to/meme-template-id/Social_Media/random_sampled/sample_0209.jpg,Non-Meme,Non-Meme
sample_0210.jpg,/path/to/meme-template-id/Social_Media/random_sampled/sample_0210.jpg,Template-Free,Template-Free
sample_0211.jpg,/path/to/meme-template-id/Social_Media/random_sampled/sample_0211.jpg,Template-Free,Template-Free
sample_0212.jpg,/path/to/meme-template-id/Social_Media/random_sampled/sample_0212.jpg,Template-Free,Template-Free
sample_0213.jpg,/path/to/meme-template-id/Social_Media/random_sampled/sample_0213.jpg,vince-mcmahon-reaction-wglowing-eyes,Templated-Meme
sample_0214.jpg,/path/to/meme-template-id/Social_Media/random_sampled/sample_0214.jpg,did-you-mean,Templated-Meme
sample_0215.jpg,/path/to/meme-template-id/Social_Media/random_sampled/sample_0215.jpg,Non-Meme,Non-Meme
sample_0216.jpg,/path/to/meme-template-id/Social_Media/random_sampled/sample_0216.jpg,the-scroll-of-truth,Templated-Meme
sample_0217.jpg,/path/to/meme-template-id/Social_Media/random_sampled/sample_0217.jpg,Template-Free,Template-Free
sample_0218.jpg,/path/to/meme-template-id/Social_Media/random_sampled/sample_0218.jpg,Non-Meme,Non-Meme
sample_0219.jpg,/path/to/meme-template-id/Social_Media/random_sampled/sample_0219.jpg,Template-Free,Template-Free
sample_0220.jpg,/path/to/meme-template-id/Social_Media/random_sampled/sample_0220.jpg,Non-Meme,Non-Meme
sample_0221.jpg,/path/to/meme-template-id/Social_Media/random_sampled/sample_0221.jpg,Template-Free,Template-Free
sample_0222.jpg,/path/to/meme-template-id/Social_Media/random_sampled/sample_0222.jpg,nobody-absolutely-no-one,Templated-Meme
sample_0223.jpg,/path/to/meme-template-id/Social_Media/random_sampled/sample_0223.jpg,drake_hotline_bling_normal,Templated-Meme
sample_0224.jpg,/path/to/meme-template-id/Social_Media/random_sampled/sample_0224.jpg,omg-cat,Templated-Meme
sample_0225.jpg,/path/to/meme-template-id/Social_Media/random_sampled/sample_0225.jpg,Template-Free,Template-Free
sample_0226.jpg,/path/to/meme-template-id/Social_Media/random_sampled/sample_0226.jpg,Template-Free,Template-Free
sample_0227.jpg,/path/to/meme-template-id/Social_Media/random_sampled/sample_0227.jpg,Template-Free,Template-Free
sample_0228.jpg,/path/to/meme-template-id/Social_Media/random_sampled/sample_0228.jpg,Template-Free,Template-Free
sample_0229.jpg,/path/to/meme-template-id/Social_Media/random_sampled/sample_0229.jpg,spongebob-yelling,Templated-Meme
sample_0230.jpg,/path/to/meme-template-id/Social_Media/random_sampled/sample_0230.jpg,Template-Free,Template-Free
sample_0231.jpg,/path/to/meme-template-id/Social_Media/random_sampled/sample_0231.jpg,Non-Meme,Non-Meme
sample_0232.jpg,/path/to/meme-template-id/Social_Media/random_sampled/sample_0232.jpg,keep-calm-and-carry-on-purple,Templated-Meme
sample_0233.jpg,/path/to/meme-template-id/Social_Media/random_sampled/sample_0233.jpg,Template-Free,Template-Free
sample_0234.jpg,/path/to/meme-template-id/Social_Media/random_sampled/sample_0234.jpg,girl-putting-tuba-on-girls-head,Templated-Meme
sample_0235.jpg,/path/to/meme-template-id/Social_Media/random_sampled/sample_0235.jpg,we-are-the-millers,Templated-Meme
sample_0236.jpg,/path/to/meme-template-id/Social_Media/random_sampled/sample_0236.jpg,Template-Free,Template-Free
sample_0237.jpg,/path/to/meme-template-id/Social_Media/random_sampled/sample_0237.jpg,Template-Free,Template-Free
sample_0238.jpg,/path/to/meme-template-id/Social_Media/random_sampled/sample_0238.jpg,Template-Free,Template-Free
sample_0239.jpg,/path/to/meme-template-id/Social_Media/random_sampled/sample_0239.jpg,Template-Free,Template-Free
sample_0240.jpg,/path/to/meme-template-id/Social_Media/random_sampled/sample_0240.jpg,Template-Free,Template-Free
sample_0241.jpg,/path/to/meme-template-id/Social_Media/random_sampled/sample_0241.jpg,i-do-one-push-up,Templated-Meme
sample_0242.jpg,/path/to/meme-template-id/Social_Media/random_sampled/sample_0242.jpg,Template-Free,Template-Free
sample_0243.jpg,/path/to/meme-template-id/Social_Media/random_sampled/sample_0243.jpg,kermit-sipping-tea,Templated-Meme
sample_0244.jpg,/path/to/meme-template-id/Social_Media/random_sampled/sample_0244.jpg,Non-Meme,Non-Meme
sample_0245.jpg,/path/to/meme-template-id/Social_Media/random_sampled/sample_0245.jpg,Template-Free,Template-Free
sample_0246.jpg,/path/to/meme-template-id/Social_Media/random_sampled/sample_0246.jpg,Template-Free,Template-Free
sample_0247.jpg,/path/to/meme-template-id/Social_Media/random_sampled/sample_0247.jpg,blank_white_template,Templated-Meme
sample_0248.jpg,/path/to/meme-template-id/Social_Media/random_sampled/sample_0248.jpg,bird_cracker,Templated-Meme
sample_0249.jpg,/path/to/meme-template-id/Social_Media/random_sampled/sample_0249.jpg,Template-Free,Template-Free
sample_0250.jpg,/path/to/meme-template-id/Social_Media/random_sampled/sample_0250.jpg,Template-Free,Template-Free
sample_0251.jpg,/path/to/meme-template-id/Social_Media/random_sampled/sample_0251.jpg,Non-Meme,Non-Meme
sample_0252.jpg,/path/to/meme-template-id/Social_Media/random_sampled/sample_0252.jpg,Template-Free,Template-Free
sample_0253.jpg,/path/to/meme-template-id/Social_Media/random_sampled/sample_0253.jpg,marked-safe-from,Templated-Meme
sample_0254.jpg,/path/to/meme-template-id/Social_Media/random_sampled/sample_0254.jpg,Non-Meme,Non-Meme
sample_0255.jpg,/path/to/meme-template-id/Social_Media/random_sampled/sample_0255.jpg,did-you-mean,Templated-Meme
sample_0256.jpg,/path/to/meme-template-id/Social_Media/random_sampled/sample_0256.jpg,Template-Free,Template-Free
sample_0257.jpg,/path/to/meme-template-id/Social_Media/random_sampled/sample_0257.jpg,depends-on-the-context,Templated-Meme
sample_0258.jpg,/path/to/meme-template-id/Social_Media/random_sampled/sample_0258.jpg,Template-Free,Template-Free
sample_0259.jpg,/path/to/meme-template-id/Social_Media/random_sampled/sample_0259.jpg,we-are-the-millers,Templated-Meme
sample_0260.jpg,/path/to/meme-template-id/Social_Media/random_sampled/sample_0260.jpg,Template-Free,Template-Free
sample_0261.jpg,/path/to/meme-template-id/Social_Media/random_sampled/sample_0261.jpg,Template-Free,Template-Free
sample_0262.jpg,/path/to/meme-template-id/Social_Media/random_sampled/sample_0262.jpg,Non-Meme,Non-Meme
sample_0263.jpg,/path/to/meme-template-id/Social_Media/random_sampled/sample_0263.jpg,Non-Meme,Non-Meme
sample_0264.jpg,/path/to/meme-template-id/Social_Media/random_sampled/sample_0264.jpg,Non-Meme,Non-Meme
sample_0265.jpg,/path/to/meme-template-id/Social_Media/random_sampled/sample_0265.jpg,Template-Free,Template-Free
sample_0266.jpg,/path/to/meme-template-id/Social_Media/random_sampled/sample_0266.jpg,what_my_friends_think_i_do,Templated-Meme
sample_0267.jpg,/path/to/meme-template-id/Social_Media/random_sampled/sample_0267.jpg,Template-Free,Template-Free
sample_0268.jpg,/path/to/meme-template-id/Social_Media/random_sampled/sample_0268.jpg,Template-Free,Template-Free
sample_0269.jpg,/path/to/meme-template-id/Social_Media/random_sampled/sample_0269.jpg,Non-Meme,Non-Meme
sample_0270.jpg,/path/to/meme-template-id/Social_Media/random_sampled/sample_0270.jpg,Template-Free,Template-Free
sample_0271.jpg,/path/to/meme-template-id/Social_Media/random_sampled/sample_0271.jpg,Non-Meme,Non-Meme
sample_0272.jpg,/path/to/meme-template-id/Social_Media/random_sampled/sample_0272.jpg,Template-Free,Template-Free
sample_0273.jpg,/path/to/meme-template-id/Social_Media/random_sampled/sample_0273.jpg,youre-too-slow-sonic,Templated-Meme
sample_0274.jpg,/path/to/meme-template-id/Social_Media/random_sampled/sample_0274.jpg,Non-Meme,Non-Meme
sample_0275.jpg,/path/to/meme-template-id/Social_Media/random_sampled/sample_0275.jpg,keep-calm-and-carry-on-purple,Templated-Meme
sample_0276.jpg,/path/to/meme-template-id/Social_Media/random_sampled/sample_0276.jpg,Template-Free,Template-Free
sample_0277.jpg,/path/to/meme-template-id/Social_Media/random_sampled/sample_0277.jpg,Template-Free,Template-Free
sample_0278.jpg,/path/to/meme-template-id/Social_Media/random_sampled/sample_0278.jpg,Non-Meme,Non-Meme
sample_0279.jpg,/path/to/meme-template-id/Social_Media/random_sampled/sample_0279.jpg,Template-Free,Template-Free
sample_0280.jpg,/path/to/meme-template-id/Social_Media/random_sampled/sample_0280.jpg,Non-Meme,Non-Meme
sample_0281.jpg,/path/to/meme-template-id/Social_Media/random_sampled/sample_0281.jpg,Template-Free,Template-Free
sample_0282.jpg,/path/to/meme-template-id/Social_Media/random_sampled/sample_0282.jpg,unsettled-tom,Templated-Meme
sample_0283.jpg,/path/to/meme-template-id/Social_Media/random_sampled/sample_0283.jpg,guy-getting-beat-up,Templated-Meme
sample_0284.jpg,/path/to/meme-template-id/Social_Media/random_sampled/sample_0284.jpg,spider-man-triple,Templated-Meme
sample_0285.jpg,/path/to/meme-template-id/Social_Media/random_sampled/sample_0285.jpg,Template-Free,Template-Free
sample_0286.jpg,/path/to/meme-template-id/Social_Media/random_sampled/sample_0286.jpg,Template-Free,Template-Free
sample_0287.jpg,/path/to/meme-template-id/Social_Media/random_sampled/sample_0287.jpg,Template-Free,Template-Free
sample_0288.jpg,/path/to/meme-template-id/Social_Media/random_sampled/sample_0288.jpg,onde,Templated-Meme
sample_0289.jpg,/path/to/meme-template-id/Social_Media/random_sampled/sample_0289.jpg,Template-Free,Template-Free
sample_0290.jpg,/path/to/meme-template-id/Social_Media/random_sampled/sample_0290.jpg,Template-Free,Template-Free
sample_0291.jpg,/path/to/meme-template-id/Social_Media/random_sampled/sample_0291.jpg,Template-Free,Template-Free
sample_0292.jpg,/path/to/meme-template-id/Social_Media/random_sampled/sample_0292.jpg,nobody-absolutely-no-one,Templated-Meme
sample_0293.jpg,/path/to/meme-template-id/Social_Media/random_sampled/sample_0293.jpg,Template-Free,Template-Free
sample_0294.jpg,/path/to/meme-template-id/Social_Media/random_sampled/sample_0294.jpg,Template-Free,Template-Free
sample_0295.jpg,/path/to/meme-template-id/Social_Media/random_sampled/sample_0295.jpg,Template-Free,Template-Free
sample_0296.jpg,/path/to/meme-template-id/Social_Media/random_sampled/sample_0296.jpg,Non-Meme,Non-Meme
sample_0297.jpg,/path/to/meme-template-id/Social_Media/random_sampled/sample_0297.jpg,Template-Free,Template-Free
sample_0298.jpg,/path/to/meme-template-id/Social_Media/random_sampled/sample_0298.jpg,Template-Free,Template-Free
sample_0299.jpg,/path/to/meme-template-id/Social_Media/random_sampled/sample_0299.jpg,now-all-of-china-knows-youre-here,Templated-Meme
sample_0300.jpg,/path/to/meme-template-id/Social_Media/random_sampled/sample_0300.jpg,Template-Free,Template-Free
sample_0301.jpg,/path/to/meme-template-id/Social_Media/random_sampled/sample_0301.jpg,Template-Free,Template-Free
sample_0302.jpg,/path/to/meme-template-id/Social_Media/random_sampled/sample_0302.jpg,Template-Free,Template-Free
sample_0303.jpg,/path/to/meme-template-id/Social_Media/random_sampled/sample_0303.jpg,Template-Free,Template-Free
sample_0304.jpg,/path/to/meme-template-id/Social_Media/random_sampled/sample_0304.jpg,elon-musk-blank-tweet,Templated-Meme
sample_0305.jpg,/path/to/meme-template-id/Social_Media/random_sampled/sample_0305.jpg,omni-man-blocks-punch,Templated-Meme
sample_0306.jpg,/path/to/meme-template-id/Social_Media/random_sampled/sample_0306.jpg,Template-Free,Template-Free
sample_0307.jpg,/path/to/meme-template-id/Social_Media/random_sampled/sample_0307.jpg,i-know-that-feel-bro,Templated-Meme
sample_0308.jpg,/path/to/meme-template-id/Social_Media/random_sampled/sample_0308.jpg,Template-Free,Template-Free
sample_0309.jpg,/path/to/meme-template-id/Social_Media/random_sampled/sample_0309.jpg,Template-Free,Template-Free
sample_0310.jpg,/path/to/meme-template-id/Social_Media/random_sampled/sample_0310.jpg,Template-Free,Template-Free
sample_0311.jpg,/path/to/meme-template-id/Social_Media/random_sampled/sample_0311.jpg,Non-Meme,Non-Meme
sample_0312.jpg,/path/to/meme-template-id/Social_Media/random_sampled/sample_0312.jpg,Template-Free,Template-Free
sample_0313.jpg,/path/to/meme-template-id/Social_Media/random_sampled/sample_0313.jpg,Non-Meme,Non-Meme
sample_0314.jpg,/path/to/meme-template-id/Social_Media/random_sampled/sample_0314.jpg,v-for-vendetta,Templated-Meme
sample_0315.jpg,/path/to/meme-template-id/Social_Media/random_sampled/sample_0315.jpg,i-am-inevitable,Templated-Meme
sample_0316.jpg,/path/to/meme-template-id/Social_Media/random_sampled/sample_0316.jpg,black-guy-crying-and-black-guy-laughing,Templated-Meme
sample_0317.jpg,/path/to/meme-template-id/Social_Media/random_sampled/sample_0317.jpg,Template-Free,Template-Free
sample_0318.jpg,/path/to/meme-template-id/Social_Media/random_sampled/sample_0318.jpg,Non-Meme,Non-Meme
sample_0319.jpg,/path/to/meme-template-id/Social_Media/random_sampled/sample_0319.jpg,Template-Free,Template-Free
sample_0320.jpg,/path/to/meme-template-id/Social_Media/random_sampled/sample_0320.jpg,Template-Free,Template-Free
sample_0321.jpg,/path/to/meme-template-id/Social_Media/random_sampled/sample_0321.jpg,Template-Free,Template-Free
sample_0322.jpg,/path/to/meme-template-id/Social_Media/random_sampled/sample_0322.jpg,Template-Free,Template-Free
sample_0323.jpg,/path/to/meme-template-id/Social_Media/random_sampled/sample_0323.jpg,am-i-a-joke-to-you,Templated-Meme
sample_0324.jpg,/path/to/meme-template-id/Social_Media/random_sampled/sample_0324.jpg,Template-Free,Template-Free
sample_0325.jpg,/path/to/meme-template-id/Social_Media/random_sampled/sample_0325.jpg,Non-Meme,Non-Meme
sample_0326.jpg,/path/to/meme-template-id/Social_Media/random_sampled/sample_0326.jpg,vein-popping-kid,Templated-Meme
sample_0327.jpg,/path/to/meme-template-id/Social_Media/random_sampled/sample_0327.jpg,happy-then-sad,Templated-Meme
sample_0328.jpg,/path/to/meme-template-id/Social_Media/random_sampled/sample_0328.jpg,talking-to-wall,Templated-Meme
sample_0329.jpg,/path/to/meme-template-id/Social_Media/random_sampled/sample_0329.jpg,Template-Free,Template-Free
sample_0330.jpg,/path/to/meme-template-id/Social_Media/random_sampled/sample_0330.jpg,hey_sleep_waking_brain,Templated-Meme
sample_0331.jpg,/path/to/meme-template-id/Social_Media/random_sampled/sample_0331.jpg,Template-Free,Template-Free
sample_0332.jpg,/path/to/meme-template-id/Social_Media/random_sampled/sample_0332.jpg,Non-Meme,Non-Meme
sample_0333.jpg,/path/to/meme-template-id/Social_Media/random_sampled/sample_0333.jpg,i-bet-hes-thinking-about-other-women,Templated-Meme
sample_0334.jpg,/path/to/meme-template-id/Social_Media/random_sampled/sample_0334.jpg,Template-Free,Template-Free
sample_0335.jpg,/path/to/meme-template-id/Social_Media/random_sampled/sample_0335.jpg,Template-Free,Template-Free
sample_0336.jpg,/path/to/meme-template-id/Social_Media/random_sampled/sample_0336.jpg,dallas-cowboys,Templated-Meme
sample_0337.jpg,/path/to/meme-template-id/Social_Media/random_sampled/sample_0337.jpg,Template-Free,Template-Free
sample_0338.jpg,/path/to/meme-template-id/Social_Media/random_sampled/sample_0338.jpg,Template-Free,Template-Free
sample_0339.jpg,/path/to/meme-template-id/Social_Media/random_sampled/sample_0339.jpg,Template-Free,Template-Free
sample_0340.jpg,/path/to/meme-template-id/Social_Media/random_sampled/sample_0340.jpg,obama-no-listen,Templated-Meme
sample_0341.jpg,/path/to/meme-template-id/Social_Media/random_sampled/sample_0341.jpg,limmy-waking-up,Templated-Meme
sample_0342.jpg,/path/to/meme-template-id/Social_Media/random_sampled/sample_0342.jpg,nobody-absolutely-no-one,Templated-Meme
sample_0343.jpg,/path/to/meme-template-id/Social_Media/random_sampled/sample_0343.jpg,keep-calm-and-carry-on-purple,Templated-Meme
sample_0344.jpg,/path/to/meme-template-id/Social_Media/random_sampled/sample_0344.jpg,amateurs,Templated-Meme
sample_0345.jpg,/path/to/meme-template-id/Social_Media/random_sampled/sample_0345.jpg,pissed-off-obama,Templated-Meme
sample_0346.jpg,/path/to/meme-template-id/Social_Media/random_sampled/sample_0346.jpg,sad-cat-holding-dog,Templated-Meme
sample_0347.jpg,/path/to/meme-template-id/Social_Media/random_sampled/sample_0347.jpg,Non-Meme,Non-Meme
sample_0348.jpg,/path/to/meme-template-id/Social_Media/random_sampled/sample_0348.jpg,Non-Meme,Non-Meme
sample_0349.jpg,/path/to/meme-template-id/Social_Media/random_sampled/sample_0349.jpg,spongebob-vs-squidward-alarm-clocks,Templated-Meme
sample_0350.jpg,/path/to/meme-template-id/Social_Media/random_sampled/sample_0350.jpg,Non-Meme,Non-Meme
sample_0351.jpg,/path/to/meme-template-id/Social_Media/random_sampled/sample_0351.jpg,Template-Free,Template-Free
sample_0352.jpg,/path/to/meme-template-id/Social_Media/random_sampled/sample_0352.jpg,Non-Meme,Non-Meme
sample_0353.jpg,/path/to/meme-template-id/Social_Media/random_sampled/sample_0353.jpg,bernie-sanders-once-again-asking,Templated-Meme
sample_0354.jpg,/path/to/meme-template-id/Social_Media/random_sampled/sample_0354.jpg,Template-Free,Template-Free
sample_0355.jpg,/path/to/meme-template-id/Social_Media/random_sampled/sample_0355.jpg,kermit-window,Templated-Meme
sample_0356.jpg,/path/to/meme-template-id/Social_Media/random_sampled/sample_0356.jpg,Non-Meme,Non-Meme
sample_0357.jpg,/path/to/meme-template-id/Social_Media/random_sampled/sample_0357.jpg,Template-Free,Template-Free
sample_0358.jpg,/path/to/meme-template-id/Social_Media/random_sampled/sample_0358.jpg,keep-calm-and-carry-on-purple,Templated-Meme
sample_0359.jpg,/path/to/meme-template-id/Social_Media/random_sampled/sample_0359.jpg,stonks,Templated-Meme
sample_0360.jpg,/path/to/meme-template-id/Social_Media/random_sampled/sample_0360.jpg,Template-Free,Template-Free
sample_0361.jpg,/path/to/meme-template-id/Social_Media/random_sampled/sample_0361.jpg,Template-Free,Template-Free
sample_0362.jpg,/path/to/meme-template-id/Social_Media/random_sampled/sample_0362.jpg,milking-the-cow,Templated-Meme
sample_0363.jpg,/path/to/meme-template-id/Social_Media/random_sampled/sample_0363.jpg,Template-Free,Template-Free
sample_0364.jpg,/path/to/meme-template-id/Social_Media/random_sampled/sample_0364.jpg,Template-Free,Template-Free
sample_0365.jpg,/path/to/meme-template-id/Social_Media/random_sampled/sample_0365.jpg,Template-Free,Template-Free
sample_0366.jpg,/path/to/meme-template-id/Social_Media/random_sampled/sample_0366.jpg,Non-Meme,Non-Meme
sample_0367.jpg,/path/to/meme-template-id/Social_Media/random_sampled/sample_0367.jpg,vince-mcmahon-reaction-wglowing-eyes,Templated-Meme
sample_0368.jpg,/path/to/meme-template-id/Social_Media/random_sampled/sample_0368.jpg,damn_i_kinda_dont_meme,Templated-Meme
sample_0369.jpg,/path/to/meme-template-id/Social_Media/random_sampled/sample_0369.jpg,Non-Meme,Non-Meme
sample_0370.jpg,/path/to/meme-template-id/Social_Media/random_sampled/sample_0370.jpg,did-you-mean,Templated-Meme
sample_0371.jpg,/path/to/meme-template-id/Social_Media/random_sampled/sample_0371.jpg,Non-Meme,Non-Meme
sample_0372.jpg,/path/to/meme-template-id/Social_Media/random_sampled/sample_0372.jpg,Non-Meme,Non-Meme
sample_0373.jpg,/path/to/meme-template-id/Social_Media/random_sampled/sample_0373.jpg,spiderman-presentation,Templated-Meme
sample_0374.jpg,/path/to/meme-template-id/Social_Media/random_sampled/sample_0374.jpg,really_right_in_front_of_my_pancit,Templated-Meme
sample_0375.jpg,/path/to/meme-template-id/Social_Media/random_sampled/sample_0375.jpg,strong-dog-vs-weak-dog,Templated-Meme
sample_0376.jpg,/path/to/meme-template-id/Social_Media/random_sampled/sample_0376.jpg,Non-Meme,Non-Meme
sample_0377.jpg,/path/to/meme-template-id/Social_Media/random_sampled/sample_0377.jpg,running-away-balloon,Templated-Meme
sample_0378.jpg,/path/to/meme-template-id/Social_Media/random_sampled/sample_0378.jpg,Template-Free,Template-Free
sample_0379.jpg,/path/to/meme-template-id/Social_Media/random_sampled/sample_0379.jpg,Template-Free,Template-Free
sample_0380.jpg,/path/to/meme-template-id/Social_Media/random_sampled/sample_0380.jpg,did-you-mean,Templated-Meme
sample_0381.jpg,/path/to/meme-template-id/Social_Media/random_sampled/sample_0381.jpg,Template-Free,Template-Free
sample_0382.jpg,/path/to/meme-template-id/Social_Media/random_sampled/sample_0382.jpg,Non-Meme,Non-Meme
sample_0383.jpg,/path/to/meme-template-id/Social_Media/random_sampled/sample_0383.jpg,Template-Free,Template-Free
sample_0384.jpg,/path/to/meme-template-id/Social_Media/random_sampled/sample_0384.jpg,Template-Free,Template-Free
sample_0385.jpg,/path/to/meme-template-id/Social_Media/random_sampled/sample_0385.jpg,Non-Meme,Non-Meme
sample_0386.jpg,/path/to/meme-template-id/Social_Media/random_sampled/sample_0386.jpg,Non-Meme,Non-Meme
sample_0387.jpg,/path/to/meme-template-id/Social_Media/random_sampled/sample_0387.jpg,crying-wojak-vs-chad,Templated-Meme
sample_0388.jpg,/path/to/meme-template-id/Social_Media/random_sampled/sample_0388.jpg,virgin-vs-chad,Templated-Meme
sample_0389.jpg,/path/to/meme-template-id/Social_Media/random_sampled/sample_0389.jpg,Template-Free,Template-Free
sample_0390.jpg,/path/to/meme-template-id/Social_Media/random_sampled/sample_0390.jpg,Template-Free,Template-Free
sample_0391.jpg,/path/to/meme-template-id/Social_Media/random_sampled/sample_0391.jpg,Template-Free,Template-Free
sample_0392.jpg,/path/to/meme-template-id/Social_Media/random_sampled/sample_0392.jpg,Non-Meme,Non-Meme
sample_0393.jpg,/path/to/meme-template-id/Social_Media/random_sampled/sample_0393.jpg,Template-Free,Template-Free
sample_0394.jpg,/path/to/meme-template-id/Social_Media/random_sampled/sample_0394.jpg,Template-Free,Template-Free
sample_0395.jpg,/path/to/meme-template-id/Social_Media/random_sampled/sample_0395.jpg,comparison-table,Templated-Meme
sample_0396.jpg,/path/to/meme-template-id/Social_Media/random_sampled/sample_0396.jpg,Template-Free,Template-Free
sample_0397.jpg,/path/to/meme-template-id/Social_Media/random_sampled/sample_0397.jpg,nobody-absolutely-no-one,Templated-Meme
sample_0398.jpg,/path/to/meme-template-id/Social_Media/random_sampled/sample_0398.jpg,thinking-black-guy,Templated-Meme
sample_0399.jpg,/path/to/meme-template-id/Social_Media/random_sampled/sample_0399.jpg,Template-Free,Template-Free
sample_0400.jpg,/path/to/meme-template-id/Social_Media/random_sampled/sample_0400.jpg,Non-Meme,Non-Meme
sample_0401.jpg,/path/to/meme-template-id/Social_Media/random_sampled/sample_0401.jpg,Template-Free,Template-Free
sample_0402.jpg,/path/to/meme-template-id/Social_Media/random_sampled/sample_0402.jpg,Template-Free,Template-Free
sample_0403.jpg,/path/to/meme-template-id/Social_Media/random_sampled/sample_0403.jpg,i-bet-hes-thinking-about-other-women,Templated-Meme
sample_0404.jpg,/path/to/meme-template-id/Social_Media/random_sampled/sample_0404.jpg,Template-Free,Template-Free
sample_0405.jpg,/path/to/meme-template-id/Social_Media/random_sampled/sample_0405.jpg,Non-Meme,Non-Meme
sample_0406.jpg,/path/to/meme-template-id/Social_Media/random_sampled/sample_0406.jpg,elon-musk-blank-tweet,Templated-Meme
sample_0407.jpg,/path/to/meme-template-id/Social_Media/random_sampled/sample_0407.jpg,Template-Free,Template-Free
sample_0408.jpg,/path/to/meme-template-id/Social_Media/random_sampled/sample_0408.jpg,Non-Meme,Non-Meme
sample_0409.jpg,/path/to/meme-template-id/Social_Media/random_sampled/sample_0409.jpg,Template-Free,Template-Free
sample_0410.jpg,/path/to/meme-template-id/Social_Media/random_sampled/sample_0410.jpg,Template-Free,Template-Free
sample_0411.jpg,/path/to/meme-template-id/Social_Media/random_sampled/sample_0411.jpg,you-have-no-power-here,Templated-Meme
sample_0412.jpg,/path/to/meme-template-id/Social_Media/random_sampled/sample_0412.jpg,Template-Free,Template-Free
sample_0413.jpg,/path/to/meme-template-id/Social_Media/random_sampled/sample_0413.jpg,elon-musk-blank-tweet,Templated-Meme
sample_0414.jpg,/path/to/meme-template-id/Social_Media/random_sampled/sample_0414.jpg,keep-calm-and-carry-on-purple,Templated-Meme
sample_0415.jpg,/path/to/meme-template-id/Social_Media/random_sampled/sample_0415.jpg,Template-Free,Template-Free
sample_0416.jpg,/path/to/meme-template-id/Social_Media/random_sampled/sample_0416.jpg,Template-Free,Template-Free
sample_0417.jpg,/path/to/meme-template-id/Social_Media/random_sampled/sample_0417.jpg,Template-Free,Template-Free
sample_0418.jpg,/path/to/meme-template-id/Social_Media/random_sampled/sample_0418.jpg,its-free-real-estate,Templated-Meme
sample_0419.jpg,/path/to/meme-template-id/Social_Media/random_sampled/sample_0419.jpg,Template-Free,Template-Free
sample_0420.jpg,/path/to/meme-template-id/Social_Media/random_sampled/sample_0420.jpg,Template-Free,Template-Free
sample_0421.jpg,/path/to/meme-template-id/Social_Media/random_sampled/sample_0421.jpg,Template-Free,Template-Free
sample_0422.jpg,/path/to/meme-template-id/Social_Media/random_sampled/sample_0422.jpg,Non-Meme,Non-Meme
sample_0423.jpg,/path/to/meme-template-id/Social_Media/random_sampled/sample_0423.jpg,Template-Free,Template-Free
sample_0424.jpg,/path/to/meme-template-id/Social_Media/random_sampled/sample_0424.jpg,banned-from-roblox,Templated-Meme
sample_0425.jpg,/path/to/meme-template-id/Social_Media/random_sampled/sample_0425.jpg,Template-Free,Template-Free
sample_0426.jpg,/path/to/meme-template-id/Social_Media/random_sampled/sample_0426.jpg,Template-Free,Template-Free
sample_0427.jpg,/path/to/meme-template-id/Social_Media/random_sampled/sample_0427.jpg,Non-Meme,Non-Meme
sample_0428.jpg,/path/to/meme-template-id/Social_Media/random_sampled/sample_0428.jpg,Non-Meme,Non-Meme
sample_0429.jpg,/path/to/meme-template-id/Social_Media/random_sampled/sample_0429.jpg,Template-Free,Template-Free
sample_0430.jpg,/path/to/meme-template-id/Social_Media/random_sampled/sample_0430.jpg,Template-Free,Template-Free
sample_0431.jpg,/path/to/meme-template-id/Social_Media/random_sampled/sample_0431.jpg,Non-Meme,Non-Meme
sample_0432.jpg,/path/to/meme-template-id/Social_Media/random_sampled/sample_0432.jpg,two-buttons,Templated-Meme
sample_0433.jpg,/path/to/meme-template-id/Social_Media/random_sampled/sample_0433.jpg,Non-Meme,Non-Meme
sample_0434.jpg,/path/to/meme-template-id/Social_Media/random_sampled/sample_0434.jpg,Template-Free,Template-Free
sample_0435.jpg,/path/to/meme-template-id/Social_Media/random_sampled/sample_0435.jpg,Template-Free,Template-Free
sample_0436.jpg,/path/to/meme-template-id/Social_Media/random_sampled/sample_0436.jpg,communist_cat,Templated-Meme
sample_0437.jpg,/path/to/meme-template-id/Social_Media/random_sampled/sample_0437.jpg,drake_hotline_bling_normal,Templated-Meme
sample_0438.jpg,/path/to/meme-template-id/Social_Media/random_sampled/sample_0438.jpg,Template-Free,Template-Free
sample_0439.jpg,/path/to/meme-template-id/Social_Media/random_sampled/sample_0439.jpg,Template-Free,Template-Free
sample_0440.jpg,/path/to/meme-template-id/Social_Media/random_sampled/sample_0440.jpg,Template-Free,Template-Free
sample_0441.jpg,/path/to/meme-template-id/Social_Media/random_sampled/sample_0441.jpg,Template-Free,Template-Free
sample_0442.jpg,/path/to/meme-template-id/Social_Media/random_sampled/sample_0442.jpg,keep-calm-and-carry-on-purple,Templated-Meme
sample_0443.jpg,/path/to/meme-template-id/Social_Media/random_sampled/sample_0443.jpg,google-translate,Templated-Meme
sample_0444.jpg,/path/to/meme-template-id/Social_Media/random_sampled/sample_0444.jpg,drake_hotline_bling_normal,Templated-Meme
sample_0445.jpg,/path/to/meme-template-id/Social_Media/random_sampled/sample_0445.jpg,doge,Templated-Meme
sample_0446.jpg,/path/to/meme-template-id/Social_Media/random_sampled/sample_0446.jpg,eric-andre-let-me-in-meme,Templated-Meme
sample_0447.jpg,/path/to/meme-template-id/Social_Media/random_sampled/sample_0447.jpg,Template-Free,Template-Free
sample_0448.jpg,/path/to/meme-template-id/Social_Media/random_sampled/sample_0448.jpg,Template-Free,Template-Free
sample_0449.jpg,/path/to/meme-template-id/Social_Media/random_sampled/sample_0449.jpg,pretending-to-be-happy-hiding-crying-behind-a-mask,Templated-Meme
sample_0450.jpg,/path/to/meme-template-id/Social_Media/random_sampled/sample_0450.jpg,elon-musk-blank-tweet,Templated-Meme
sample_0451.jpg,/path/to/meme-template-id/Social_Media/random_sampled/sample_0451.jpg,Template-Free,Template-Free
sample_0452.jpg,/path/to/meme-template-id/Social_Media/random_sampled/sample_0452.jpg,hard-to-swallow-pills,Templated-Meme
sample_0453.jpg,/path/to/meme-template-id/Social_Media/random_sampled/sample_0453.jpg,Template-Free,Template-Free
sample_0454.jpg,/path/to/meme-template-id/Social_Media/random_sampled/sample_0454.jpg,Template-Free,Template-Free
sample_0455.jpg,/path/to/meme-template-id/Social_Media/random_sampled/sample_0455.jpg,Template-Free,Template-Free
sample_0456.jpg,/path/to/meme-template-id/Social_Media/random_sampled/sample_0456.jpg,Non-Meme,Non-Meme
sample_0457.jpg,/path/to/meme-template-id/Social_Media/random_sampled/sample_0457.jpg,did-you-mean,Templated-Meme
sample_0458.jpg,/path/to/meme-template-id/Social_Media/random_sampled/sample_0458.jpg,keep-calm-and-carry-on-purple,Templated-Meme
sample_0459.jpg,/path/to/meme-template-id/Social_Media/random_sampled/sample_0459.jpg,Template-Free,Template-Free
sample_0460.jpg,/path/to/meme-template-id/Social_Media/random_sampled/sample_0460.jpg,drake_hotline_bling_normal,Templated-Meme
sample_0461.jpg,/path/to/meme-template-id/Social_Media/random_sampled/sample_0461.jpg,mother-ignoring-kid-drowning-in-a-pool,Templated-Meme
sample_0462.jpg,/path/to/meme-template-id/Social_Media/random_sampled/sample_0462.jpg,bilbo-why-shouldnt-i-keep-it,Templated-Meme
sample_0463.jpg,/path/to/meme-template-id/Social_Media/random_sampled/sample_0463.jpg,Template-Free,Template-Free
sample_0464.jpg,/path/to/meme-template-id/Social_Media/random_sampled/sample_0464.jpg,Template-Free,Template-Free
sample_0465.jpg,/path/to/meme-template-id/Social_Media/random_sampled/sample_0465.jpg,Template-Free,Template-Free
sample_0466.jpg,/path/to/meme-template-id/Social_Media/random_sampled/sample_0466.jpg,you-like-krabby-patties,Templated-Meme
sample_0467.jpg,/path/to/meme-template-id/Social_Media/random_sampled/sample_0467.jpg,adios,Templated-Meme
sample_0468.jpg,/path/to/meme-template-id/Social_Media/random_sampled/sample_0468.jpg,what_my_friends_think_i_do,Templated-Meme
sample_0469.jpg,/path/to/meme-template-id/Social_Media/random_sampled/sample_0469.jpg,angry-flower,Templated-Meme
sample_0470.jpg,/path/to/meme-template-id/Social_Media/random_sampled/sample_0470.jpg,Template-Free,Template-Free
sample_0471.jpg,/path/to/meme-template-id/Social_Media/random_sampled/sample_0471.jpg,Template-Free,Template-Free
sample_0472.jpg,/path/to/meme-template-id/Social_Media/random_sampled/sample_0472.jpg,Template-Free,Template-Free
sample_0473.jpg,/path/to/meme-template-id/Social_Media/random_sampled/sample_0473.jpg,Template-Free,Template-Free
sample_0474.jpg,/path/to/meme-template-id/Social_Media/random_sampled/sample_0474.jpg,its-free-real-estate,Templated-Meme
sample_0475.jpg,/path/to/meme-template-id/Social_Media/random_sampled/sample_0475.jpg,Template-Free,Template-Free
sample_0476.jpg,/path/to/meme-template-id/Social_Media/random_sampled/sample_0476.jpg,Template-Free,Template-Free
sample_0477.jpg,/path/to/meme-template-id/Social_Media/random_sampled/sample_0477.jpg,Template-Free,Template-Free
sample_0478.jpg,/path/to/meme-template-id/Social_Media/random_sampled/sample_0478.jpg,Non-Meme,Non-Meme
sample_0479.jpg,/path/to/meme-template-id/Social_Media/random_sampled/sample_0479.jpg,blank,Templated-Meme
sample_0480.jpg,/path/to/meme-template-id/Social_Media/random_sampled/sample_0480.jpg,Template-Free,Template-Free
sample_0481.jpg,/path/to/meme-template-id/Social_Media/random_sampled/sample_0481.jpg,Template-Free,Template-Free
sample_0482.jpg,/path/to/meme-template-id/Social_Media/random_sampled/sample_0482.jpg,ew-i-stepped-in-shit,Templated-Meme
sample_0483.jpg,/path/to/meme-template-id/Social_Media/random_sampled/sample_0483.jpg,Template-Free,Template-Free
sample_0484.jpg,/path/to/meme-template-id/Social_Media/random_sampled/sample_0484.jpg,Template-Free,Template-Free
sample_0485.jpg,/path/to/meme-template-id/Social_Media/random_sampled/sample_0485.jpg,Template-Free,Template-Free
sample_0486.jpg,/path/to/meme-template-id/Social_Media/random_sampled/sample_0486.jpg,pink-guy-vs-bane,Templated-Meme
sample_0487.jpg,/path/to/meme-template-id/Social_Media/random_sampled/sample_0487.jpg,Template-Free,Template-Free
sample_0488.jpg,/path/to/meme-template-id/Social_Media/random_sampled/sample_0488.jpg,cmon-do-something,Templated-Meme
sample_0489.jpg,/path/to/meme-template-id/Social_Media/random_sampled/sample_0489.jpg,Non-Meme,Non-Meme
sample_0490.jpg,/path/to/meme-template-id/Social_Media/random_sampled/sample_0490.jpg,tom-the-cat-shooting-himself,Templated-Meme
sample_0491.jpg,/path/to/meme-template-id/Social_Media/random_sampled/sample_0491.jpg,lisa-simpsons-presentation,Templated-Meme
sample_0492.jpg,/path/to/meme-template-id/Social_Media/random_sampled/sample_0492.jpg,Template-Free,Template-Free
sample_0493.jpg,/path/to/meme-template-id/Social_Media/random_sampled/sample_0493.jpg,Non-Meme,Non-Meme
sample_0494.jpg,/path/to/meme-template-id/Social_Media/random_sampled/sample_0494.jpg,Template-Free,Template-Free
sample_0495.jpg,/path/to/meme-template-id/Social_Media/random_sampled/sample_0495.jpg,and-thats-a-fact,Templated-Meme
sample_0496.jpg,/path/to/meme-template-id/Social_Media/random_sampled/sample_0496.jpg,nobody-absolutely-no-one,Templated-Meme
sample_0497.jpg,/path/to/meme-template-id/Social_Media/random_sampled/sample_0497.jpg,woman-yelling-at-cat,Templated-Meme
sample_0498.jpg,/path/to/meme-template-id/Social_Media/random_sampled/sample_0498.jpg,Non-Meme,Non-Meme
sample_0499.jpg,/path/to/meme-template-id/Social_Media/random_sampled/sample_0499.jpg,Template-Free,Template-Free
sample_0500.jpg,/path/to/meme-template-id/Social_Media/random_sampled/sample_0500.jpg,Template-Free,Template-Free
sample_0501.jpg,/path/to/meme-template-id/Social_Media/random_sampled/sample_0501.jpg,master_oogway,Templated-Meme
sample_0502.jpg,/path/to/meme-template-id/Social_Media/random_sampled/sample_0502.jpg,blinking-guy,Templated-Meme
sample_0503.jpg,/path/to/meme-template-id/Social_Media/random_sampled/sample_0503.jpg,Template-Free,Template-Free
sample_0504.jpg,/path/to/meme-template-id/Social_Media/random_sampled/sample_0504.jpg,Template-Free,Template-Free
sample_0505.jpg,/path/to/meme-template-id/Social_Media/random_sampled/sample_0505.jpg,wake-up-babe,Templated-Meme
sample_0506.jpg,/path/to/meme-template-id/Social_Media/random_sampled/sample_0506.jpg,Non-Meme,Non-Meme
sample_0507.jpg,/path/to/meme-template-id/Social_Media/random_sampled/sample_0507.jpg,computer-guy-facepalm,Templated-Meme
sample_0508.jpg,/path/to/meme-template-id/Social_Media/random_sampled/sample_0508.jpg,blank_white_template,Templated-Meme
sample_0509.jpg,/path/to/meme-template-id/Social_Media/random_sampled/sample_0509.jpg,Non-Meme,Non-Meme
sample_0510.jpg,/path/to/meme-template-id/Social_Media/random_sampled/sample_0510.jpg,Non-Meme,Non-Meme
sample_0511.jpg,/path/to/meme-template-id/Social_Media/random_sampled/sample_0511.jpg,Template-Free,Template-Free
sample_0512.jpg,/path/to/meme-template-id/Social_Media/random_sampled/sample_0512.jpg,car-salesman-slaps-hood,Templated-Meme
sample_0513.jpg,/path/to/meme-template-id/Social_Media/random_sampled/sample_0513.jpg,nobody-is-born-cool,Templated-Meme
sample_0514.jpg,/path/to/meme-template-id/Social_Media/random_sampled/sample_0514.jpg,Template-Free,Template-Free
sample_0515.jpg,/path/to/meme-template-id/Social_Media/random_sampled/sample_0515.jpg,m06_change_my_mind,Templated-Meme
sample_0516.jpg,/path/to/meme-template-id/Social_Media/random_sampled/sample_0516.jpg,Template-Free,Template-Free
sample_0517.jpg,/path/to/meme-template-id/Social_Media/random_sampled/sample_0517.jpg,Template-Free,Template-Free
sample_0518.jpg,/path/to/meme-template-id/Social_Media/random_sampled/sample_0518.jpg,Non-Meme,Non-Meme
sample_0519.jpg,/path/to/meme-template-id/Social_Media/random_sampled/sample_0519.jpg,Template-Free,Template-Free
sample_0520.jpg,/path/to/meme-template-id/Social_Media/random_sampled/sample_0520.jpg,Template-Free,Template-Free
sample_0521.jpg,/path/to/meme-template-id/Social_Media/random_sampled/sample_0521.jpg,Template-Free,Template-Free
sample_0522.jpg,/path/to/meme-template-id/Social_Media/random_sampled/sample_0522.jpg,lisa-simpsons-presentation,Templated-Meme
sample_0523.jpg,/path/to/meme-template-id/Social_Media/random_sampled/sample_0523.jpg,jessica-jones-death-stare,Templated-Meme
sample_0524.jpg,/path/to/meme-template-id/Social_Media/random_sampled/sample_0524.jpg,Template-Free,Template-Free
sample_0525.jpg,/path/to/meme-template-id/Social_Media/random_sampled/sample_0525.jpg,marked-safe-from,Templated-Meme
sample_0526.jpg,/path/to/meme-template-id/Social_Media/random_sampled/sample_0526.jpg,Template-Free,Template-Free
sample_0527.jpg,/path/to/meme-template-id/Social_Media/random_sampled/sample_0527.jpg,Template-Free,Template-Free
sample_0528.jpg,/path/to/meme-template-id/Social_Media/random_sampled/sample_0528.jpg,Template-Free,Template-Free
sample_0529.jpg,/path/to/meme-template-id/Social_Media/random_sampled/sample_0529.jpg,Template-Free,Template-Free
sample_0530.jpg,/path/to/meme-template-id/Social_Media/random_sampled/sample_0530.jpg,Non-Meme,Non-Meme
sample_0531.jpg,/path/to/meme-template-id/Social_Media/random_sampled/sample_0531.jpg,Template-Free,Template-Free
sample_0532.jpg,/path/to/meme-template-id/Social_Media/random_sampled/sample_0532.jpg,Template-Free,Template-Free
sample_0533.jpg,/path/to/meme-template-id/Social_Media/random_sampled/sample_0533.jpg,creepy-condescending-wonka,Templated-Meme
sample_0534.jpg,/path/to/meme-template-id/Social_Media/random_sampled/sample_0534.jpg,well-yes-but-actually-no,Templated-Meme
sample_0535.jpg,/path/to/meme-template-id/Social_Media/random_sampled/sample_0535.jpg,Non-Meme,Non-Meme
sample_0536.jpg,/path/to/meme-template-id/Social_Media/random_sampled/sample_0536.jpg,Template-Free,Template-Free
sample_0537.jpg,/path/to/meme-template-id/Social_Media/random_sampled/sample_0537.jpg,drake_hotline_bling_normal,Templated-Meme
sample_0538.jpg,/path/to/meme-template-id/Social_Media/random_sampled/sample_0538.jpg,Template-Free,Template-Free
sample_0539.jpg,/path/to/meme-template-id/Social_Media/random_sampled/sample_0539.jpg,Non-Meme,Non-Meme
sample_0540.jpg,/path/to/meme-template-id/Social_Media/random_sampled/sample_0540.jpg,Template-Free,Template-Free
sample_0541.jpg,/path/to/meme-template-id/Social_Media/random_sampled/sample_0541.jpg,Template-Free,Template-Free
sample_0542.jpg,/path/to/meme-template-id/Social_Media/random_sampled/sample_0542.jpg,Template-Free,Template-Free
sample_0543.jpg,/path/to/meme-template-id/Social_Media/random_sampled/sample_0543.jpg,Template-Free,Template-Free
sample_0544.jpg,/path/to/meme-template-id/Social_Media/random_sampled/sample_0544.jpg,did-you-mean,Templated-Meme
sample_0545.jpg,/path/to/meme-template-id/Social_Media/random_sampled/sample_0545.jpg,Template-Free,Template-Free
sample_0546.jpg,/path/to/meme-template-id/Social_Media/random_sampled/sample_0546.jpg,elon-musk-blank-tweet,Templated-Meme
sample_0547.jpg,/path/to/meme-template-id/Social_Media/random_sampled/sample_0547.jpg,Template-Free,Template-Free
sample_0548.jpg,/path/to/meme-template-id/Social_Media/random_sampled/sample_0548.jpg,Template-Free,Template-Free
sample_0549.jpg,/path/to/meme-template-id/Social_Media/random_sampled/sample_0549.jpg,afraid-to-ask-andy,Templated-Meme
sample_0550.jpg,/path/to/meme-template-id/Social_Media/random_sampled/sample_0550.jpg,Template-Free,Template-Free
sample_0551.jpg,/path/to/meme-template-id/Social_Media/random_sampled/sample_0551.jpg,Template-Free,Template-Free
sample_0552.jpg,/path/to/meme-template-id/Social_Media/random_sampled/sample_0552.jpg,Non-Meme,Non-Meme
sample_0553.jpg,/path/to/meme-template-id/Social_Media/random_sampled/sample_0553.jpg,unsettled-tom,Templated-Meme
sample_0554.jpg,/path/to/meme-template-id/Social_Media/random_sampled/sample_0554.jpg,Template-Free,Template-Free
sample_0555.jpg,/path/to/meme-template-id/Social_Media/random_sampled/sample_0555.jpg,squidward-chair,Templated-Meme
sample_0556.jpg,/path/to/meme-template-id/Social_Media/random_sampled/sample_0556.jpg,blinking-guy,Templated-Meme
sample_0557.jpg,/path/to/meme-template-id/Social_Media/random_sampled/sample_0557.jpg,Template-Free,Template-Free
sample_0558.jpg,/path/to/meme-template-id/Social_Media/random_sampled/sample_0558.jpg,Template-Free,Template-Free
sample_0559.jpg,/path/to/meme-template-id/Social_Media/random_sampled/sample_0559.jpg,mother-of-god,Templated-Meme
sample_0560.jpg,/path/to/meme-template-id/Social_Media/random_sampled/sample_0560.jpg,jackie-chan-wtf,Templated-Meme
sample_0561.jpg,/path/to/meme-template-id/Social_Media/random_sampled/sample_0561.jpg,frustrated-boromir,Templated-Meme
sample_0562.jpg,/path/to/meme-template-id/Social_Media/random_sampled/sample_0562.jpg,Template-Free,Template-Free
sample_0563.jpg,/path/to/meme-template-id/Social_Media/random_sampled/sample_0563.jpg,Template-Free,Template-Free
sample_0564.jpg,/path/to/meme-template-id/Social_Media/random_sampled/sample_0564.jpg,michael-jackson-eating-popcorn,Templated-Meme
sample_0565.jpg,/path/to/meme-template-id/Social_Media/random_sampled/sample_0565.jpg,Non-Meme,Non-Meme
sample_0566.jpg,/path/to/meme-template-id/Social_Media/random_sampled/sample_0566.jpg,i-wish-all-x-a-very-y,Templated-Meme
sample_0567.jpg,/path/to/meme-template-id/Social_Media/random_sampled/sample_0567.jpg,Template-Free,Template-Free
sample_0568.jpg,/path/to/meme-template-id/Social_Media/random_sampled/sample_0568.jpg,good-fellas-hilarious,Templated-Meme
sample_0569.jpg,/path/to/meme-template-id/Social_Media/random_sampled/sample_0569.jpg,Template-Free,Template-Free
sample_0570.jpg,/path/to/meme-template-id/Social_Media/random_sampled/sample_0570.jpg,Template-Free,Template-Free
sample_0571.jpg,/path/to/meme-template-id/Social_Media/random_sampled/sample_0571.jpg,Non-Meme,Non-Meme
sample_0572.jpg,/path/to/meme-template-id/Social_Media/random_sampled/sample_0572.jpg,Template-Free,Template-Free
sample_0573.jpg,/path/to/meme-template-id/Social_Media/random_sampled/sample_0573.jpg,Template-Free,Template-Free
sample_0574.jpg,/path/to/meme-template-id/Social_Media/random_sampled/sample_0574.jpg,Template-Free,Template-Free
sample_0575.jpg,/path/to/meme-template-id/Social_Media/random_sampled/sample_0575.jpg,Template-Free,Template-Free
sample_0576.jpg,/path/to/meme-template-id/Social_Media/random_sampled/sample_0576.jpg,Non-Meme,Non-Meme
sample_0577.jpg,/path/to/meme-template-id/Social_Media/random_sampled/sample_0577.jpg,Template-Free,Template-Free
sample_0578.jpg,/path/to/meme-template-id/Social_Media/random_sampled/sample_0578.jpg,Template-Free,Template-Free
sample_0579.jpg,/path/to/meme-template-id/Social_Media/random_sampled/sample_0579.jpg,Template-Free,Template-Free
sample_0580.jpg,/path/to/meme-template-id/Social_Media/random_sampled/sample_0580.jpg,Template-Free,Template-Free
sample_0581.jpg,/path/to/meme-template-id/Social_Media/random_sampled/sample_0581.jpg,born_died_welcome_back,Templated-Meme
sample_0582.jpg,/path/to/meme-template-id/Social_Media/random_sampled/sample_0582.jpg,Template-Free,Template-Free
sample_0583.jpg,/path/to/meme-template-id/Social_Media/random_sampled/sample_0583.jpg,lisa-simpsons-presentation,Templated-Meme
sample_0584.jpg,/path/to/meme-template-id/Social_Media/random_sampled/sample_0584.jpg,Template-Free,Template-Free
sample_0585.jpg,/path/to/meme-template-id/Social_Media/random_sampled/sample_0585.jpg,Template-Free,Template-Free
sample_0586.jpg,/path/to/meme-template-id/Social_Media/random_sampled/sample_0586.jpg,did-you-mean,Templated-Meme
sample_0587.jpg,/path/to/meme-template-id/Social_Media/random_sampled/sample_0587.jpg,Template-Free,Template-Free
sample_0588.jpg,/path/to/meme-template-id/Social_Media/random_sampled/sample_0588.jpg,Template-Free,Template-Free
sample_0589.jpg,/path/to/meme-template-id/Social_Media/random_sampled/sample_0589.jpg,Template-Free,Template-Free
sample_0590.jpg,/path/to/meme-template-id/Social_Media/random_sampled/sample_0590.jpg,Template-Free,Template-Free
sample_0591.jpg,/path/to/meme-template-id/Social_Media/random_sampled/sample_0591.jpg,Template-Free,Template-Free
sample_0592.jpg,/path/to/meme-template-id/Social_Media/random_sampled/sample_0592.jpg,Non-Meme,Non-Meme
sample_0593.jpg,/path/to/meme-template-id/Social_Media/random_sampled/sample_0593.jpg,Non-Meme,Non-Meme
sample_0594.jpg,/path/to/meme-template-id/Social_Media/random_sampled/sample_0594.jpg,mozart_not_sure,Templated-Meme
sample_0595.jpg,/path/to/meme-template-id/Social_Media/random_sampled/sample_0595.jpg,Template-Free,Template-Free
sample_0596.jpg,/path/to/meme-template-id/Social_Media/random_sampled/sample_0596.jpg,listen-here-you-little-shit-bird,Templated-Meme
sample_0597.jpg,/path/to/meme-template-id/Social_Media/random_sampled/sample_0597.jpg,Template-Free,Template-Free
sample_0598.jpg,/path/to/meme-template-id/Social_Media/random_sampled/sample_0598.jpg,Template-Free,Template-Free
sample_0599.jpg,/path/to/meme-template-id/Social_Media/random_sampled/sample_0599.jpg,Template-Free,Template-Free
sample_0600.jpg,/path/to/meme-template-id/Social_Media/random_sampled/sample_0600.jpg,Non-Meme,Non-Meme
sample_0601.jpg,/path/to/meme-template-id/Social_Media/random_sampled/sample_0601.jpg,cast-it-into-the-fire,Templated-Meme
sample_0602.jpg,/path/to/meme-template-id/Social_Media/random_sampled/sample_0602.jpg,Template-Free,Template-Free
sample_0603.jpg,/path/to/meme-template-id/Social_Media/random_sampled/sample_0603.jpg,Template-Free,Template-Free
sample_0604.jpg,/path/to/meme-template-id/Social_Media/random_sampled/sample_0604.jpg,Template-Free,Template-Free
sample_0605.jpg,/path/to/meme-template-id/Social_Media/random_sampled/sample_0605.jpg,comparison-table,Templated-Meme
sample_0606.jpg,/path/to/meme-template-id/Social_Media/random_sampled/sample_0606.jpg,Template-Free,Template-Free
sample_0607.jpg,/path/to/meme-template-id/Social_Media/random_sampled/sample_0607.jpg,blank-nut-button,Templated-Meme
sample_0608.jpg,/path/to/meme-template-id/Social_Media/random_sampled/sample_0608.jpg,Template-Free,Template-Free
sample_0609.jpg,/path/to/meme-template-id/Social_Media/random_sampled/sample_0609.jpg,i-have-no-idea-what-i-am-doing-dog,Templated-Meme
sample_0610.jpg,/path/to/meme-template-id/Social_Media/random_sampled/sample_0610.jpg,Template-Free,Template-Free
sample_0611.jpg,/path/to/meme-template-id/Social_Media/random_sampled/sample_0611.jpg,Template-Free,Template-Free
sample_0612.jpg,/path/to/meme-template-id/Social_Media/random_sampled/sample_0612.jpg,Template-Free,Template-Free
sample_0613.jpg,/path/to/meme-template-id/Social_Media/random_sampled/sample_0613.jpg,Template-Free,Template-Free
sample_0614.jpg,/path/to/meme-template-id/Social_Media/random_sampled/sample_0614.jpg,Template-Free,Template-Free
sample_0615.jpg,/path/to/meme-template-id/Social_Media/random_sampled/sample_0615.jpg,eric-andre-let-me-in-meme,Templated-Meme
sample_0616.jpg,/path/to/meme-template-id/Social_Media/random_sampled/sample_0616.jpg,Template-Free,Template-Free
sample_0617.jpg,/path/to/meme-template-id/Social_Media/random_sampled/sample_0617.jpg,Non-Meme,Non-Meme
sample_0618.jpg,/path/to/meme-template-id/Social_Media/random_sampled/sample_0618.jpg,Template-Free,Template-Free
sample_0619.jpg,/path/to/meme-template-id/Social_Media/random_sampled/sample_0619.jpg,donald-trump,Templated-Meme
sample_0620.jpg,/path/to/meme-template-id/Social_Media/random_sampled/sample_0620.jpg,Template-Free,Template-Free
sample_0621.jpg,/path/to/meme-template-id/Social_Media/random_sampled/sample_0621.jpg,did-you-mean,Templated-Meme
sample_0622.jpg,/path/to/meme-template-id/Social_Media/random_sampled/sample_0622.jpg,Non-Meme,Non-Meme
sample_0623.jpg,/path/to/meme-template-id/Social_Media/random_sampled/sample_0623.jpg,Template-Free,Template-Free
sample_0624.jpg,/path/to/meme-template-id/Social_Media/random_sampled/sample_0624.jpg,Template-Free,Template-Free
sample_0625.jpg,/path/to/meme-template-id/Social_Media/random_sampled/sample_0625.jpg,Template-Free,Template-Free
sample_0626.jpg,/path/to/meme-template-id/Social_Media/random_sampled/sample_0626.jpg,Template-Free,Template-Free
sample_0627.jpg,/path/to/meme-template-id/Social_Media/random_sampled/sample_0627.jpg,Template-Free,Template-Free
sample_0628.jpg,/path/to/meme-template-id/Social_Media/random_sampled/sample_0628.jpg,Template-Free,Template-Free
sample_0629.jpg,/path/to/meme-template-id/Social_Media/random_sampled/sample_0629.jpg,Template-Free,Template-Free
sample_0630.jpg,/path/to/meme-template-id/Social_Media/random_sampled/sample_0630.jpg,Template-Free,Template-Free
sample_0631.jpg,/path/to/meme-template-id/Social_Media/random_sampled/sample_0631.jpg,Template-Free,Template-Free
sample_0632.jpg,/path/to/meme-template-id/Social_Media/random_sampled/sample_0632.jpg,Non-Meme,Non-Meme
sample_0633.jpg,/path/to/meme-template-id/Social_Media/random_sampled/sample_0633.jpg,Template-Free,Template-Free
sample_0634.jpg,/path/to/meme-template-id/Social_Media/random_sampled/sample_0634.jpg,Template-Free,Template-Free
sample_0635.jpg,/path/to/meme-template-id/Social_Media/random_sampled/sample_0635.jpg,actual-advice-mallard,Templated-Meme
sample_0636.jpg,/path/to/meme-template-id/Social_Media/random_sampled/sample_0636.jpg,what-if-you-wanted-to-go-to-heaven,Templated-Meme
sample_0637.jpg,/path/to/meme-template-id/Social_Media/random_sampled/sample_0637.jpg,did-you-mean,Templated-Meme
sample_0638.jpg,/path/to/meme-template-id/Social_Media/random_sampled/sample_0638.jpg,keep-calm-and-carry-on-purple,Templated-Meme
sample_0639.jpg,/path/to/meme-template-id/Social_Media/random_sampled/sample_0639.jpg,Template-Free,Template-Free
sample_0640.jpg,/path/to/meme-template-id/Social_Media/random_sampled/sample_0640.jpg,dead-baby-voldemort-what-happened-to-him,Templated-Meme
sample_0641.jpg,/path/to/meme-template-id/Social_Media/random_sampled/sample_0641.jpg,m15_homer_bush,Templated-Meme
sample_0642.jpg,/path/to/meme-template-id/Social_Media/random_sampled/sample_0642.jpg,Template-Free,Template-Free
sample_0643.jpg,/path/to/meme-template-id/Social_Media/random_sampled/sample_0643.jpg,disloyal-boyfriend,Templated-Meme
sample_0644.jpg,/path/to/meme-template-id/Social_Media/random_sampled/sample_0644.jpg,Template-Free,Template-Free
sample_0645.jpg,/path/to/meme-template-id/Social_Media/random_sampled/sample_0645.jpg,disappearing,Templated-Meme
sample_0646.jpg,/path/to/meme-template-id/Social_Media/random_sampled/sample_0646.jpg,Template-Free,Template-Free
sample_0647.jpg,/path/to/meme-template-id/Social_Media/random_sampled/sample_0647.jpg,arthur-fist,Templated-Meme
sample_0648.jpg,/path/to/meme-template-id/Social_Media/random_sampled/sample_0648.jpg,panik-kalm-panik,Templated-Meme
sample_0649.jpg,/path/to/meme-template-id/Social_Media/random_sampled/sample_0649.jpg,panik-kalm-panik,Templated-Meme
sample_0650.jpg,/path/to/meme-template-id/Social_Media/random_sampled/sample_0650.jpg,Template-Free,Template-Free
sample_0651.jpg,/path/to/meme-template-id/Social_Media/random_sampled/sample_0651.jpg,Non-Meme,Non-Meme
sample_0652.jpg,/path/to/meme-template-id/Social_Media/random_sampled/sample_0652.jpg,comic-book-guy,Templated-Meme
sample_0653.jpg,/path/to/meme-template-id/Social_Media/random_sampled/sample_0653.jpg,anime-girl-hiding-from-terminator,Templated-Meme
sample_0654.jpg,/path/to/meme-template-id/Social_Media/random_sampled/sample_0654.jpg,did-you-mean,Templated-Meme
sample_0655.jpg,/path/to/meme-template-id/Social_Media/random_sampled/sample_0655.jpg,Template-Free,Template-Free
sample_0656.jpg,/path/to/meme-template-id/Social_Media/random_sampled/sample_0656.jpg,Template-Free,Template-Free
sample_0657.jpg,/path/to/meme-template-id/Social_Media/random_sampled/sample_0657.jpg,conspiracy-keanu,Templated-Meme
sample_0658.jpg,/path/to/meme-template-id/Social_Media/random_sampled/sample_0658.jpg,Template-Free,Template-Free
sample_0659.jpg,/path/to/meme-template-id/Social_Media/random_sampled/sample_0659.jpg,la-noire-press-x-to-doubt,Templated-Meme
sample_0660.jpg,/path/to/meme-template-id/Social_Media/random_sampled/sample_0660.jpg,Template-Free,Template-Free
sample_0661.jpg,/path/to/meme-template-id/Social_Media/random_sampled/sample_0661.jpg,nobody-absolutely-no-one,Templated-Meme
sample_0662.jpg,/path/to/meme-template-id/Social_Media/random_sampled/sample_0662.jpg,mario-hammer-smash,Templated-Meme
sample_0663.jpg,/path/to/meme-template-id/Social_Media/random_sampled/sample_0663.jpg,Template-Free,Template-Free
sample_0664.jpg,/path/to/meme-template-id/Social_Media/random_sampled/sample_0664.jpg,Non-Meme,Non-Meme
sample_0665.jpg,/path/to/meme-template-id/Social_Media/random_sampled/sample_0665.jpg,Template-Free,Template-Free
sample_0666.jpg,/path/to/meme-template-id/Social_Media/random_sampled/sample_0666.jpg,meg-family-guy-better-than-me,Templated-Meme
sample_0667.jpg,/path/to/meme-template-id/Social_Media/random_sampled/sample_0667.jpg,Template-Free,Template-Free
sample_0668.jpg,/path/to/meme-template-id/Social_Media/random_sampled/sample_0668.jpg,Template-Free,Template-Free
sample_0669.jpg,/path/to/meme-template-id/Social_Media/random_sampled/sample_0669.jpg,Template-Free,Template-Free
sample_0670.jpg,/path/to/meme-template-id/Social_Media/random_sampled/sample_0670.jpg,Template-Free,Template-Free
sample_0671.jpg,/path/to/meme-template-id/Social_Media/random_sampled/sample_0671.jpg,Template-Free,Template-Free
sample_0672.jpg,/path/to/meme-template-id/Social_Media/random_sampled/sample_0672.jpg,heavy-breathing-cat,Templated-Meme
sample_0673.jpg,/path/to/meme-template-id/Social_Media/random_sampled/sample_0673.jpg,Template-Free,Template-Free
sample_0674.jpg,/path/to/meme-template-id/Social_Media/random_sampled/sample_0674.jpg,Template-Free,Template-Free
sample_0675.jpg,/path/to/meme-template-id/Social_Media/random_sampled/sample_0675.jpg,Template-Free,Template-Free
sample_0676.jpg,/path/to/meme-template-id/Social_Media/random_sampled/sample_0676.jpg,Non-Meme,Non-Meme
sample_0677.jpg,/path/to/meme-template-id/Social_Media/random_sampled/sample_0677.jpg,Non-Meme,Non-Meme
sample_0678.jpg,/path/to/meme-template-id/Social_Media/random_sampled/sample_0678.jpg,doge,Templated-Meme
sample_0679.jpg,/path/to/meme-template-id/Social_Media/random_sampled/sample_0679.jpg,Template-Free,Template-Free
sample_0680.jpg,/path/to/meme-template-id/Social_Media/random_sampled/sample_0680.jpg,Template-Free,Template-Free
sample_0681.jpg,/path/to/meme-template-id/Social_Media/random_sampled/sample_0681.jpg,Non-Meme,Non-Meme
sample_0682.jpg,/path/to/meme-template-id/Social_Media/random_sampled/sample_0682.jpg,Non-Meme,Non-Meme
sample_0683.jpg,/path/to/meme-template-id/Social_Media/random_sampled/sample_0683.jpg,Template-Free,Template-Free
sample_0684.jpg,/path/to/meme-template-id/Social_Media/random_sampled/sample_0684.jpg,Template-Free,Template-Free
sample_0685.jpg,/path/to/meme-template-id/Social_Media/random_sampled/sample_0685.jpg,Non-Meme,Non-Meme
sample_0686.jpg,/path/to/meme-template-id/Social_Media/random_sampled/sample_0686.jpg,running-away-balloon,Templated-Meme
sample_0687.jpg,/path/to/meme-template-id/Social_Media/random_sampled/sample_0687.jpg,Template-Free,Template-Free
sample_0688.jpg,/path/to/meme-template-id/Social_Media/random_sampled/sample_0688.jpg,Template-Free,Template-Free
sample_0689.jpg,/path/to/meme-template-id/Social_Media/random_sampled/sample_0689.jpg,Template-Free,Template-Free
sample_0690.jpg,/path/to/meme-template-id/Social_Media/random_sampled/sample_0690.jpg,Template-Free,Template-Free
sample_0691.jpg,/path/to/meme-template-id/Social_Media/random_sampled/sample_0691.jpg,success-kid-original,Templated-Meme
sample_0692.jpg,/path/to/meme-template-id/Social_Media/random_sampled/sample_0692.jpg,Non-Meme,Non-Meme
sample_0693.jpg,/path/to/meme-template-id/Social_Media/random_sampled/sample_0693.jpg,Non-Meme,Non-Meme
sample_0694.jpg,/path/to/meme-template-id/Social_Media/random_sampled/sample_0694.jpg,Template-Free,Template-Free
sample_0695.jpg,/path/to/meme-template-id/Social_Media/random_sampled/sample_0695.jpg,Template-Free,Template-Free
sample_0696.jpg,/path/to/meme-template-id/Social_Media/random_sampled/sample_0696.jpg,Template-Free,Template-Free
sample_0697.jpg,/path/to/meme-template-id/Social_Media/random_sampled/sample_0697.jpg,Non-Meme,Non-Meme
sample_0698.jpg,/path/to/meme-template-id/Social_Media/random_sampled/sample_0698.jpg,pickup_professor,Templated-Meme
sample_0699.jpg,/path/to/meme-template-id/Social_Media/random_sampled/sample_0699.jpg,Template-Free,Template-Free
sample_0700.jpg,/path/to/meme-template-id/Social_Media/random_sampled/sample_0700.jpg,Template-Free,Template-Free
sample_0701.jpg,/path/to/meme-template-id/Social_Media/random_sampled/sample_0701.jpg,Template-Free,Template-Free
sample_0702.jpg,/path/to/meme-template-id/Social_Media/random_sampled/sample_0702.jpg,Template-Free,Template-Free
sample_0703.jpg,/path/to/meme-template-id/Social_Media/random_sampled/sample_0703.jpg,Template-Free,Template-Free
sample_0704.jpg,/path/to/meme-template-id/Social_Media/random_sampled/sample_0704.jpg,Non-Meme,Non-Meme
sample_0705.jpg,/path/to/meme-template-id/Social_Media/random_sampled/sample_0705.jpg,Template-Free,Template-Free
sample_0706.jpg,/path/to/meme-template-id/Social_Media/random_sampled/sample_0706.jpg,Template-Free,Template-Free
sample_0707.jpg,/path/to/meme-template-id/Social_Media/random_sampled/sample_0707.jpg,sweating-bullets,Templated-Meme
sample_0708.jpg,/path/to/meme-template-id/Social_Media/random_sampled/sample_0708.jpg,Template-Free,Template-Free
sample_0709.jpg,/path/to/meme-template-id/Social_Media/random_sampled/sample_0709.jpg,Template-Free,Template-Free
sample_0710.jpg,/path/to/meme-template-id/Social_Media/random_sampled/sample_0710.jpg,did-you-mean,Templated-Meme
sample_0711.jpg,/path/to/meme-template-id/Social_Media/random_sampled/sample_0711.jpg,drake_hotline_bling_normal,Templated-Meme
sample_0712.jpg,/path/to/meme-template-id/Social_Media/random_sampled/sample_0712.jpg,happy-then-sad,Templated-Meme
sample_0713.jpg,/path/to/meme-template-id/Social_Media/random_sampled/sample_0713.jpg,Template-Free,Template-Free
sample_0714.jpg,/path/to/meme-template-id/Social_Media/random_sampled/sample_0714.jpg,Template-Free,Template-Free
sample_0715.jpg,/path/to/meme-template-id/Social_Media/random_sampled/sample_0715.jpg,Template-Free,Template-Free
sample_0716.jpg,/path/to/meme-template-id/Social_Media/random_sampled/sample_0716.jpg,obama-medal,Templated-Meme
sample_0717.jpg,/path/to/meme-template-id/Social_Media/random_sampled/sample_0717.jpg,who-wants-change,Templated-Meme
sample_0718.jpg,/path/to/meme-template-id/Social_Media/random_sampled/sample_0718.jpg,Non-Meme,Non-Meme
sample_0719.jpg,/path/to/meme-template-id/Social_Media/random_sampled/sample_0719.jpg,Template-Free,Template-Free
sample_0720.jpg,/path/to/meme-template-id/Social_Media/random_sampled/sample_0720.jpg,assassination-chain,Templated-Meme
sample_0721.jpg,/path/to/meme-template-id/Social_Media/random_sampled/sample_0721.jpg,you-know-im-something-of-a-myself,Templated-Meme
sample_0722.jpg,/path/to/meme-template-id/Social_Media/random_sampled/sample_0722.jpg,Template-Free,Template-Free
sample_0723.jpg,/path/to/meme-template-id/Social_Media/random_sampled/sample_0723.jpg,Template-Free,Template-Free
sample_0724.jpg,/path/to/meme-template-id/Social_Media/random_sampled/sample_0724.jpg,iceberg,Templated-Meme
sample_0725.jpg,/path/to/meme-template-id/Social_Media/random_sampled/sample_0725.jpg,Template-Free,Template-Free
sample_0726.jpg,/path/to/meme-template-id/Social_Media/random_sampled/sample_0726.jpg,Non-Meme,Non-Meme
sample_0727.jpg,/path/to/meme-template-id/Social_Media/random_sampled/sample_0727.jpg,Template-Free,Template-Free
sample_0728.jpg,/path/to/meme-template-id/Social_Media/random_sampled/sample_0728.jpg,Template-Free,Template-Free
sample_0729.jpg,/path/to/meme-template-id/Social_Media/random_sampled/sample_0729.jpg,Template-Free,Template-Free
sample_0730.jpg,/path/to/meme-template-id/Social_Media/random_sampled/sample_0730.jpg,Non-Meme,Non-Meme
sample_0731.jpg,/path/to/meme-template-id/Social_Media/random_sampled/sample_0731.jpg,vince_mcmahon_5_tier,Templated-Meme
sample_0732.jpg,/path/to/meme-template-id/Social_Media/random_sampled/sample_0732.jpg,virgin-vs-chad,Templated-Meme
sample_0733.jpg,/path/to/meme-template-id/Social_Media/random_sampled/sample_0733.jpg,Template-Free,Template-Free
sample_0734.jpg,/path/to/meme-template-id/Social_Media/random_sampled/sample_0734.jpg,Template-Free,Template-Free
sample_0735.jpg,/path/to/meme-template-id/Social_Media/random_sampled/sample_0735.jpg,Template-Free,Template-Free
sample_0736.jpg,/path/to/meme-template-id/Social_Media/random_sampled/sample_0736.jpg,panik-kalm-panik,Templated-Meme
sample_0737.jpg,/path/to/meme-template-id/Social_Media/random_sampled/sample_0737.jpg,Template-Free,Template-Free
sample_0738.jpg,/path/to/meme-template-id/Social_Media/random_sampled/sample_0738.jpg,spongebob_hype_stand,Templated-Meme
sample_0739.jpg,/path/to/meme-template-id/Social_Media/random_sampled/sample_0739.jpg,keep-calm-and-carry-on-purple,Templated-Meme
sample_0740.jpg,/path/to/meme-template-id/Social_Media/random_sampled/sample_0740.jpg,Template-Free,Template-Free
sample_0741.jpg,/path/to/meme-template-id/Social_Media/random_sampled/sample_0741.jpg,Template-Free,Template-Free
sample_0742.jpg,/path/to/meme-template-id/Social_Media/random_sampled/sample_0742.jpg,Template-Free,Template-Free
sample_0743.jpg,/path/to/meme-template-id/Social_Media/random_sampled/sample_0743.jpg,Template-Free,Template-Free
sample_0744.jpg,/path/to/meme-template-id/Social_Media/random_sampled/sample_0744.jpg,Template-Free,Template-Free
sample_0745.jpg,/path/to/meme-template-id/Social_Media/random_sampled/sample_0745.jpg,Non-Meme,Non-Meme
sample_0746.jpg,/path/to/meme-template-id/Social_Media/random_sampled/sample_0746.jpg,Template-Free,Template-Free
sample_0747.jpg,/path/to/meme-template-id/Social_Media/random_sampled/sample_0747.jpg,young-cardi-b,Templated-Meme
sample_0748.jpg,/path/to/meme-template-id/Social_Media/random_sampled/sample_0748.jpg,Template-Free,Template-Free
sample_0749.jpg,/path/to/meme-template-id/Social_Media/random_sampled/sample_0749.jpg,Template-Free,Template-Free
sample_0750.jpg,/path/to/meme-template-id/Social_Media/random_sampled/sample_0750.jpg,Template-Free,Template-Free
sample_0751.jpg,/path/to/meme-template-id/Social_Media/random_sampled/sample_0751.jpg,nobody-absolutely-no-one,Templated-Meme
sample_0752.jpg,/path/to/meme-template-id/Social_Media/random_sampled/sample_0752.jpg,Template-Free,Template-Free
sample_0753.jpg,/path/to/meme-template-id/Social_Media/random_sampled/sample_0753.jpg,Template-Free,Template-Free
sample_0754.jpg,/path/to/meme-template-id/Social_Media/random_sampled/sample_0754.jpg,a-ustedes-les-pagan,Templated-Meme
sample_0755.jpg,/path/to/meme-template-id/Social_Media/random_sampled/sample_0755.jpg,Template-Free,Template-Free
sample_0756.jpg,/path/to/meme-template-id/Social_Media/random_sampled/sample_0756.jpg,Non-Meme,Non-Meme
sample_0757.jpg,/path/to/meme-template-id/Social_Media/random_sampled/sample_0757.jpg,Template-Free,Template-Free
sample_0758.jpg,/path/to/meme-template-id/Social_Media/random_sampled/sample_0758.jpg,Template-Free,Template-Free
sample_0759.jpg,/path/to/meme-template-id/Social_Media/random_sampled/sample_0759.jpg,Template-Free,Template-Free
sample_0760.jpg,/path/to/meme-template-id/Social_Media/random_sampled/sample_0760.jpg,Template-Free,Template-Free
sample_0761.jpg,/path/to/meme-template-id/Social_Media/random_sampled/sample_0761.jpg,tuxedo-winnie-the-pooh,Templated-Meme
sample_0762.jpg,/path/to/meme-template-id/Social_Media/random_sampled/sample_0762.jpg,blinking-guy,Templated-Meme
sample_0763.jpg,/path/to/meme-template-id/Social_Media/random_sampled/sample_0763.jpg,black-woman-squinting,Templated-Meme
sample_0764.jpg,/path/to/meme-template-id/Social_Media/random_sampled/sample_0764.jpg,rpg-fan,Templated-Meme
sample_0765.jpg,/path/to/meme-template-id/Social_Media/random_sampled/sample_0765.jpg,Non-Meme,Non-Meme
sample_0766.jpg,/path/to/meme-template-id/Social_Media/random_sampled/sample_0766.jpg,Template-Free,Template-Free
sample_0767.jpg,/path/to/meme-template-id/Social_Media/random_sampled/sample_0767.jpg,Non-Meme,Non-Meme
sample_0768.jpg,/path/to/meme-template-id/Social_Media/random_sampled/sample_0768.jpg,skeletor-disturbing-facts,Templated-Meme
sample_0769.jpg,/path/to/meme-template-id/Social_Media/random_sampled/sample_0769.jpg,Template-Free,Template-Free
sample_0770.jpg,/path/to/meme-template-id/Social_Media/random_sampled/sample_0770.jpg,Template-Free,Template-Free
sample_0771.jpg,/path/to/meme-template-id/Social_Media/random_sampled/sample_0771.jpg,Template-Free,Template-Free
sample_0772.jpg,/path/to/meme-template-id/Social_Media/random_sampled/sample_0772.jpg,ol-reliable,Templated-Meme
sample_0773.jpg,/path/to/meme-template-id/Social_Media/random_sampled/sample_0773.jpg,Template-Free,Template-Free
sample_0774.jpg,/path/to/meme-template-id/Social_Media/random_sampled/sample_0774.jpg,Template-Free,Template-Free
sample_0775.jpg,/path/to/meme-template-id/Social_Media/random_sampled/sample_0775.jpg,Non-Meme,Non-Meme
sample_0776.jpg,/path/to/meme-template-id/Social_Media/random_sampled/sample_0776.jpg,damn-got-hands,Templated-Meme
sample_0777.jpg,/path/to/meme-template-id/Social_Media/random_sampled/sample_0777.jpg,Template-Free,Template-Free
sample_0778.jpg,/path/to/meme-template-id/Social_Media/random_sampled/sample_0778.jpg,Template-Free,Template-Free
sample_0779.jpg,/path/to/meme-template-id/Social_Media/random_sampled/sample_0779.jpg,Template-Free,Template-Free
sample_0780.jpg,/path/to/meme-template-id/Social_Media/random_sampled/sample_0780.jpg,Template-Free,Template-Free
sample_0781.jpg,/path/to/meme-template-id/Social_Media/random_sampled/sample_0781.jpg,Template-Free,Template-Free
sample_0782.jpg,/path/to/meme-template-id/Social_Media/random_sampled/sample_0782.jpg,drake_hotline_bling_normal,Templated-Meme
sample_0783.jpg,/path/to/meme-template-id/Social_Media/random_sampled/sample_0783.jpg,Non-Meme,Non-Meme
sample_0784.jpg,/path/to/meme-template-id/Social_Media/random_sampled/sample_0784.jpg,Non-Meme,Non-Meme
sample_0785.jpg,/path/to/meme-template-id/Social_Media/random_sampled/sample_0785.jpg,guess-ill-die,Templated-Meme
sample_0786.jpg,/path/to/meme-template-id/Social_Media/random_sampled/sample_0786.jpg,Template-Free,Template-Free
sample_0787.jpg,/path/to/meme-template-id/Social_Media/random_sampled/sample_0787.jpg,Template-Free,Template-Free
sample_0788.jpg,/path/to/meme-template-id/Social_Media/random_sampled/sample_0788.jpg,angry_turkish_man_playing_cards_meme,Templated-Meme
sample_0789.jpg,/path/to/meme-template-id/Social_Media/random_sampled/sample_0789.jpg,stonks,Templated-Meme
sample_0790.jpg,/path/to/meme-template-id/Social_Media/random_sampled/sample_0790.jpg,Template-Free,Template-Free
sample_0791.jpg,/path/to/meme-template-id/Social_Media/random_sampled/sample_0791.jpg,Template-Free,Template-Free
sample_0792.jpg,/path/to/meme-template-id/Social_Media/random_sampled/sample_0792.jpg,expanding-brain,Templated-Meme
sample_0793.jpg,/path/to/meme-template-id/Social_Media/random_sampled/sample_0793.jpg,Template-Free,Template-Free
sample_0794.jpg,/path/to/meme-template-id/Social_Media/random_sampled/sample_0794.jpg,gordon-ramsay-kids-vs-adults,Templated-Meme
sample_0795.jpg,/path/to/meme-template-id/Social_Media/random_sampled/sample_0795.jpg,Template-Free,Template-Free
sample_0796.jpg,/path/to/meme-template-id/Social_Media/random_sampled/sample_0796.jpg,la-noire-press-x-to-doubt,Templated-Meme
sample_0797.jpg,/path/to/meme-template-id/Social_Media/random_sampled/sample_0797.jpg,did-you-mean,Templated-Meme
sample_0798.jpg,/path/to/meme-template-id/Social_Media/random_sampled/sample_0798.jpg,srgrafo-dude-wtf,Templated-Meme
sample_0799.jpg,/path/to/meme-template-id/Social_Media/random_sampled/sample_0799.jpg,Template-Free,Template-Free
sample_0800.jpg,/path/to/meme-template-id/Social_Media/random_sampled/sample_0800.jpg,Template-Free,Template-Free
sample_0801.jpg,/path/to/meme-template-id/Social_Media/random_sampled/sample_0801.jpg,zuckerberg,Templated-Meme
sample_0802.jpg,/path/to/meme-template-id/Social_Media/random_sampled/sample_0802.jpg,Template-Free,Template-Free
sample_0803.jpg,/path/to/meme-template-id/Social_Media/random_sampled/sample_0803.jpg,Template-Free,Template-Free
sample_0804.jpg,/path/to/meme-template-id/Social_Media/random_sampled/sample_0804.jpg,Template-Free,Template-Free
sample_0805.jpg,/path/to/meme-template-id/Social_Media/random_sampled/sample_0805.jpg,Non-Meme,Non-Meme
sample_0806.jpg,/path/to/meme-template-id/Social_Media/random_sampled/sample_0806.jpg,Template-Free,Template-Free
sample_0807.jpg,/path/to/meme-template-id/Social_Media/random_sampled/sample_0807.jpg,Template-Free,Template-Free
sample_0808.jpg,/path/to/meme-template-id/Social_Media/random_sampled/sample_0808.jpg,Template-Free,Template-Free
sample_0809.jpg,/path/to/meme-template-id/Social_Media/random_sampled/sample_0809.jpg,Template-Free,Template-Free
sample_0810.jpg,/path/to/meme-template-id/Social_Media/random_sampled/sample_0810.jpg,Non-Meme,Non-Meme
sample_0811.jpg,/path/to/meme-template-id/Social_Media/random_sampled/sample_0811.jpg,did-you-mean,Templated-Meme
sample_0812.jpg,/path/to/meme-template-id/Social_Media/random_sampled/sample_0812.jpg,nobody-absolutely-no-one,Templated-Meme
sample_0813.jpg,/path/to/meme-template-id/Social_Media/random_sampled/sample_0813.jpg,genie_rules_meme,Templated-Meme
sample_0814.jpg,/path/to/meme-template-id/Social_Media/random_sampled/sample_0814.jpg,why-is-my-sisters-name-rose,Templated-Meme
sample_0815.jpg,/path/to/meme-template-id/Social_Media/random_sampled/sample_0815.jpg,Template-Free,Template-Free
sample_0816.jpg,/path/to/meme-template-id/Social_Media/random_sampled/sample_0816.jpg,the-office-handshake,Templated-Meme
sample_0817.jpg,/path/to/meme-template-id/Social_Media/random_sampled/sample_0817.jpg,Template-Free,Template-Free
sample_0818.jpg,/path/to/meme-template-id/Social_Media/random_sampled/sample_0818.jpg,Template-Free,Template-Free
sample_0819.jpg,/path/to/meme-template-id/Social_Media/random_sampled/sample_0819.jpg,Template-Free,Template-Free
sample_0820.jpg,/path/to/meme-template-id/Social_Media/random_sampled/sample_0820.jpg,Template-Free,Template-Free
sample_0821.jpg,/path/to/meme-template-id/Social_Media/random_sampled/sample_0821.jpg,Template-Free,Template-Free
sample_0822.jpg,/path/to/meme-template-id/Social_Media/random_sampled/sample_0822.jpg,did-you-mean,Templated-Meme
sample_0823.jpg,/path/to/meme-template-id/Social_Media/random_sampled/sample_0823.jpg,marked-safe-from,Templated-Meme
sample_0824.jpg,/path/to/meme-template-id/Social_Media/random_sampled/sample_0824.jpg,lisa-simpsons-presentation,Templated-Meme
sample_0825.jpg,/path/to/meme-template-id/Social_Media/random_sampled/sample_0825.jpg,Template-Free,Template-Free
sample_0826.jpg,/path/to/meme-template-id/Social_Media/random_sampled/sample_0826.jpg,did-you-mean,Templated-Meme
sample_0827.jpg,/path/to/meme-template-id/Social_Media/random_sampled/sample_0827.jpg,Template-Free,Template-Free
sample_0828.jpg,/path/to/meme-template-id/Social_Media/random_sampled/sample_0828.jpg,two-buttons,Templated-Meme
sample_0829.jpg,/path/to/meme-template-id/Social_Media/random_sampled/sample_0829.jpg,Template-Free,Template-Free
sample_0830.jpg,/path/to/meme-template-id/Social_Media/random_sampled/sample_0830.jpg,left-exit-12-off-ramp,Templated-Meme
sample_0831.jpg,/path/to/meme-template-id/Social_Media/random_sampled/sample_0831.jpg,Template-Free,Template-Free
sample_0832.jpg,/path/to/meme-template-id/Social_Media/random_sampled/sample_0832.jpg,warning-sign,Templated-Meme
sample_0833.jpg,/path/to/meme-template-id/Social_Media/random_sampled/sample_0833.jpg,s06_grus_plan_four_five_panel,Templated-Meme
sample_0834.jpg,/path/to/meme-template-id/Social_Media/random_sampled/sample_0834.jpg,Template-Free,Template-Free
sample_0835.jpg,/path/to/meme-template-id/Social_Media/random_sampled/sample_0835.jpg,Template-Free,Template-Free
sample_0836.jpg,/path/to/meme-template-id/Social_Media/random_sampled/sample_0836.jpg,Template-Free,Template-Free
sample_0837.jpg,/path/to/meme-template-id/Social_Media/random_sampled/sample_0837.jpg,Template-Free,Template-Free
sample_0838.jpg,/path/to/meme-template-id/Social_Media/random_sampled/sample_0838.jpg,Template-Free,Template-Free
sample_0839.jpg,/path/to/meme-template-id/Social_Media/random_sampled/sample_0839.jpg,Template-Free,Template-Free
sample_0840.jpg,/path/to/meme-template-id/Social_Media/random_sampled/sample_0840.jpg,Template-Free,Template-Free
sample_0841.jpg,/path/to/meme-template-id/Social_Media/random_sampled/sample_0841.jpg,Template-Free,Template-Free
sample_0842.jpg,/path/to/meme-template-id/Social_Media/random_sampled/sample_0842.jpg,black-guy-crying-and-black-guy-laughing,Templated-Meme
sample_0843.jpg,/path/to/meme-template-id/Social_Media/random_sampled/sample_0843.jpg,uno-draw-the-whole-deck,Templated-Meme
sample_0844.jpg,/path/to/meme-template-id/Social_Media/random_sampled/sample_0844.jpg,Template-Free,Template-Free
sample_0845.jpg,/path/to/meme-template-id/Social_Media/random_sampled/sample_0845.jpg,Template-Free,Template-Free
sample_0846.jpg,/path/to/meme-template-id/Social_Media/random_sampled/sample_0846.jpg,Non-Meme,Non-Meme
sample_0847.jpg,/path/to/meme-template-id/Social_Media/random_sampled/sample_0847.jpg,keep-calm-and-carry-on-purple,Templated-Meme
sample_0848.jpg,/path/to/meme-template-id/Social_Media/random_sampled/sample_0848.jpg,Template-Free,Template-Free
sample_0849.jpg,/path/to/meme-template-id/Social_Media/random_sampled/sample_0849.jpg,Template-Free,Template-Free
sample_0850.jpg,/path/to/meme-template-id/Social_Media/random_sampled/sample_0850.jpg,you-wouldnt-get-it,Templated-Meme
sample_0851.jpg,/path/to/meme-template-id/Social_Media/random_sampled/sample_0851.jpg,problems-stress-pain,Templated-Meme
sample_0852.jpg,/path/to/meme-template-id/Social_Media/random_sampled/sample_0852.jpg,Template-Free,Template-Free
sample_0853.jpg,/path/to/meme-template-id/Social_Media/random_sampled/sample_0853.jpg,elmo-cocaine,Templated-Meme
sample_0854.jpg,/path/to/meme-template-id/Social_Media/random_sampled/sample_0854.jpg,Non-Meme,Non-Meme
sample_0855.jpg,/path/to/meme-template-id/Social_Media/random_sampled/sample_0855.jpg,Non-Meme,Non-Meme
sample_0856.jpg,/path/to/meme-template-id/Social_Media/random_sampled/sample_0856.jpg,Template-Free,Template-Free
sample_0857.jpg,/path/to/meme-template-id/Social_Media/random_sampled/sample_0857.jpg,bestbetter-blurst,Templated-Meme
sample_0858.jpg,/path/to/meme-template-id/Social_Media/random_sampled/sample_0858.jpg,men-laughing,Templated-Meme
sample_0859.jpg,/path/to/meme-template-id/Social_Media/random_sampled/sample_0859.jpg,thinking-black-guy,Templated-Meme
sample_0860.jpg,/path/to/meme-template-id/Social_Media/random_sampled/sample_0860.jpg,modern_problems,Templated-Meme
sample_0861.jpg,/path/to/meme-template-id/Social_Media/random_sampled/sample_0861.jpg,shocked-black-guy,Templated-Meme
sample_0862.jpg,/path/to/meme-template-id/Social_Media/random_sampled/sample_0862.jpg,evil-baby,Templated-Meme
sample_0863.jpg,/path/to/meme-template-id/Social_Media/random_sampled/sample_0863.jpg,Template-Free,Template-Free
sample_0864.jpg,/path/to/meme-template-id/Social_Media/random_sampled/sample_0864.jpg,Non-Meme,Non-Meme
sample_0865.jpg,/path/to/meme-template-id/Social_Media/random_sampled/sample_0865.jpg,Non-Meme,Non-Meme
sample_0866.jpg,/path/to/meme-template-id/Social_Media/random_sampled/sample_0866.jpg,Template-Free,Template-Free
sample_0867.jpg,/path/to/meme-template-id/Social_Media/random_sampled/sample_0867.jpg,Non-Meme,Non-Meme
sample_0868.jpg,/path/to/meme-template-id/Social_Media/random_sampled/sample_0868.jpg,did-you-mean,Templated-Meme
sample_0869.jpg,/path/to/meme-template-id/Social_Media/random_sampled/sample_0869.jpg,write_that_down,Templated-Meme
sample_0870.jpg,/path/to/meme-template-id/Social_Media/random_sampled/sample_0870.jpg,tuxedo-winnie-the-pooh-3-panel,Templated-Meme
sample_0871.jpg,/path/to/meme-template-id/Social_Media/random_sampled/sample_0871.jpg,obama_romney_pointing,Templated-Meme
sample_0872.jpg,/path/to/meme-template-id/Social_Media/random_sampled/sample_0872.jpg,Template-Free,Template-Free
sample_0873.jpg,/path/to/meme-template-id/Social_Media/random_sampled/sample_0873.jpg,Template-Free,Template-Free
sample_0874.jpg,/path/to/meme-template-id/Social_Media/random_sampled/sample_0874.jpg,geordi-drake,Templated-Meme
sample_0875.jpg,/path/to/meme-template-id/Social_Media/random_sampled/sample_0875.jpg,Template-Free,Template-Free
sample_0876.jpg,/path/to/meme-template-id/Social_Media/random_sampled/sample_0876.jpg,Template-Free,Template-Free
sample_0877.jpg,/path/to/meme-template-id/Social_Media/random_sampled/sample_0877.jpg,Template-Free,Template-Free
sample_0878.jpg,/path/to/meme-template-id/Social_Media/random_sampled/sample_0878.jpg,Template-Free,Template-Free
sample_0879.jpg,/path/to/meme-template-id/Social_Media/random_sampled/sample_0879.jpg,doge,Templated-Meme
sample_0880.jpg,/path/to/meme-template-id/Social_Media/random_sampled/sample_0880.jpg,Non-Meme,Non-Meme
sample_0881.jpg,/path/to/meme-template-id/Social_Media/random_sampled/sample_0881.jpg,Template-Free,Template-Free
sample_0882.jpg,/path/to/meme-template-id/Social_Media/random_sampled/sample_0882.jpg,Non-Meme,Non-Meme
sample_0883.jpg,/path/to/meme-template-id/Social_Media/random_sampled/sample_0883.jpg,Non-Meme,Non-Meme
sample_0884.jpg,/path/to/meme-template-id/Social_Media/random_sampled/sample_0884.jpg,guess-ill-die,Templated-Meme
sample_0885.jpg,/path/to/meme-template-id/Social_Media/random_sampled/sample_0885.jpg,Template-Free,Template-Free
sample_0886.jpg,/path/to/meme-template-id/Social_Media/random_sampled/sample_0886.jpg,am-i-a-joke-to-you,Templated-Meme
sample_0887.jpg,/path/to/meme-template-id/Social_Media/random_sampled/sample_0887.jpg,Template-Free,Template-Free
sample_0888.jpg,/path/to/meme-template-id/Social_Media/random_sampled/sample_0888.jpg,monkey-looking-away,Templated-Meme
sample_0889.jpg,/path/to/meme-template-id/Social_Media/random_sampled/sample_0889.jpg,Template-Free,Template-Free
sample_0890.jpg,/path/to/meme-template-id/Social_Media/random_sampled/sample_0890.jpg,Template-Free,Template-Free
sample_0891.jpg,/path/to/meme-template-id/Social_Media/random_sampled/sample_0891.jpg,Template-Free,Template-Free
sample_0892.jpg,/path/to/meme-template-id/Social_Media/random_sampled/sample_0892.jpg,so-anyway-i-started-blasting,Templated-Meme
sample_0893.jpg,/path/to/meme-template-id/Social_Media/random_sampled/sample_0893.jpg,Template-Free,Template-Free
sample_0894.jpg,/path/to/meme-template-id/Social_Media/random_sampled/sample_0894.jpg,Non-Meme,Non-Meme
sample_0895.jpg,/path/to/meme-template-id/Social_Media/random_sampled/sample_0895.jpg,Template-Free,Template-Free
sample_0896.jpg,/path/to/meme-template-id/Social_Media/random_sampled/sample_0896.jpg,Template-Free,Template-Free
sample_0897.jpg,/path/to/meme-template-id/Social_Media/random_sampled/sample_0897.jpg,Template-Free,Template-Free
sample_0898.jpg,/path/to/meme-template-id/Social_Media/random_sampled/sample_0898.jpg,Template-Free,Template-Free
sample_0899.jpg,/path/to/meme-template-id/Social_Media/random_sampled/sample_0899.jpg,3rd-place-celebration,Templated-Meme
sample_0900.jpg,/path/to/meme-template-id/Social_Media/random_sampled/sample_0900.jpg,Non-Meme,Non-Meme
sample_0901.jpg,/path/to/meme-template-id/Social_Media/random_sampled/sample_0901.jpg,fuze-elbow-dropping-a-hostage,Templated-Meme
sample_0902.jpg,/path/to/meme-template-id/Social_Media/random_sampled/sample_0902.jpg,spiderman-presentation,Templated-Meme
sample_0903.jpg,/path/to/meme-template-id/Social_Media/random_sampled/sample_0903.jpg,Non-Meme,Non-Meme
sample_0904.jpg,/path/to/meme-template-id/Social_Media/random_sampled/sample_0904.jpg,surprised-pikachu,Templated-Meme
sample_0905.jpg,/path/to/meme-template-id/Social_Media/random_sampled/sample_0905.jpg,Template-Free,Template-Free
sample_0906.jpg,/path/to/meme-template-id/Social_Media/random_sampled/sample_0906.jpg,Template-Free,Template-Free
sample_0907.jpg,/path/to/meme-template-id/Social_Media/random_sampled/sample_0907.jpg,Template-Free,Template-Free
sample_0908.jpg,/path/to/meme-template-id/Social_Media/random_sampled/sample_0908.jpg,laughing-leo,Templated-Meme
sample_0909.jpg,/path/to/meme-template-id/Social_Media/random_sampled/sample_0909.jpg,Template-Free,Template-Free
sample_0910.jpg,/path/to/meme-template-id/Social_Media/random_sampled/sample_0910.jpg,mordecai-punches-rigby-through-a-box,Templated-Meme
sample_0911.jpg,/path/to/meme-template-id/Social_Media/random_sampled/sample_0911.jpg,Template-Free,Template-Free
sample_0912.jpg,/path/to/meme-template-id/Social_Media/random_sampled/sample_0912.jpg,panzer-of-the-lake,Templated-Meme
sample_0913.jpg,/path/to/meme-template-id/Social_Media/random_sampled/sample_0913.jpg,Non-Meme,Non-Meme
sample_0914.jpg,/path/to/meme-template-id/Social_Media/random_sampled/sample_0914.jpg,Template-Free,Template-Free
sample_0915.jpg,/path/to/meme-template-id/Social_Media/random_sampled/sample_0915.jpg,Template-Free,Template-Free
sample_0916.jpg,/path/to/meme-template-id/Social_Media/random_sampled/sample_0916.jpg,Template-Free,Template-Free
sample_0917.jpg,/path/to/meme-template-id/Social_Media/random_sampled/sample_0917.jpg,Template-Free,Template-Free
sample_0918.jpg,/path/to/meme-template-id/Social_Media/random_sampled/sample_0918.jpg,Template-Free,Template-Free
sample_0919.jpg,/path/to/meme-template-id/Social_Media/random_sampled/sample_0919.jpg,Template-Free,Template-Free
sample_0920.jpg,/path/to/meme-template-id/Social_Media/random_sampled/sample_0920.jpg,Template-Free,Template-Free
sample_0921.jpg,/path/to/meme-template-id/Social_Media/random_sampled/sample_0921.jpg,mario-hammer-smash,Templated-Meme
sample_0922.jpg,/path/to/meme-template-id/Social_Media/random_sampled/sample_0922.jpg,straight-outta-x-blank-template,Templated-Meme
sample_0923.jpg,/path/to/meme-template-id/Social_Media/random_sampled/sample_0923.jpg,billy-what-have-you-done,Templated-Meme
sample_0924.jpg,/path/to/meme-template-id/Social_Media/random_sampled/sample_0924.jpg,Template-Free,Template-Free
sample_0925.jpg,/path/to/meme-template-id/Social_Media/random_sampled/sample_0925.jpg,no_i_dont_think_i_will,Templated-Meme
sample_0926.jpg,/path/to/meme-template-id/Social_Media/random_sampled/sample_0926.jpg,Template-Free,Template-Free
sample_0927.jpg,/path/to/meme-template-id/Social_Media/random_sampled/sample_0927.jpg,Template-Free,Template-Free
sample_0928.jpg,/path/to/meme-template-id/Social_Media/random_sampled/sample_0928.jpg,Template-Free,Template-Free
sample_0929.jpg,/path/to/meme-template-id/Social_Media/random_sampled/sample_0929.jpg,Template-Free,Template-Free
sample_0930.jpg,/path/to/meme-template-id/Social_Media/random_sampled/sample_0930.jpg,Non-Meme,Non-Meme
sample_0931.jpg,/path/to/meme-template-id/Social_Media/random_sampled/sample_0931.jpg,woman-yelling-at-cat,Templated-Meme
sample_0932.jpg,/path/to/meme-template-id/Social_Media/random_sampled/sample_0932.jpg,i-dont-want-to-play-with-you-anymore,Templated-Meme
sample_0933.jpg,/path/to/meme-template-id/Social_Media/random_sampled/sample_0933.jpg,Template-Free,Template-Free
sample_0934.jpg,/path/to/meme-template-id/Social_Media/random_sampled/sample_0934.jpg,my-time-has-come,Templated-Meme
sample_0935.jpg,/path/to/meme-template-id/Social_Media/random_sampled/sample_0935.jpg,jackie-chan-wtf,Templated-Meme
sample_0936.jpg,/path/to/meme-template-id/Social_Media/random_sampled/sample_0936.jpg,Non-Meme,Non-Meme
sample_0937.jpg,/path/to/meme-template-id/Social_Media/random_sampled/sample_0937.jpg,Non-Meme,Non-Meme
sample_0938.jpg,/path/to/meme-template-id/Social_Media/random_sampled/sample_0938.jpg,why-is-my-sisters-name-rose,Templated-Meme
sample_0939.jpg,/path/to/meme-template-id/Social_Media/random_sampled/sample_0939.jpg,nobody-absolutely-no-one,Templated-Meme
sample_0940.jpg,/path/to/meme-template-id/Social_Media/random_sampled/sample_0940.jpg,Non-Meme,Non-Meme
sample_0941.jpg,/path/to/meme-template-id/Social_Media/random_sampled/sample_0941.jpg,sheltering-suburban-mom,Templated-Meme
sample_0942.jpg,/path/to/meme-template-id/Social_Media/random_sampled/sample_0942.jpg,Template-Free,Template-Free
sample_0943.jpg,/path/to/meme-template-id/Social_Media/random_sampled/sample_0943.jpg,Template-Free,Template-Free
sample_0944.jpg,/path/to/meme-template-id/Social_Media/random_sampled/sample_0944.jpg,Template-Free,Template-Free
sample_0945.jpg,/path/to/meme-template-id/Social_Media/random_sampled/sample_0945.jpg,Template-Free,Template-Free
sample_0946.jpg,/path/to/meme-template-id/Social_Media/random_sampled/sample_0946.jpg,Template-Free,Template-Free
sample_0947.jpg,/path/to/meme-template-id/Social_Media/random_sampled/sample_0947.jpg,Template-Free,Template-Free
sample_0948.jpg,/path/to/meme-template-id/Social_Media/random_sampled/sample_0948.jpg,did-you-mean,Templated-Meme
sample_0949.jpg,/path/to/meme-template-id/Social_Media/random_sampled/sample_0949.jpg,Template-Free,Template-Free
sample_0950.jpg,/path/to/meme-template-id/Social_Media/random_sampled/sample_0950.jpg,Non-Meme,Non-Meme
sample_0951.jpg,/path/to/meme-template-id/Social_Media/random_sampled/sample_0951.jpg,Template-Free,Template-Free
sample_0952.jpg,/path/to/meme-template-id/Social_Media/random_sampled/sample_0952.jpg,Template-Free,Template-Free
sample_0953.jpg,/path/to/meme-template-id/Social_Media/random_sampled/sample_0953.jpg,startrek,Templated-Meme
sample_0954.jpg,/path/to/meme-template-id/Social_Media/random_sampled/sample_0954.jpg,Non-Meme,Non-Meme
sample_0955.jpg,/path/to/meme-template-id/Social_Media/random_sampled/sample_0955.jpg,Non-Meme,Non-Meme
sample_0956.jpg,/path/to/meme-template-id/Social_Media/random_sampled/sample_0956.jpg,crying_kid_with_gun,Templated-Meme
sample_0957.jpg,/path/to/meme-template-id/Social_Media/random_sampled/sample_0957.jpg,what-do-we-want,Templated-Meme
sample_0958.jpg,/path/to/meme-template-id/Social_Media/random_sampled/sample_0958.jpg,Template-Free,Template-Free
sample_0959.jpg,/path/to/meme-template-id/Social_Media/random_sampled/sample_0959.jpg,Template-Free,Template-Free
sample_0960.jpg,/path/to/meme-template-id/Social_Media/random_sampled/sample_0960.jpg,Template-Free,Template-Free
sample_0961.jpg,/path/to/meme-template-id/Social_Media/random_sampled/sample_0961.jpg,marked-safe-from,Templated-Meme
sample_0962.jpg,/path/to/meme-template-id/Social_Media/random_sampled/sample_0962.jpg,lisa-simpsons-presentation,Templated-Meme
sample_0963.jpg,/path/to/meme-template-id/Social_Media/random_sampled/sample_0963.jpg,Non-Meme,Non-Meme
sample_0964.jpg,/path/to/meme-template-id/Social_Media/random_sampled/sample_0964.jpg,monkey-looking-away,Templated-Meme
sample_0965.jpg,/path/to/meme-template-id/Social_Media/random_sampled/sample_0965.jpg,Template-Free,Template-Free
sample_0966.jpg,/path/to/meme-template-id/Social_Media/random_sampled/sample_0966.jpg,Non-Meme,Non-Meme
sample_0967.jpg,/path/to/meme-template-id/Social_Media/random_sampled/sample_0967.jpg,moe-throws-barney,Templated-Meme
sample_0968.jpg,/path/to/meme-template-id/Social_Media/random_sampled/sample_0968.jpg,Non-Meme,Non-Meme
sample_0969.jpg,/path/to/meme-template-id/Social_Media/random_sampled/sample_0969.jpg,Template-Free,Template-Free
sample_0970.jpg,/path/to/meme-template-id/Social_Media/random_sampled/sample_0970.jpg,you-wouldnt-get-it,Templated-Meme
sample_0971.jpg,/path/to/meme-template-id/Social_Media/random_sampled/sample_0971.jpg,drake_hotline_bling_normal,Templated-Meme
sample_0972.jpg,/path/to/meme-template-id/Social_Media/random_sampled/sample_0972.jpg,Non-Meme,Non-Meme
sample_0973.jpg,/path/to/meme-template-id/Social_Media/random_sampled/sample_0973.jpg,Template-Free,Template-Free
sample_0974.jpg,/path/to/meme-template-id/Social_Media/random_sampled/sample_0974.jpg,did-you-mean,Templated-Meme
sample_0975.jpg,/path/to/meme-template-id/Social_Media/random_sampled/sample_0975.jpg,did-you-mean,Templated-Meme
sample_0976.jpg,/path/to/meme-template-id/Social_Media/random_sampled/sample_0976.jpg,Template-Free,Template-Free
sample_0977.jpg,/path/to/meme-template-id/Social_Media/random_sampled/sample_0977.jpg,Template-Free,Template-Free
sample_0978.jpg,/path/to/meme-template-id/Social_Media/random_sampled/sample_0978.jpg,did-you-mean,Templated-Meme
sample_0979.jpg,/path/to/meme-template-id/Social_Media/random_sampled/sample_0979.jpg,Template-Free,Template-Free
sample_0980.jpg,/path/to/meme-template-id/Social_Media/random_sampled/sample_0980.jpg,Template-Free,Template-Free
sample_0981.jpg,/path/to/meme-template-id/Social_Media/random_sampled/sample_0981.jpg,did-you-mean,Templated-Meme
sample_0982.jpg,/path/to/meme-template-id/Social_Media/random_sampled/sample_0982.jpg,crying-peter-parker,Templated-Meme
sample_0983.jpg,/path/to/meme-template-id/Social_Media/random_sampled/sample_0983.jpg,Template-Free,Template-Free
sample_0984.jpg,/path/to/meme-template-id/Social_Media/random_sampled/sample_0984.jpg,Template-Free,Template-Free
sample_0985.jpg,/path/to/meme-template-id/Social_Media/random_sampled/sample_0985.jpg,Non-Meme,Non-Meme
sample_0986.jpg,/path/to/meme-template-id/Social_Media/random_sampled/sample_0986.jpg,ah-shit-here-we-go-again,Templated-Meme
sample_0987.jpg,/path/to/meme-template-id/Social_Media/random_sampled/sample_0987.jpg,Template-Free,Template-Free
sample_0988.jpg,/path/to/meme-template-id/Social_Media/random_sampled/sample_0988.jpg,Template-Free,Template-Free
sample_0989.jpg,/path/to/meme-template-id/Social_Media/random_sampled/sample_0989.jpg,Template-Free,Template-Free
sample_0990.jpg,/path/to/meme-template-id/Social_Media/random_sampled/sample_0990.jpg,Non-Meme,Non-Meme
sample_0991.jpg,/path/to/meme-template-id/Social_Media/random_sampled/sample_0991.jpg,Template-Free,Template-Free
sample_0992.jpg,/path/to/meme-template-id/Social_Media/random_sampled/sample_0992.jpg,Template-Free,Template-Free
sample_0993.jpg,/path/to/meme-template-id/Social_Media/random_sampled/sample_0993.jpg,Template-Free,Template-Free
sample_0994.jpg,/path/to/meme-template-id/Social_Media/random_sampled/sample_0994.jpg,Template-Free,Template-Free
sample_0995.jpg,/path/to/meme-template-id/Social_Media/random_sampled/sample_0995.jpg,Template-Free,Template-Free
sample_0996.jpg,/path/to/meme-template-id/Social_Media/random_sampled/sample_0996.jpg,Template-Free,Template-Free
sample_0997.jpg,/path/to/meme-template-id/Social_Media/random_sampled/sample_0997.jpg,Template-Free,Template-Free
sample_0998.jpg,/path/to/meme-template-id/Social_Media/random_sampled/sample_0998.jpg,obama_romney_pointing,Templated-Meme
sample_0999.jpg,/path/to/meme-template-id/Social_Media/random_sampled/sample_0999.jpg,Template-Free,Template-Free
sample_1000.jpg,/path/to/meme-template-id/Social_Media/random_sampled/sample_1000.jpg,kevin-hart,Templated-Meme
