sample_id,image_path,pred_label,pred_class,meme_probability,binary_threshold,stage2_confidence
sample_0001.jpg,/path/to/meme-template-id/Social_Media/random_sampled/sample_0001.jpg,nobody-absolutely-no-one,Templated-Meme,0.9418978,0.5385792851448059,0.65385896
sample_0002.jpg,/path/to/meme-template-id/Social_Media/random_sampled/sample_0002.jpg,challenge-accepted-rage-face,Templated-Meme,0.98977786,0.5385792851448059,0.36462456
sample_0003.jpg,/path/to/meme-template-id/Social_Media/random_sampled/sample_0003.jpg,Non-Meme,Non-Meme,0.0028163441,0.5385792851448059,0.7210097
sample_0004.jpg,/path/to/meme-template-id/Social_Media/random_sampled/sample_0004.jpg,Non-Meme,Non-Meme,0.44468316,0.5385792851448059,0.33653092
sample_0005.jpg,/path/to/meme-template-id/Social_Media/random_sampled/sample_0005.jpg,ancient-aliens,Templated-Meme,0.9842561,0.5385792851448059,0.917069
sample_0006.jpg,/path/to/meme-template-id/Social_Media/random_sampled/sample_0006.jpg,kombucha-girl,Templated-Meme,0.9796668,0.5385792851448059,0.25160205
sample_0007.jpg,/path/to/meme-template-id/Social_Media/random_sampled/sample_0007.jpg,Non-Meme,Non-Meme,0.06887778,0.5385792851448059,0.54432505
sample_0008.jpg,/path/to/meme-template-id/Social_Media/random_sampled/sample_0008.jpg,tom_cruise_laugh,Templated-Meme,0.6944352,0.5385792851448059,0.17802675
sample_0009.jpg,/path/to/meme-template-id/Social_Media/random_sampled/sample_0009.jpg,blank,Templated-Meme,0.99483275,0.5385792851448059,0.24149528
sample_0010.jpg,/path/to/meme-template-id/Social_Media/random_sampled/sample_0010.jpg,Non-Meme,Non-Meme,0.35245222,0.5385792851448059,0.77476233
sample_0011.jpg,/path/to/meme-template-id/Social_Media/random_sampled/sample_0011.jpg,Non-Meme,Non-Meme,0.47730172,0.5385792851448059,0.9994386
sample_0012.jpg,/path/to/meme-template-id/Social_Media/random_sampled/sample_0012.jpg,four-horsemen,Templated-Meme,0.99407,0.5385792851448059,0.06175561
sample_0013.jpg,/path/to/meme-template-id/Social_Media/random_sampled/sample_0013.jpg,Non-Meme,Non-Meme,0.30999282,0.5385792851448059,0.3329766
sample_0014.jpg,/path/to/meme-template-id/Social_Media/random_sampled/sample_0014.jpg,Non-Meme,Non-Meme,0.118518814,0.5385792851448059,0.49104556
sample_0015.jpg,/path/to/meme-template-id/Social_Media/random_sampled/sample_0015.jpg,car-salesman-slaps-hood,Templated-Meme,0.8063621,0.5385792851448059,0.41220316
sample_0016.jpg,/path/to/meme-template-id/Social_Media/random_sampled/sample_0016.jpg,nobody-absolutely-no-one,Templated-Meme,0.88073426,0.5385792851448059,0.23684545
sample_0017.jpg,/path/to/meme-template-id/Social_Media/random_sampled/sample_0017.jpg,Non-Meme,Non-Meme,0.02317154,0.5385792851448059,0.07091999
sample_0018.jpg,/path/to/meme-template-id/Social_Media/random_sampled/sample_0018.jpg,Non-Meme,Non-Meme,0.065933034,0.5385792851448059,0.73787063
sample_0019.jpg,/path/to/meme-template-id/Social_Media/random_sampled/sample_0019.jpg,Non-Meme,Non-Meme,0.45342365,0.5385792851448059,0.53070444
sample_0020.jpg,/path/to/meme-template-id/Social_Media/random_sampled/sample_0020.jpg,Non-Meme,Non-Meme,0.09048934,0.5385792851448059,0.48050174
sample_0021.jpg,/path/to/meme-template-id/Social_Media/random_sampled/sample_0021.jpg,Non-Meme,Non-Meme,0.111775115,0.5385792851448059,0.40130547
sample_0022.jpg,/path/to/meme-template-id/Social_Media/random_sampled/sample_0022.jpg,Non-Meme,Non-Meme,0.011558808,0.5385792851448059,0.18823503
sample_0023.jpg,/path/to/meme-template-id/Social_Media/random_sampled/sample_0023.jpg,horse-drawing,Templated-Meme,0.99417996,0.5385792851448059,0.2571279
sample_0024.jpg,/path/to/meme-template-id/Social_Media/random_sampled/sample_0024.jpg,happy-wojak-vs-depressed-wojak,Templated-Meme,0.925758,0.5385792851448059,0.71564174
sample_0025.jpg,/path/to/meme-template-id/Social_Media/random_sampled/sample_0025.jpg,Non-Meme,Non-Meme,0.09069,0.5385792851448059,0.16646992
sample_0026.jpg,/path/to/meme-template-id/Social_Media/random_sampled/sample_0026.jpg,Non-Meme,Non-Meme,0.01755826,0.5385792851448059,0.33380672
sample_0027.jpg,/path/to/meme-template-id/Social_Media/random_sampled/sample_0027.jpg,Non-Meme,Non-Meme,0.011206549,0.5385792851448059,0.30177805
sample_0028.jpg,/path/to/meme-template-id/Social_Media/random_sampled/sample_0028.jpg,Non-Meme,Non-Meme,0.19430898,0.5385792851448059,0.49025506
sample_0029.jpg,/path/to/meme-template-id/Social_Media/random_sampled/sample_0029.jpg,Non-Meme,Non-Meme,0.48899892,0.5385792851448059,0.99666816
sample_0030.jpg,/path/to/meme-template-id/Social_Media/random_sampled/sample_0030.jpg,ah-shit-here-we-go-again,Templated-Meme,0.92099714,0.5385792851448059,0.3874532
sample_0031.jpg,/path/to/meme-template-id/Social_Media/random_sampled/sample_0031.jpg,nobody-absolutely-no-one,Templated-Meme,0.62671494,0.5385792851448059,0.34644383
sample_0032.jpg,/path/to/meme-template-id/Social_Media/random_sampled/sample_0032.jpg,s09_blank_blue_colored_family,Templated-Meme,0.9996679,0.5385792851448059,0.4215508
sample_0033.jpg,/path/to/meme-template-id/Social_Media/random_sampled/sample_0033.jpg,patrick-smart-dumb,Templated-Meme,0.9922414,0.5385792851448059,0.9742362
sample_0034.jpg,/path/to/meme-template-id/Social_Media/random_sampled/sample_0034.jpg,i-know-that-feel-bro,Templated-Meme,0.6829042,0.5385792851448059,0.26712278
sample_0035.jpg,/path/to/meme-template-id/Social_Media/random_sampled/sample_0035.jpg,sparta-leonidas,Templated-Meme,0.8954666,0.5385792851448059,0.31976122
sample_0036.jpg,/path/to/meme-template-id/Social_Media/random_sampled/sample_0036.jpg,nobody-absolutely-no-one,Templated-Meme,0.9160521,0.5385792851448059,0.07883371
sample_0037.jpg,/path/to/meme-template-id/Social_Media/random_sampled/sample_0037.jpg,Non-Meme,Non-Meme,0.0012083949,0.5385792851448059,0.8063346
sample_0038.jpg,/path/to/meme-template-id/Social_Media/random_sampled/sample_0038.jpg,Non-Meme,Non-Meme,0.19661807,0.5385792851448059,0.35194838
sample_0039.jpg,/path/to/meme-template-id/Social_Media/random_sampled/sample_0039.jpg,dafuq-did-i-just-read,Templated-Meme,0.6804576,0.5385792851448059,0.06369413
sample_0040.jpg,/path/to/meme-template-id/Social_Media/random_sampled/sample_0040.jpg,Non-Meme,Non-Meme,0.29562238,0.5385792851448059,0.33832666
sample_0041.jpg,/path/to/meme-template-id/Social_Media/random_sampled/sample_0041.jpg,these-arent-the-droids-you-were-looking-for,Templated-Meme,0.96235293,0.5385792851448059,0.22498946
sample_0042.jpg,/path/to/meme-template-id/Social_Media/random_sampled/sample_0042.jpg,Non-Meme,Non-Meme,0.019265542,0.5385792851448059,0.47865802
sample_0043.jpg,/path/to/meme-template-id/Social_Media/random_sampled/sample_0043.jpg,four-horsemen,Templated-Meme,0.76817036,0.5385792851448059,0.3529031
sample_0044.jpg,/path/to/meme-template-id/Social_Media/random_sampled/sample_0044.jpg,mr-krabs-money,Templated-Meme,0.96287686,0.5385792851448059,0.36211556
sample_0045.jpg,/path/to/meme-template-id/Social_Media/random_sampled/sample_0045.jpg,Non-Meme,Non-Meme,0.06492031,0.5385792851448059,0.637477
sample_0046.jpg,/path/to/meme-template-id/Social_Media/random_sampled/sample_0046.jpg,epic-handshake-three-way,Templated-Meme,0.99375325,0.5385792851448059,0.087823
sample_0047.jpg,/path/to/meme-template-id/Social_Media/random_sampled/sample_0047.jpg,Non-Meme,Non-Meme,0.00052317197,0.5385792851448059,0.5053771
sample_0048.jpg,/path/to/meme-template-id/Social_Media/random_sampled/sample_0048.jpg,heres-johnny,Templated-Meme,0.9672714,0.5385792851448059,0.3551862
sample_0049.jpg,/path/to/meme-template-id/Social_Media/random_sampled/sample_0049.jpg,Non-Meme,Non-Meme,0.05921669,0.5385792851448059,0.16340518
sample_0050.jpg,/path/to/meme-template-id/Social_Media/random_sampled/sample_0050.jpg,Non-Meme,Non-Meme,0.27678418,0.5385792851448059,0.62415457
sample_0051.jpg,/path/to/meme-template-id/Social_Media/random_sampled/sample_0051.jpg,leonardo-dicaprio-cheers,Templated-Meme,0.58385533,0.5385792851448059,0.5779689
sample_0052.jpg,/path/to/meme-template-id/Social_Media/random_sampled/sample_0052.jpg,im-in-danger,Templated-Meme,0.985865,0.5385792851448059,0.99943227
sample_0053.jpg,/path/to/meme-template-id/Social_Media/random_sampled/sample_0053.jpg,Non-Meme,Non-Meme,0.14014356,0.5385792851448059,0.29071948
sample_0054.jpg,/path/to/meme-template-id/Social_Media/random_sampled/sample_0054.jpg,Non-Meme,Non-Meme,0.0003015622,0.5385792851448059,0.4410378
sample_0055.jpg,/path/to/meme-template-id/Social_Media/random_sampled/sample_0055.jpg,Non-Meme,Non-Meme,0.0057385364,0.5385792851448059,0.17701064
sample_0056.jpg,/path/to/meme-template-id/Social_Media/random_sampled/sample_0056.jpg,crying-cat,Templated-Meme,0.99963975,0.5385792851448059,0.9700795
sample_0057.jpg,/path/to/meme-template-id/Social_Media/random_sampled/sample_0057.jpg,four-horsemen,Templated-Meme,0.85580194,0.5385792851448059,0.13356851
sample_0058.jpg,/path/to/meme-template-id/Social_Media/random_sampled/sample_0058.jpg,Non-Meme,Non-Meme,0.5131134,0.5385792851448059,0.21862029
sample_0059.jpg,/path/to/meme-template-id/Social_Media/random_sampled/sample_0059.jpg,Non-Meme,Non-Meme,0.007941002,0.5385792851448059,0.18718505
sample_0060.jpg,/path/to/meme-template-id/Social_Media/random_sampled/sample_0060.jpg,nooo-haha-go-brrr,Templated-Meme,0.6278948,0.5385792851448059,0.77515376
sample_0061.jpg,/path/to/meme-template-id/Social_Media/random_sampled/sample_0061.jpg,Non-Meme,Non-Meme,0.016568739,0.5385792851448059,0.1618571
sample_0062.jpg,/path/to/meme-template-id/Social_Media/random_sampled/sample_0062.jpg,mr-incredible-uncanny,Templated-Meme,0.9501192,0.5385792851448059,0.9614176
sample_0063.jpg,/path/to/meme-template-id/Social_Media/random_sampled/sample_0063.jpg,Non-Meme,Non-Meme,0.09878382,0.5385792851448059,0.5879046
sample_0064.jpg,/path/to/meme-template-id/Social_Media/random_sampled/sample_0064.jpg,mr-incredible-uncanny,Templated-Meme,0.9831927,0.5385792851448059,0.982605
sample_0065.jpg,/path/to/meme-template-id/Social_Media/random_sampled/sample_0065.jpg,expanding-brain-3-panels,Templated-Meme,0.87181026,0.5385792851448059,0.15426621
sample_0066.jpg,/path/to/meme-template-id/Social_Media/random_sampled/sample_0066.jpg,Non-Meme,Non-Meme,0.1345565,0.5385792851448059,0.6340828
sample_0067.jpg,/path/to/meme-template-id/Social_Media/random_sampled/sample_0067.jpg,net-noob,Templated-Meme,0.9479813,0.5385792851448059,0.1606174
sample_0068.jpg,/path/to/meme-template-id/Social_Media/random_sampled/sample_0068.jpg,Non-Meme,Non-Meme,0.52350837,0.5385792851448059,0.23506619
sample_0069.jpg,/path/to/meme-template-id/Social_Media/random_sampled/sample_0069.jpg,Non-Meme,Non-Meme,0.49155867,0.5385792851448059,0.16394328
sample_0070.jpg,/path/to/meme-template-id/Social_Media/random_sampled/sample_0070.jpg,kermit-sipping-tea,Templated-Meme,0.91696024,0.5385792851448059,0.18304798
sample_0071.jpg,/path/to/meme-template-id/Social_Media/random_sampled/sample_0071.jpg,i-heart,Templated-Meme,0.7136097,0.5385792851448059,0.16919094
sample_0072.jpg,/path/to/meme-template-id/Social_Media/random_sampled/sample_0072.jpg,Non-Meme,Non-Meme,0.086177796,0.5385792851448059,0.3047781
sample_0073.jpg,/path/to/meme-template-id/Social_Media/random_sampled/sample_0073.jpg,Non-Meme,Non-Meme,0.007822466,0.5385792851448059,0.14841035
sample_0074.jpg,/path/to/meme-template-id/Social_Media/random_sampled/sample_0074.jpg,brace-yourself,Templated-Meme,0.93186325,0.5385792851448059,0.12975791
sample_0075.jpg,/path/to/meme-template-id/Social_Media/random_sampled/sample_0075.jpg,Non-Meme,Non-Meme,0.5290491,0.5385792851448059,0.9280915
sample_0076.jpg,/path/to/meme-template-id/Social_Media/random_sampled/sample_0076.jpg,they-dont-know,Templated-Meme,0.6201461,0.5385792851448059,0.88534915
sample_0077.jpg,/path/to/meme-template-id/Social_Media/random_sampled/sample_0077.jpg,huell-money,Templated-Meme,0.9316421,0.5385792851448059,0.14038005
sample_0078.jpg,/path/to/meme-template-id/Social_Media/random_sampled/sample_0078.jpg,power-ranger-teletubbies,Templated-Meme,0.927603,0.5385792851448059,0.5929105
sample_0079.jpg,/path/to/meme-template-id/Social_Media/random_sampled/sample_0079.jpg,george-washington,Templated-Meme,0.9635286,0.5385792851448059,0.3059769
sample_0080.jpg,/path/to/meme-template-id/Social_Media/random_sampled/sample_0080.jpg,Non-Meme,Non-Meme,0.16423647,0.5385792851448059,0.19799407
sample_0081.jpg,/path/to/meme-template-id/Social_Media/random_sampled/sample_0081.jpg,Non-Meme,Non-Meme,0.26391336,0.5385792851448059,0.31096837
sample_0082.jpg,/path/to/meme-template-id/Social_Media/random_sampled/sample_0082.jpg,Non-Meme,Non-Meme,0.016681723,0.5385792851448059,0.8069151
sample_0083.jpg,/path/to/meme-template-id/Social_Media/random_sampled/sample_0083.jpg,live-reaction,Templated-Meme,0.70599353,0.5385792851448059,0.35403797
sample_0084.jpg,/path/to/meme-template-id/Social_Media/random_sampled/sample_0084.jpg,shut-up-and-take-my-money-fry,Templated-Meme,0.833032,0.5385792851448059,0.2103295
sample_0085.jpg,/path/to/meme-template-id/Social_Media/random_sampled/sample_0085.jpg,Non-Meme,Non-Meme,0.004865401,0.5385792851448059,0.23634739
sample_0086.jpg,/path/to/meme-template-id/Social_Media/random_sampled/sample_0086.jpg,Non-Meme,Non-Meme,0.24241914,0.5385792851448059,0.4756103
sample_0087.jpg,/path/to/meme-template-id/Social_Media/random_sampled/sample_0087.jpg,Non-Meme,Non-Meme,0.34921917,0.5385792851448059,0.20932151
sample_0088.jpg,/path/to/meme-template-id/Social_Media/random_sampled/sample_0088.jpg,double_long_black_template,Templated-Meme,0.9344856,0.5385792851448059,0.08312541
sample_0089.jpg,/path/to/meme-template-id/Social_Media/random_sampled/sample_0089.jpg,Non-Meme,Non-Meme,0.02190912,0.5385792851448059,0.15699016
sample_0090.jpg,/path/to/meme-template-id/Social_Media/random_sampled/sample_0090.jpg,mom-can-we-have,Templated-Meme,0.89866805,0.5385792851448059,0.39190382
sample_0091.jpg,/path/to/meme-template-id/Social_Media/random_sampled/sample_0091.jpg,bestbetter-blurst,Templated-Meme,0.998038,0.5385792851448059,0.9552193
sample_0092.jpg,/path/to/meme-template-id/Social_Media/random_sampled/sample_0092.jpg,Non-Meme,Non-Meme,0.13788511,0.5385792851448059,0.31433684
sample_0093.jpg,/path/to/meme-template-id/Social_Media/random_sampled/sample_0093.jpg,four-horsemen,Templated-Meme,0.8154893,0.5385792851448059,0.33216
sample_0094.jpg,/path/to/meme-template-id/Social_Media/random_sampled/sample_0094.jpg,angry-chihuahua-happy-chihuahua,Templated-Meme,0.56392664,0.5385792851448059,0.27846566
sample_0095.jpg,/path/to/meme-template-id/Social_Media/random_sampled/sample_0095.jpg,Non-Meme,Non-Meme,0.455478,0.5385792851448059,0.32823977
sample_0096.jpg,/path/to/meme-template-id/Social_Media/random_sampled/sample_0096.jpg,Non-Meme,Non-Meme,0.024116099,0.5385792851448059,0.18059747
sample_0097.jpg,/path/to/meme-template-id/Social_Media/random_sampled/sample_0097.jpg,Non-Meme,Non-Meme,0.535986,0.5385792851448059,0.1568855
sample_0098.jpg,/path/to/meme-template-id/Social_Media/random_sampled/sample_0098.jpg,crying-wojak-vs-chad,Templated-Meme,0.94987047,0.5385792851448059,0.1560974
sample_0099.jpg,/path/to/meme-template-id/Social_Media/random_sampled/sample_0099.jpg,live-reaction,Templated-Meme,0.9628241,0.5385792851448059,0.21279898
sample_0100.jpg,/path/to/meme-template-id/Social_Media/random_sampled/sample_0100.jpg,big-brain-wojak,Templated-Meme,0.9950676,0.5385792851448059,0.12184694
sample_0101.jpg,/path/to/meme-template-id/Social_Media/random_sampled/sample_0101.jpg,keep-calm-and-carry-on-purple,Templated-Meme,0.9414363,0.5385792851448059,0.42233795
sample_0102.jpg,/path/to/meme-template-id/Social_Media/random_sampled/sample_0102.jpg,the-scroll-of-truth,Templated-Meme,0.9910886,0.5385792851448059,0.9987459
sample_0103.jpg,/path/to/meme-template-id/Social_Media/random_sampled/sample_0103.jpg,orangutan-chasing-girl-on-a-tricycle,Templated-Meme,0.9625899,0.5385792851448059,0.8820482
sample_0104.jpg,/path/to/meme-template-id/Social_Media/random_sampled/sample_0104.jpg,i-can-has-cheezburger-cat,Templated-Meme,0.98217463,0.5385792851448059,0.9046738
sample_0105.jpg,/path/to/meme-template-id/Social_Media/random_sampled/sample_0105.jpg,Non-Meme,Non-Meme,0.113161586,0.5385792851448059,0.12213334
sample_0106.jpg,/path/to/meme-template-id/Social_Media/random_sampled/sample_0106.jpg,Non-Meme,Non-Meme,0.14943716,0.5385792851448059,0.6302077
sample_0107.jpg,/path/to/meme-template-id/Social_Media/random_sampled/sample_0107.jpg,obama-medal,Templated-Meme,0.76229984,0.5385792851448059,0.24472769
sample_0108.jpg,/path/to/meme-template-id/Social_Media/random_sampled/sample_0108.jpg,nobody-absolutely-no-one,Templated-Meme,0.8656697,0.5385792851448059,0.1700084
sample_0109.jpg,/path/to/meme-template-id/Social_Media/random_sampled/sample_0109.jpg,who-would-win,Templated-Meme,0.96591526,0.5385792851448059,0.21988797
sample_0110.jpg,/path/to/meme-template-id/Social_Media/random_sampled/sample_0110.jpg,four-horsemen,Templated-Meme,0.9596267,0.5385792851448059,0.14625244
sample_0111.jpg,/path/to/meme-template-id/Social_Media/random_sampled/sample_0111.jpg,Non-Meme,Non-Meme,0.20036191,0.5385792851448059,0.13236691
sample_0112.jpg,/path/to/meme-template-id/Social_Media/random_sampled/sample_0112.jpg,Non-Meme,Non-Meme,0.45442936,0.5385792851448059,0.9999443
sample_0113.jpg,/path/to/meme-template-id/Social_Media/random_sampled/sample_0113.jpg,Non-Meme,Non-Meme,0.0005292126,0.5385792851448059,0.22036129
sample_0114.jpg,/path/to/meme-template-id/Social_Media/random_sampled/sample_0114.jpg,Non-Meme,Non-Meme,0.4669151,0.5385792851448059,0.36844695
sample_0115.jpg,/path/to/meme-template-id/Social_Media/random_sampled/sample_0115.jpg,Non-Meme,Non-Meme,0.31840715,0.5385792851448059,0.11512569
sample_0116.jpg,/path/to/meme-template-id/Social_Media/random_sampled/sample_0116.jpg,sweating-bullets,Templated-Meme,0.98079395,0.5385792851448059,0.13898246
sample_0117.jpg,/path/to/meme-template-id/Social_Media/random_sampled/sample_0117.jpg,girl-running,Templated-Meme,0.999548,0.5385792851448059,0.14621964
sample_0118.jpg,/path/to/meme-template-id/Social_Media/random_sampled/sample_0118.jpg,nobody-absolutely-no-one,Templated-Meme,0.64367145,0.5385792851448059,0.24858108
sample_0119.jpg,/path/to/meme-template-id/Social_Media/random_sampled/sample_0119.jpg,we-are-the-millers,Templated-Meme,0.9771946,0.5385792851448059,0.30052352
sample_0120.jpg,/path/to/meme-template-id/Social_Media/random_sampled/sample_0120.jpg,running-away-balloon,Templated-Meme,0.99800366,0.5385792851448059,0.9998227
sample_0121.jpg,/path/to/meme-template-id/Social_Media/random_sampled/sample_0121.jpg,Non-Meme,Non-Meme,0.06982682,0.5385792851448059,0.1464343
sample_0122.jpg,/path/to/meme-template-id/Social_Media/random_sampled/sample_0122.jpg,giga-chad,Templated-Meme,0.6104236,0.5385792851448059,0.13002959
sample_0123.jpg,/path/to/meme-template-id/Social_Media/random_sampled/sample_0123.jpg,mr-incredible-uncanny,Templated-Meme,0.888088,0.5385792851448059,0.18775631
sample_0124.jpg,/path/to/meme-template-id/Social_Media/random_sampled/sample_0124.jpg,Non-Meme,Non-Meme,0.010990726,0.5385792851448059,0.44895205
sample_0125.jpg,/path/to/meme-template-id/Social_Media/random_sampled/sample_0125.jpg,Non-Meme,Non-Meme,0.09102464,0.5385792851448059,0.74316007
sample_0126.jpg,/path/to/meme-template-id/Social_Media/random_sampled/sample_0126.jpg,first-world-problems-cat,Templated-Meme,0.6656425,0.5385792851448059,0.5294311
sample_0127.jpg,/path/to/meme-template-id/Social_Media/random_sampled/sample_0127.jpg,Non-Meme,Non-Meme,0.34227464,0.5385792851448059,0.22752662
sample_0128.jpg,/path/to/meme-template-id/Social_Media/random_sampled/sample_0128.jpg,Non-Meme,Non-Meme,0.2520611,0.5385792851448059,0.6167123
sample_0129.jpg,/path/to/meme-template-id/Social_Media/random_sampled/sample_0129.jpg,Non-Meme,Non-Meme,0.07641431,0.5385792851448059,0.36807895
sample_0130.jpg,/path/to/meme-template-id/Social_Media/random_sampled/sample_0130.jpg,Non-Meme,Non-Meme,0.4469513,0.5385792851448059,0.35519975
sample_0131.jpg,/path/to/meme-template-id/Social_Media/random_sampled/sample_0131.jpg,Non-Meme,Non-Meme,0.2309506,0.5385792851448059,0.2306668
sample_0132.jpg,/path/to/meme-template-id/Social_Media/random_sampled/sample_0132.jpg,i_am_the_one_who_knocks,Templated-Meme,0.9699137,0.5385792851448059,0.18422718
sample_0133.jpg,/path/to/meme-template-id/Social_Media/random_sampled/sample_0133.jpg,panik-kalm-panik,Templated-Meme,0.9817795,0.5385792851448059,0.47663796
sample_0134.jpg,/path/to/meme-template-id/Social_Media/random_sampled/sample_0134.jpg,omg-cat,Templated-Meme,0.9997433,0.5385792851448059,0.5970573
sample_0135.jpg,/path/to/meme-template-id/Social_Media/random_sampled/sample_0135.jpg,chef-gordon-ramsay,Templated-Meme,0.9299655,0.5385792851448059,0.19930245
sample_0136.jpg,/path/to/meme-template-id/Social_Media/random_sampled/sample_0136.jpg,blank-starter-pack,Templated-Meme,0.7604104,0.5385792851448059,0.09084385
sample_0137.jpg,/path/to/meme-template-id/Social_Media/random_sampled/sample_0137.jpg,fake_search,Templated-Meme,0.99708027,0.5385792851448059,0.1139706
sample_0138.jpg,/path/to/meme-template-id/Social_Media/random_sampled/sample_0138.jpg,nobody-absolutely-no-one,Templated-Meme,0.737967,0.5385792851448059,0.2680763
sample_0139.jpg,/path/to/meme-template-id/Social_Media/random_sampled/sample_0139.jpg,nobody-absolutely-no-one,Templated-Meme,0.9791642,0.5385792851448059,0.23148042
sample_0140.jpg,/path/to/meme-template-id/Social_Media/random_sampled/sample_0140.jpg,you-wouldnt-get-it,Templated-Meme,0.6855122,0.5385792851448059,0.16909747
sample_0141.jpg,/path/to/meme-template-id/Social_Media/random_sampled/sample_0141.jpg,mr-incredible-uncanny,Templated-Meme,0.9723031,0.5385792851448059,0.99648005
sample_0142.jpg,/path/to/meme-template-id/Social_Media/random_sampled/sample_0142.jpg,heres-johnny,Templated-Meme,0.61362666,0.5385792851448059,0.11744527
sample_0143.jpg,/path/to/meme-template-id/Social_Media/random_sampled/sample_0143.jpg,gandalf-you-shall-not-pass,Templated-Meme,0.9898538,0.5385792851448059,0.109133765
sample_0144.jpg,/path/to/meme-template-id/Social_Media/random_sampled/sample_0144.jpg,four-horsemen,Templated-Meme,0.7033408,0.5385792851448059,0.48207954
sample_0145.jpg,/path/to/meme-template-id/Social_Media/random_sampled/sample_0145.jpg,angela-scared-dwight,Templated-Meme,0.69096386,0.5385792851448059,0.16441248
sample_0146.jpg,/path/to/meme-template-id/Social_Media/random_sampled/sample_0146.jpg,Non-Meme,Non-Meme,0.016206041,0.5385792851448059,0.23841156
sample_0147.jpg,/path/to/meme-template-id/Social_Media/random_sampled/sample_0147.jpg,vein-popping-kid,Templated-Meme,0.99975425,0.5385792851448059,0.14059834
sample_0148.jpg,/path/to/meme-template-id/Social_Media/random_sampled/sample_0148.jpg,es-de-mi-agrado-informarles,Templated-Meme,0.99295396,0.5385792851448059,0.1286061
sample_0149.jpg,/path/to/meme-template-id/Social_Media/random_sampled/sample_0149.jpg,mom-can-we-have,Templated-Meme,0.680396,0.5385792851448059,0.094531775
sample_0150.jpg,/path/to/meme-template-id/Social_Media/random_sampled/sample_0150.jpg,two-buttons,Templated-Meme,0.97410935,0.5385792851448059,0.7925967
sample_0151.jpg,/path/to/meme-template-id/Social_Media/random_sampled/sample_0151.jpg,what_my_friends_think_i_do,Templated-Meme,0.8943265,0.5385792851448059,0.24815547
sample_0152.jpg,/path/to/meme-template-id/Social_Media/random_sampled/sample_0152.jpg,Non-Meme,Non-Meme,0.053187028,0.5385792851448059,0.72066796
sample_0153.jpg,/path/to/meme-template-id/Social_Media/random_sampled/sample_0153.jpg,Non-Meme,Non-Meme,0.49051046,0.5385792851448059,0.2764309
sample_0154.jpg,/path/to/meme-template-id/Social_Media/random_sampled/sample_0154.jpg,Non-Meme,Non-Meme,0.064757705,0.5385792851448059,0.5337551
sample_0155.jpg,/path/to/meme-template-id/Social_Media/random_sampled/sample_0155.jpg,live-reaction,Templated-Meme,0.9474845,0.5385792851448059,0.08691206
sample_0156.jpg,/path/to/meme-template-id/Social_Media/random_sampled/sample_0156.jpg,mr-krabs-money,Templated-Meme,0.75258803,0.5385792851448059,0.9999751
sample_0157.jpg,/path/to/meme-template-id/Social_Media/random_sampled/sample_0157.jpg,Non-Meme,Non-Meme,0.22714347,0.5385792851448059,0.70878154
sample_0158.jpg,/path/to/meme-template-id/Social_Media/random_sampled/sample_0158.jpg,Non-Meme,Non-Meme,0.0065562776,0.5385792851448059,0.28993797
sample_0159.jpg,/path/to/meme-template-id/Social_Media/random_sampled/sample_0159.jpg,m06_change_my_mind,Templated-Meme,0.5461887,0.5385792851448059,0.10432018
sample_0160.jpg,/path/to/meme-template-id/Social_Media/random_sampled/sample_0160.jpg,Non-Meme,Non-Meme,0.3658401,0.5385792851448059,0.09594161
sample_0161.jpg,/path/to/meme-template-id/Social_Media/random_sampled/sample_0161.jpg,Non-Meme,Non-Meme,0.37345788,0.5385792851448059,0.1649157
sample_0162.jpg,/path/to/meme-template-id/Social_Media/random_sampled/sample_0162.jpg,Non-Meme,Non-Meme,0.48114583,0.5385792851448059,0.44665748
sample_0163.jpg,/path/to/meme-template-id/Social_Media/random_sampled/sample_0163.jpg,Non-Meme,Non-Meme,0.060862575,0.5385792851448059,0.12045102
sample_0164.jpg,/path/to/meme-template-id/Social_Media/random_sampled/sample_0164.jpg,quit_having_fun,Templated-Meme,0.9572221,0.5385792851448059,0.2653493
sample_0165.jpg,/path/to/meme-template-id/Social_Media/random_sampled/sample_0165.jpg,Non-Meme,Non-Meme,0.00053795945,0.5385792851448059,0.28577748
sample_0166.jpg,/path/to/meme-template-id/Social_Media/random_sampled/sample_0166.jpg,Non-Meme,Non-Meme,0.43542957,0.5385792851448059,0.16277908
sample_0167.jpg,/path/to/meme-template-id/Social_Media/random_sampled/sample_0167.jpg,incoming-call,Templated-Meme,0.89451015,0.5385792851448059,0.5477771
sample_0168.jpg,/path/to/meme-template-id/Social_Media/random_sampled/sample_0168.jpg,s03_this_is_fine_family,Templated-Meme,0.9997546,0.5385792851448059,0.14938395
sample_0169.jpg,/path/to/meme-template-id/Social_Media/random_sampled/sample_0169.jpg,nobody-absolutely-no-one,Templated-Meme,0.8255329,0.5385792851448059,0.24529488
sample_0170.jpg,/path/to/meme-template-id/Social_Media/random_sampled/sample_0170.jpg,panik-kalm-panik,Templated-Meme,0.56329435,0.5385792851448059,0.14388832
sample_0171.jpg,/path/to/meme-template-id/Social_Media/random_sampled/sample_0171.jpg,yu-gi-oh,Templated-Meme,0.9259245,0.5385792851448059,0.9942778
sample_0172.jpg,/path/to/meme-template-id/Social_Media/random_sampled/sample_0172.jpg,Non-Meme,Non-Meme,0.051678013,0.5385792851448059,0.49138373
sample_0173.jpg,/path/to/meme-template-id/Social_Media/random_sampled/sample_0173.jpg,four-horsemen,Templated-Meme,0.638503,0.5385792851448059,0.5719637
sample_0174.jpg,/path/to/meme-template-id/Social_Media/random_sampled/sample_0174.jpg,and-just-like-that,Templated-Meme,0.9936306,0.5385792851448059,0.12782139
sample_0175.jpg,/path/to/meme-template-id/Social_Media/random_sampled/sample_0175.jpg,make_your_own_meme,Templated-Meme,0.993718,0.5385792851448059,0.066478476
sample_0176.jpg,/path/to/meme-template-id/Social_Media/random_sampled/sample_0176.jpg,lisa-simpsons-presentation,Templated-Meme,0.9724023,0.5385792851448059,0.9998235
sample_0177.jpg,/path/to/meme-template-id/Social_Media/random_sampled/sample_0177.jpg,cereal-guy-spitting,Templated-Meme,0.9998367,0.5385792851448059,0.10755277
sample_0178.jpg,/path/to/meme-template-id/Social_Media/random_sampled/sample_0178.jpg,gollum,Templated-Meme,0.99889404,0.5385792851448059,0.37246397
sample_0179.jpg,/path/to/meme-template-id/Social_Media/random_sampled/sample_0179.jpg,Non-Meme,Non-Meme,0.43199497,0.5385792851448059,0.42518628
sample_0180.jpg,/path/to/meme-template-id/Social_Media/random_sampled/sample_0180.jpg,Non-Meme,Non-Meme,0.03046359,0.5385792851448059,0.56590146
sample_0181.jpg,/path/to/meme-template-id/Social_Media/random_sampled/sample_0181.jpg,sun_tsu_fake_quote,Templated-Meme,0.7922221,0.5385792851448059,0.16162963
sample_0182.jpg,/path/to/meme-template-id/Social_Media/random_sampled/sample_0182.jpg,black_background,Templated-Meme,0.96313506,0.5385792851448059,0.09948402
sample_0183.jpg,/path/to/meme-template-id/Social_Media/random_sampled/sample_0183.jpg,fat-guy-eating-burger,Templated-Meme,0.99460804,0.5385792851448059,0.07210509
sample_0184.jpg,/path/to/meme-template-id/Social_Media/random_sampled/sample_0184.jpg,Non-Meme,Non-Meme,0.093934946,0.5385792851448059,0.80025595
sample_0185.jpg,/path/to/meme-template-id/Social_Media/random_sampled/sample_0185.jpg,mom-can-we-have,Templated-Meme,0.99306524,0.5385792851448059,0.24276245
sample_0186.jpg,/path/to/meme-template-id/Social_Media/random_sampled/sample_0186.jpg,this-is-worthless,Templated-Meme,0.80461407,0.5385792851448059,0.99970055
sample_0187.jpg,/path/to/meme-template-id/Social_Media/random_sampled/sample_0187.jpg,drake_hotline_bling_normal,Templated-Meme,0.9948715,0.5385792851448059,0.99544924
sample_0188.jpg,/path/to/meme-template-id/Social_Media/random_sampled/sample_0188.jpg,second-breakfast,Templated-Meme,0.9998247,0.5385792851448059,0.99996865
sample_0189.jpg,/path/to/meme-template-id/Social_Media/random_sampled/sample_0189.jpg,s09_blank_blue_colored_family,Templated-Meme,0.9968053,0.5385792851448059,0.2220715
sample_0190.jpg,/path/to/meme-template-id/Social_Media/random_sampled/sample_0190.jpg,nobody-is-born-cool,Templated-Meme,0.998941,0.5385792851448059,0.99998844
sample_0191.jpg,/path/to/meme-template-id/Social_Media/random_sampled/sample_0191.jpg,Non-Meme,Non-Meme,0.21988492,0.5385792851448059,0.07271272
sample_0192.jpg,/path/to/meme-template-id/Social_Media/random_sampled/sample_0192.jpg,four-horsemen,Templated-Meme,0.9721472,0.5385792851448059,0.37580818
sample_0193.jpg,/path/to/meme-template-id/Social_Media/random_sampled/sample_0193.jpg,laughing-goat,Templated-Meme,0.7372243,0.5385792851448059,0.090824366
sample_0194.jpg,/path/to/meme-template-id/Social_Media/random_sampled/sample_0194.jpg,Non-Meme,Non-Meme,0.06361362,0.5385792851448059,0.9894465
sample_0195.jpg,/path/to/meme-template-id/Social_Media/random_sampled/sample_0195.jpg,Non-Meme,Non-Meme,0.0036716207,0.5385792851448059,0.6679145
sample_0196.jpg,/path/to/meme-template-id/Social_Media/random_sampled/sample_0196.jpg,squidward-chair,Templated-Meme,0.996476,0.5385792851448059,0.9989379
sample_0197.jpg,/path/to/meme-template-id/Social_Media/random_sampled/sample_0197.jpg,roll_safe_think_about_it,Templated-Meme,0.9162688,0.5385792851448059,0.2799632
sample_0198.jpg,/path/to/meme-template-id/Social_Media/random_sampled/sample_0198.jpg,alignment-chart,Templated-Meme,0.96963006,0.5385792851448059,0.5154942
sample_0199.jpg,/path/to/meme-template-id/Social_Media/random_sampled/sample_0199.jpg,Non-Meme,Non-Meme,0.102662645,0.5385792851448059,0.4322691
sample_0200.jpg,/path/to/meme-template-id/Social_Media/random_sampled/sample_0200.jpg,Non-Meme,Non-Meme,0.07072114,0.5385792851448059,0.8510648
sample_0201.jpg,/path/to/meme-template-id/Social_Media/random_sampled/sample_0201.jpg,m08_math_is_math,Templated-Meme,0.87770027,0.5385792851448059,0.7753709
sample_0202.jpg,/path/to/meme-template-id/Social_Media/random_sampled/sample_0202.jpg,who-would-win,Templated-Meme,0.8268339,0.5385792851448059,0.14473397
sample_0203.jpg,/path/to/meme-template-id/Social_Media/random_sampled/sample_0203.jpg,who-would-win,Templated-Meme,0.9733156,0.5385792851448059,0.15834922
sample_0204.jpg,/path/to/meme-template-id/Social_Media/random_sampled/sample_0204.jpg,four-horsemen,Templated-Meme,0.61714286,0.5385792851448059,0.21807882
sample_0205.jpg,/path/to/meme-template-id/Social_Media/random_sampled/sample_0205.jpg,amateurs,Templated-Meme,0.946335,0.5385792851448059,0.15172037
sample_0206.jpg,/path/to/meme-template-id/Social_Media/random_sampled/sample_0206.jpg,keep-calm-and-carry-on-purple,Templated-Meme,0.7093893,0.5385792851448059,0.62271523
sample_0207.jpg,/path/to/meme-template-id/Social_Media/random_sampled/sample_0207.jpg,not-bad-obama,Templated-Meme,0.9645595,0.5385792851448059,0.2966842
sample_0208.jpg,/path/to/meme-template-id/Social_Media/random_sampled/sample_0208.jpg,Non-Meme,Non-Meme,0.50611377,0.5385792851448059,0.6984897
sample_0209.jpg,/path/to/meme-template-id/Social_Media/random_sampled/sample_0209.jpg,Non-Meme,Non-Meme,0.0037406175,0.5385792851448059,0.4521895
sample_0210.jpg,/path/to/meme-template-id/Social_Media/random_sampled/sample_0210.jpg,uncle-sam,Templated-Meme,0.9587635,0.5385792851448059,0.15597098
sample_0211.jpg,/path/to/meme-template-id/Social_Media/random_sampled/sample_0211.jpg,Non-Meme,Non-Meme,0.16198416,0.5385792851448059,0.4141418
sample_0212.jpg,/path/to/meme-template-id/Social_Media/random_sampled/sample_0212.jpg,spiderman-glasses,Templated-Meme,0.76580036,0.5385792851448059,0.24318133
sample_0213.jpg,/path/to/meme-template-id/Social_Media/random_sampled/sample_0213.jpg,mugatu-so-hot-right-now,Templated-Meme,0.99794036,0.5385792851448059,0.2993906
sample_0214.jpg,/path/to/meme-template-id/Social_Media/random_sampled/sample_0214.jpg,Non-Meme,Non-Meme,0.057075,0.5385792851448059,0.7495484
sample_0215.jpg,/path/to/meme-template-id/Social_Media/random_sampled/sample_0215.jpg,Non-Meme,Non-Meme,0.0070045083,0.5385792851448059,0.3310605
sample_0216.jpg,/path/to/meme-template-id/Social_Media/random_sampled/sample_0216.jpg,the-scroll-of-truth,Templated-Meme,0.9960979,0.5385792851448059,0.99932766
sample_0217.jpg,/path/to/meme-template-id/Social_Media/random_sampled/sample_0217.jpg,mom-can-we-have,Templated-Meme,0.69308,0.5385792851448059,0.16959788
sample_0218.jpg,/path/to/meme-template-id/Social_Media/random_sampled/sample_0218.jpg,Non-Meme,Non-Meme,0.0010321602,0.5385792851448059,0.44285345
sample_0219.jpg,/path/to/meme-template-id/Social_Media/random_sampled/sample_0219.jpg,keep-calm-and-carry-on-purple,Templated-Meme,0.80803025,0.5385792851448059,0.38772854
sample_0220.jpg,/path/to/meme-template-id/Social_Media/random_sampled/sample_0220.jpg,Non-Meme,Non-Meme,0.030700829,0.5385792851448059,0.25237507
sample_0221.jpg,/path/to/meme-template-id/Social_Media/random_sampled/sample_0221.jpg,Non-Meme,Non-Meme,0.0012103659,0.5385792851448059,0.21150137
sample_0222.jpg,/path/to/meme-template-id/Social_Media/random_sampled/sample_0222.jpg,four-horsemen,Templated-Meme,0.89347863,0.5385792851448059,0.30846244
sample_0223.jpg,/path/to/meme-template-id/Social_Media/random_sampled/sample_0223.jpg,drake_hotline_bling_normal,Templated-Meme,0.99728036,0.5385792851448059,0.74042386
sample_0224.jpg,/path/to/meme-template-id/Social_Media/random_sampled/sample_0224.jpg,Non-Meme,Non-Meme,0.51579386,0.5385792851448059,0.3937943
sample_0225.jpg,/path/to/meme-template-id/Social_Media/random_sampled/sample_0225.jpg,you-took-everything-from-me-i-dont-even-know-who-you-are,Templated-Meme,0.9361545,0.5385792851448059,0.15396497
sample_0226.jpg,/path/to/meme-template-id/Social_Media/random_sampled/sample_0226.jpg,Non-Meme,Non-Meme,0.010424997,0.5385792851448059,0.15152541
sample_0227.jpg,/path/to/meme-template-id/Social_Media/random_sampled/sample_0227.jpg,computer-nerd,Templated-Meme,0.81339186,0.5385792851448059,0.28791624
sample_0228.jpg,/path/to/meme-template-id/Social_Media/random_sampled/sample_0228.jpg,keep-calm-and-carry-on-purple,Templated-Meme,0.57126224,0.5385792851448059,0.25638464
sample_0229.jpg,/path/to/meme-template-id/Social_Media/random_sampled/sample_0229.jpg,homer-simpson-sleeping-peacefully,Templated-Meme,0.99611735,0.5385792851448059,0.29778275
sample_0230.jpg,/path/to/meme-template-id/Social_Media/random_sampled/sample_0230.jpg,nick-young,Templated-Meme,0.991746,0.5385792851448059,0.115225054
sample_0231.jpg,/path/to/meme-template-id/Social_Media/random_sampled/sample_0231.jpg,Non-Meme,Non-Meme,0.00067468866,0.5385792851448059,0.5756533
sample_0232.jpg,/path/to/meme-template-id/Social_Media/random_sampled/sample_0232.jpg,Non-Meme,Non-Meme,0.06326629,0.5385792851448059,0.6103015
sample_0233.jpg,/path/to/meme-template-id/Social_Media/random_sampled/sample_0233.jpg,guy-pouring-olive-oil-on-the-salad,Templated-Meme,0.6707776,0.5385792851448059,0.48227125
sample_0234.jpg,/path/to/meme-template-id/Social_Media/random_sampled/sample_0234.jpg,Non-Meme,Non-Meme,0.12261342,0.5385792851448059,0.9880443
sample_0235.jpg,/path/to/meme-template-id/Social_Media/random_sampled/sample_0235.jpg,see-nobody-cares,Templated-Meme,0.9990281,0.5385792851448059,0.22713093
sample_0236.jpg,/path/to/meme-template-id/Social_Media/random_sampled/sample_0236.jpg,expanding-brain-3-panels,Templated-Meme,0.6906955,0.5385792851448059,0.50188506
sample_0237.jpg,/path/to/meme-template-id/Social_Media/random_sampled/sample_0237.jpg,Non-Meme,Non-Meme,0.06857782,0.5385792851448059,0.35865486
sample_0238.jpg,/path/to/meme-template-id/Social_Media/random_sampled/sample_0238.jpg,sad-guy-happy-guy-bus,Templated-Meme,0.78910685,0.5385792851448059,0.19855145
sample_0239.jpg,/path/to/meme-template-id/Social_Media/random_sampled/sample_0239.jpg,mugatu-so-hot-right-now,Templated-Meme,0.98839056,0.5385792851448059,0.1751074
sample_0240.jpg,/path/to/meme-template-id/Social_Media/random_sampled/sample_0240.jpg,Non-Meme,Non-Meme,0.017490774,0.5385792851448059,0.06235973
sample_0241.jpg,/path/to/meme-template-id/Social_Media/random_sampled/sample_0241.jpg,i-do-one-push-up,Templated-Meme,0.99406356,0.5385792851448059,0.5038142
sample_0242.jpg,/path/to/meme-template-id/Social_Media/random_sampled/sample_0242.jpg,reaction-guys,Templated-Meme,0.72253656,0.5385792851448059,0.43218285
sample_0243.jpg,/path/to/meme-template-id/Social_Media/random_sampled/sample_0243.jpg,kermit-sipping-tea,Templated-Meme,0.9096965,0.5385792851448059,0.9987419
sample_0244.jpg,/path/to/meme-template-id/Social_Media/random_sampled/sample_0244.jpg,mom-can-we-have,Templated-Meme,0.653623,0.5385792851448059,0.4623538
sample_0245.jpg,/path/to/meme-template-id/Social_Media/random_sampled/sample_0245.jpg,photogenic-college-football-player,Templated-Meme,0.9941678,0.5385792851448059,0.6422744
sample_0246.jpg,/path/to/meme-template-id/Social_Media/random_sampled/sample_0246.jpg,Non-Meme,Non-Meme,0.098793596,0.5385792851448059,0.35560632
sample_0247.jpg,/path/to/meme-template-id/Social_Media/random_sampled/sample_0247.jpg,Non-Meme,Non-Meme,0.0742714,0.5385792851448059,0.33613688
sample_0248.jpg,/path/to/meme-template-id/Social_Media/random_sampled/sample_0248.jpg,comparison-table,Templated-Meme,0.9812516,0.5385792851448059,0.1033217
sample_0249.jpg,/path/to/meme-template-id/Social_Media/random_sampled/sample_0249.jpg,Non-Meme,Non-Meme,0.09595651,0.5385792851448059,0.5191498
sample_0250.jpg,/path/to/meme-template-id/Social_Media/random_sampled/sample_0250.jpg,kermit-sipping-tea,Templated-Meme,0.7829133,0.5385792851448059,0.317771
sample_0251.jpg,/path/to/meme-template-id/Social_Media/random_sampled/sample_0251.jpg,Non-Meme,Non-Meme,0.0062195417,0.5385792851448059,0.41129172
sample_0252.jpg,/path/to/meme-template-id/Social_Media/random_sampled/sample_0252.jpg,Non-Meme,Non-Meme,0.07857229,0.5385792851448059,0.12668878
sample_0253.jpg,/path/to/meme-template-id/Social_Media/random_sampled/sample_0253.jpg,Non-Meme,Non-Meme,0.30131793,0.5385792851448059,0.0987551
sample_0254.jpg,/path/to/meme-template-id/Social_Media/random_sampled/sample_0254.jpg,Non-Meme,Non-Meme,0.17831214,0.5385792851448059,0.20659529
sample_0255.jpg,/path/to/meme-template-id/Social_Media/random_sampled/sample_0255.jpg,Non-Meme,Non-Meme,0.060063507,0.5385792851448059,0.8405703
sample_0256.jpg,/path/to/meme-template-id/Social_Media/random_sampled/sample_0256.jpg,Non-Meme,Non-Meme,0.021225557,0.5385792851448059,0.73973274
sample_0257.jpg,/path/to/meme-template-id/Social_Media/random_sampled/sample_0257.jpg,depends-on-the-context,Templated-Meme,0.65815294,0.5385792851448059,0.9776919
sample_0258.jpg,/path/to/meme-template-id/Social_Media/random_sampled/sample_0258.jpg,really_right_in_front_of_my_pancit,Templated-Meme,0.93336284,0.5385792851448059,0.19994695
sample_0259.jpg,/path/to/meme-template-id/Social_Media/random_sampled/sample_0259.jpg,we-are-the-millers,Templated-Meme,0.99946755,0.5385792851448059,0.9906192
sample_0260.jpg,/path/to/meme-template-id/Social_Media/random_sampled/sample_0260.jpg,Non-Meme,Non-Meme,0.28146765,0.5385792851448059,0.2902143
sample_0261.jpg,/path/to/meme-template-id/Social_Media/random_sampled/sample_0261.jpg,the-cooler-daniel,Templated-Meme,0.9438991,0.5385792851448059,0.26942667
sample_0262.jpg,/path/to/meme-template-id/Social_Media/random_sampled/sample_0262.jpg,Non-Meme,Non-Meme,0.15391943,0.5385792851448059,0.4336671
sample_0263.jpg,/path/to/meme-template-id/Social_Media/random_sampled/sample_0263.jpg,Non-Meme,Non-Meme,0.044804405,0.5385792851448059,0.12222453
sample_0264.jpg,/path/to/meme-template-id/Social_Media/random_sampled/sample_0264.jpg,Non-Meme,Non-Meme,0.0052509927,0.5385792851448059,0.4885172
sample_0265.jpg,/path/to/meme-template-id/Social_Media/random_sampled/sample_0265.jpg,s09_blank_blue_colored_family,Templated-Meme,0.6273006,0.5385792851448059,0.8695308
sample_0266.jpg,/path/to/meme-template-id/Social_Media/random_sampled/sample_0266.jpg,Non-Meme,Non-Meme,0.0042058867,0.5385792851448059,0.12253284
sample_0267.jpg,/path/to/meme-template-id/Social_Media/random_sampled/sample_0267.jpg,bald-indian-guy,Templated-Meme,0.9286336,0.5385792851448059,0.08810382
sample_0268.jpg,/path/to/meme-template-id/Social_Media/random_sampled/sample_0268.jpg,fat-guy-eating-burger,Templated-Meme,0.940247,0.5385792851448059,0.4972791
sample_0269.jpg,/path/to/meme-template-id/Social_Media/random_sampled/sample_0269.jpg,Non-Meme,Non-Meme,0.0019828312,0.5385792851448059,0.37609985
sample_0270.jpg,/path/to/meme-template-id/Social_Media/random_sampled/sample_0270.jpg,okay-truck,Templated-Meme,0.97668207,0.5385792851448059,0.6111564
sample_0271.jpg,/path/to/meme-template-id/Social_Media/random_sampled/sample_0271.jpg,Non-Meme,Non-Meme,0.08197357,0.5385792851448059,0.23651963
sample_0272.jpg,/path/to/meme-template-id/Social_Media/random_sampled/sample_0272.jpg,Non-Meme,Non-Meme,0.07569576,0.5385792851448059,0.104419276
sample_0273.jpg,/path/to/meme-template-id/Social_Media/random_sampled/sample_0273.jpg,youre-too-slow-sonic,Templated-Meme,0.78851503,0.5385792851448059,0.35268438
sample_0274.jpg,/path/to/meme-template-id/Social_Media/random_sampled/sample_0274.jpg,Non-Meme,Non-Meme,0.40213972,0.5385792851448059,0.1706361
sample_0275.jpg,/path/to/meme-template-id/Social_Media/random_sampled/sample_0275.jpg,Non-Meme,Non-Meme,0.5011249,0.5385792851448059,0.5277513
sample_0276.jpg,/path/to/meme-template-id/Social_Media/random_sampled/sample_0276.jpg,is_calling_you,Templated-Meme,0.8322697,0.5385792851448059,0.20926818
sample_0277.jpg,/path/to/meme-template-id/Social_Media/random_sampled/sample_0277.jpg,Non-Meme,Non-Meme,0.013219854,0.5385792851448059,0.5779814
sample_0278.jpg,/path/to/meme-template-id/Social_Media/random_sampled/sample_0278.jpg,Non-Meme,Non-Meme,0.013849801,0.5385792851448059,0.40781388
sample_0279.jpg,/path/to/meme-template-id/Social_Media/random_sampled/sample_0279.jpg,we-are-the-millers,Templated-Meme,0.9990392,0.5385792851448059,0.24479899
sample_0280.jpg,/path/to/meme-template-id/Social_Media/random_sampled/sample_0280.jpg,Non-Meme,Non-Meme,0.026412396,0.5385792851448059,0.7854923
sample_0281.jpg,/path/to/meme-template-id/Social_Media/random_sampled/sample_0281.jpg,vein-popping-kid,Templated-Meme,0.98496974,0.5385792851448059,0.13982825
sample_0282.jpg,/path/to/meme-template-id/Social_Media/random_sampled/sample_0282.jpg,unsettled-tom,Templated-Meme,0.966743,0.5385792851448059,0.9966534
sample_0283.jpg,/path/to/meme-template-id/Social_Media/random_sampled/sample_0283.jpg,guy-getting-beat-up,Templated-Meme,0.9834389,0.5385792851448059,0.9819088
sample_0284.jpg,/path/to/meme-template-id/Social_Media/random_sampled/sample_0284.jpg,spider-man-triple,Templated-Meme,0.9960396,0.5385792851448059,0.9990495
sample_0285.jpg,/path/to/meme-template-id/Social_Media/random_sampled/sample_0285.jpg,nobody-absolutely-no-one,Templated-Meme,0.80885524,0.5385792851448059,0.09403615
sample_0286.jpg,/path/to/meme-template-id/Social_Media/random_sampled/sample_0286.jpg,pepe-the-frog,Templated-Meme,0.9819094,0.5385792851448059,0.11969972
sample_0287.jpg,/path/to/meme-template-id/Social_Media/random_sampled/sample_0287.jpg,Non-Meme,Non-Meme,0.17212914,0.5385792851448059,0.31900606
sample_0288.jpg,/path/to/meme-template-id/Social_Media/random_sampled/sample_0288.jpg,i-see-dead-people,Templated-Meme,0.99914026,0.5385792851448059,0.25352815
sample_0289.jpg,/path/to/meme-template-id/Social_Media/random_sampled/sample_0289.jpg,woman-showing-paper-to-cat,Templated-Meme,0.97725755,0.5385792851448059,0.47398958
sample_0290.jpg,/path/to/meme-template-id/Social_Media/random_sampled/sample_0290.jpg,smiling-cat,Templated-Meme,0.7095073,0.5385792851448059,0.5987932
sample_0291.jpg,/path/to/meme-template-id/Social_Media/random_sampled/sample_0291.jpg,kermit-window,Templated-Meme,0.84600115,0.5385792851448059,0.16938762
sample_0292.jpg,/path/to/meme-template-id/Social_Media/random_sampled/sample_0292.jpg,Non-Meme,Non-Meme,0.35213897,0.5385792851448059,0.14626633
sample_0293.jpg,/path/to/meme-template-id/Social_Media/random_sampled/sample_0293.jpg,be-like-bill,Templated-Meme,0.9070821,0.5385792851448059,0.25737488
sample_0294.jpg,/path/to/meme-template-id/Social_Media/random_sampled/sample_0294.jpg,right-in-the-childhood,Templated-Meme,0.9579477,0.5385792851448059,0.09569961
sample_0295.jpg,/path/to/meme-template-id/Social_Media/random_sampled/sample_0295.jpg,mom-can-we-have,Templated-Meme,0.62950975,0.5385792851448059,0.07432101
sample_0296.jpg,/path/to/meme-template-id/Social_Media/random_sampled/sample_0296.jpg,Non-Meme,Non-Meme,0.00019194178,0.5385792851448059,0.65717363
sample_0297.jpg,/path/to/meme-template-id/Social_Media/random_sampled/sample_0297.jpg,soldiers-hold-up-society,Templated-Meme,0.6336341,0.5385792851448059,0.6532203
sample_0298.jpg,/path/to/meme-template-id/Social_Media/random_sampled/sample_0298.jpg,everywhere-i-go-i-see-his-face,Templated-Meme,0.7809024,0.5385792851448059,0.16226886
sample_0299.jpg,/path/to/meme-template-id/Social_Media/random_sampled/sample_0299.jpg,who-would-win,Templated-Meme,0.9999138,0.5385792851448059,0.25474766
sample_0300.jpg,/path/to/meme-template-id/Social_Media/random_sampled/sample_0300.jpg,Non-Meme,Non-Meme,0.07514951,0.5385792851448059,0.1527053
sample_0301.jpg,/path/to/meme-template-id/Social_Media/random_sampled/sample_0301.jpg,you-get-an-x-and-you-get-an-x,Templated-Meme,0.97933286,0.5385792851448059,0.22595957
sample_0302.jpg,/path/to/meme-template-id/Social_Media/random_sampled/sample_0302.jpg,panik-kalm-panik,Templated-Meme,0.96097165,0.5385792851448059,0.21584499
sample_0303.jpg,/path/to/meme-template-id/Social_Media/random_sampled/sample_0303.jpg,Non-Meme,Non-Meme,0.4560008,0.5385792851448059,0.094442464
sample_0304.jpg,/path/to/meme-template-id/Social_Media/random_sampled/sample_0304.jpg,Non-Meme,Non-Meme,0.03207914,0.5385792851448059,0.40172055
sample_0305.jpg,/path/to/meme-template-id/Social_Media/random_sampled/sample_0305.jpg,futurama-leela,Templated-Meme,0.9926111,0.5385792851448059,0.33366463
sample_0306.jpg,/path/to/meme-template-id/Social_Media/random_sampled/sample_0306.jpg,skeptical-baby,Templated-Meme,0.79909635,0.5385792851448059,0.31215164
sample_0307.jpg,/path/to/meme-template-id/Social_Media/random_sampled/sample_0307.jpg,Non-Meme,Non-Meme,0.48846087,0.5385792851448059,0.116094925
sample_0308.jpg,/path/to/meme-template-id/Social_Media/random_sampled/sample_0308.jpg,nobody-absolutely-no-one,Templated-Meme,0.5799472,0.5385792851448059,0.30449972
sample_0309.jpg,/path/to/meme-template-id/Social_Media/random_sampled/sample_0309.jpg,arthur-fist,Templated-Meme,0.9151284,0.5385792851448059,0.21017237
sample_0310.jpg,/path/to/meme-template-id/Social_Media/random_sampled/sample_0310.jpg,taylor_swift_whispering_to_travis_kelce,Templated-Meme,0.57789004,0.5385792851448059,0.1305964
sample_0311.jpg,/path/to/meme-template-id/Social_Media/random_sampled/sample_0311.jpg,kevin-james,Templated-Meme,0.88361466,0.5385792851448059,0.2995028
sample_0312.jpg,/path/to/meme-template-id/Social_Media/random_sampled/sample_0312.jpg,both-buttons-pressed,Templated-Meme,0.6203302,0.5385792851448059,0.2959291
sample_0313.jpg,/path/to/meme-template-id/Social_Media/random_sampled/sample_0313.jpg,Non-Meme,Non-Meme,0.023296822,0.5385792851448059,0.6653813
sample_0314.jpg,/path/to/meme-template-id/Social_Media/random_sampled/sample_0314.jpg,Non-Meme,Non-Meme,0.40792996,0.5385792851448059,0.12343394
sample_0315.jpg,/path/to/meme-template-id/Social_Media/random_sampled/sample_0315.jpg,i-am-inevitable,Templated-Meme,0.920514,0.5385792851448059,0.98244876
sample_0316.jpg,/path/to/meme-template-id/Social_Media/random_sampled/sample_0316.jpg,thinking-black-guy,Templated-Meme,0.9931078,0.5385792851448059,0.6865524
sample_0317.jpg,/path/to/meme-template-id/Social_Media/random_sampled/sample_0317.jpg,kevin-hart,Templated-Meme,0.9847298,0.5385792851448059,0.14028595
sample_0318.jpg,/path/to/meme-template-id/Social_Media/random_sampled/sample_0318.jpg,Non-Meme,Non-Meme,0.0063288324,0.5385792851448059,0.39288256
sample_0319.jpg,/path/to/meme-template-id/Social_Media/random_sampled/sample_0319.jpg,Non-Meme,Non-Meme,0.49276137,0.5385792851448059,0.30838042
sample_0320.jpg,/path/to/meme-template-id/Social_Media/random_sampled/sample_0320.jpg,Non-Meme,Non-Meme,0.17267999,0.5385792851448059,0.20641176
sample_0321.jpg,/path/to/meme-template-id/Social_Media/random_sampled/sample_0321.jpg,Non-Meme,Non-Meme,0.062350255,0.5385792851448059,0.7616276
sample_0322.jpg,/path/to/meme-template-id/Social_Media/random_sampled/sample_0322.jpg,am-i-a-joke-to-you,Templated-Meme,0.6030325,0.5385792851448059,0.19014765
sample_0323.jpg,/path/to/meme-template-id/Social_Media/random_sampled/sample_0323.jpg,am-i-a-joke-to-you,Templated-Meme,0.98973656,0.5385792851448059,0.9598141
sample_0324.jpg,/path/to/meme-template-id/Social_Media/random_sampled/sample_0324.jpg,brace-yourself,Templated-Meme,0.9982716,0.5385792851448059,0.095203914
sample_0325.jpg,/path/to/meme-template-id/Social_Media/random_sampled/sample_0325.jpg,Non-Meme,Non-Meme,0.0086239055,0.5385792851448059,0.8696842
sample_0326.jpg,/path/to/meme-template-id/Social_Media/random_sampled/sample_0326.jpg,i-bet-hes-thinking-about-other-women,Templated-Meme,0.7557171,0.5385792851448059,0.6532515
sample_0327.jpg,/path/to/meme-template-id/Social_Media/random_sampled/sample_0327.jpg,happy-then-sad,Templated-Meme,0.9970451,0.5385792851448059,0.97713125
sample_0328.jpg,/path/to/meme-template-id/Social_Media/random_sampled/sample_0328.jpg,talking-to-wall,Templated-Meme,0.71276593,0.5385792851448059,0.99904996
sample_0329.jpg,/path/to/meme-template-id/Social_Media/random_sampled/sample_0329.jpg,oliver-twist-please-sir,Templated-Meme,0.9521986,0.5385792851448059,0.09129727
sample_0330.jpg,/path/to/meme-template-id/Social_Media/random_sampled/sample_0330.jpg,running-away-balloon,Templated-Meme,0.9993812,0.5385792851448059,0.1396566
sample_0331.jpg,/path/to/meme-template-id/Social_Media/random_sampled/sample_0331.jpg,uncle-sam,Templated-Meme,0.9450516,0.5385792851448059,0.22409268
sample_0332.jpg,/path/to/meme-template-id/Social_Media/random_sampled/sample_0332.jpg,Non-Meme,Non-Meme,0.012031887,0.5385792851448059,0.607332
sample_0333.jpg,/path/to/meme-template-id/Social_Media/random_sampled/sample_0333.jpg,i-bet-hes-thinking-about-other-women,Templated-Meme,0.7153838,0.5385792851448059,0.3428331
sample_0334.jpg,/path/to/meme-template-id/Social_Media/random_sampled/sample_0334.jpg,Non-Meme,Non-Meme,0.14993136,0.5385792851448059,0.16840218
sample_0335.jpg,/path/to/meme-template-id/Social_Media/random_sampled/sample_0335.jpg,keep-calm-and-carry-on-purple,Templated-Meme,0.5680808,0.5385792851448059,0.36253735
sample_0336.jpg,/path/to/meme-template-id/Social_Media/random_sampled/sample_0336.jpg,dallas-cowboys,Templated-Meme,0.7493793,0.5385792851448059,0.80692244
sample_0337.jpg,/path/to/meme-template-id/Social_Media/random_sampled/sample_0337.jpg,Non-Meme,Non-Meme,0.27627647,0.5385792851448059,0.110825405
sample_0338.jpg,/path/to/meme-template-id/Social_Media/random_sampled/sample_0338.jpg,Non-Meme,Non-Meme,0.3274346,0.5385792851448059,0.3939665
sample_0339.jpg,/path/to/meme-template-id/Social_Media/random_sampled/sample_0339.jpg,guy-pouring-olive-oil-on-the-salad,Templated-Meme,0.6874805,0.5385792851448059,0.28121078
sample_0340.jpg,/path/to/meme-template-id/Social_Media/random_sampled/sample_0340.jpg,george-bush,Templated-Meme,0.8485652,0.5385792851448059,0.22925973
sample_0341.jpg,/path/to/meme-template-id/Social_Media/random_sampled/sample_0341.jpg,small-face-romney,Templated-Meme,0.99978083,0.5385792851448059,0.3502215
sample_0342.jpg,/path/to/meme-template-id/Social_Media/random_sampled/sample_0342.jpg,laughing-villains,Templated-Meme,0.80099946,0.5385792851448059,0.050179157
sample_0343.jpg,/path/to/meme-template-id/Social_Media/random_sampled/sample_0343.jpg,Non-Meme,Non-Meme,0.08877147,0.5385792851448059,0.5606977
sample_0344.jpg,/path/to/meme-template-id/Social_Media/random_sampled/sample_0344.jpg,nooo-haha-go-brrr,Templated-Meme,0.88215196,0.5385792851448059,0.11704903
sample_0345.jpg,/path/to/meme-template-id/Social_Media/random_sampled/sample_0345.jpg,ptsd-chihuahua,Templated-Meme,0.98465234,0.5385792851448059,0.087860785
sample_0346.jpg,/path/to/meme-template-id/Social_Media/random_sampled/sample_0346.jpg,sad-cat-holding-dog,Templated-Meme,0.99618065,0.5385792851448059,0.99881375
sample_0347.jpg,/path/to/meme-template-id/Social_Media/random_sampled/sample_0347.jpg,its-not-going-to-happen,Templated-Meme,0.9551438,0.5385792851448059,0.29941013
sample_0348.jpg,/path/to/meme-template-id/Social_Media/random_sampled/sample_0348.jpg,Non-Meme,Non-Meme,0.008388109,0.5385792851448059,0.40897512
sample_0349.jpg,/path/to/meme-template-id/Social_Media/random_sampled/sample_0349.jpg,spongebob-vs-squidward-alarm-clocks,Templated-Meme,0.98810196,0.5385792851448059,0.99195427
sample_0350.jpg,/path/to/meme-template-id/Social_Media/random_sampled/sample_0350.jpg,Non-Meme,Non-Meme,0.45136234,0.5385792851448059,0.8466185
sample_0351.jpg,/path/to/meme-template-id/Social_Media/random_sampled/sample_0351.jpg,Non-Meme,Non-Meme,0.514314,0.5385792851448059,0.22296074
sample_0352.jpg,/path/to/meme-template-id/Social_Media/random_sampled/sample_0352.jpg,Non-Meme,Non-Meme,0.2947632,0.5385792851448059,0.19737117
sample_0353.jpg,/path/to/meme-template-id/Social_Media/random_sampled/sample_0353.jpg,bernie-sanders-once-again-asking,Templated-Meme,0.93781346,0.5385792851448059,0.99964213
sample_0354.jpg,/path/to/meme-template-id/Social_Media/random_sampled/sample_0354.jpg,mugatu-so-hot-right-now,Templated-Meme,0.9873509,0.5385792851448059,0.38854474
sample_0355.jpg,/path/to/meme-template-id/Social_Media/random_sampled/sample_0355.jpg,Non-Meme,Non-Meme,0.047195077,0.5385792851448059,0.9999156
sample_0356.jpg,/path/to/meme-template-id/Social_Media/random_sampled/sample_0356.jpg,Non-Meme,Non-Meme,0.041224983,0.5385792851448059,0.2949952
sample_0357.jpg,/path/to/meme-template-id/Social_Media/random_sampled/sample_0357.jpg,sad-pepe-suicide,Templated-Meme,0.9970976,0.5385792851448059,0.17218886
sample_0358.jpg,/path/to/meme-template-id/Social_Media/random_sampled/sample_0358.jpg,keep-calm-and-carry-on-purple,Templated-Meme,0.9251188,0.5385792851448059,0.24854521
sample_0359.jpg,/path/to/meme-template-id/Social_Media/random_sampled/sample_0359.jpg,stonks,Templated-Meme,0.93876386,0.5385792851448059,0.9872126
sample_0360.jpg,/path/to/meme-template-id/Social_Media/random_sampled/sample_0360.jpg,police-officer-testifying,Templated-Meme,0.8791706,0.5385792851448059,0.15132187
sample_0361.jpg,/path/to/meme-template-id/Social_Media/random_sampled/sample_0361.jpg,nobody-absolutely-no-one,Templated-Meme,0.77537256,0.5385792851448059,0.10920926
sample_0362.jpg,/path/to/meme-template-id/Social_Media/random_sampled/sample_0362.jpg,milking-the-cow,Templated-Meme,0.9446457,0.5385792851448059,0.99846125
sample_0363.jpg,/path/to/meme-template-id/Social_Media/random_sampled/sample_0363.jpg,windows-error-message,Templated-Meme,0.88493186,0.5385792851448059,0.2232776
sample_0364.jpg,/path/to/meme-template-id/Social_Media/random_sampled/sample_0364.jpg,guy-with-sand-in-the-hands-of-despair,Templated-Meme,0.8743304,0.5385792851448059,0.33925143
sample_0365.jpg,/path/to/meme-template-id/Social_Media/random_sampled/sample_0365.jpg,Non-Meme,Non-Meme,0.00777502,0.5385792851448059,0.2963253
sample_0366.jpg,/path/to/meme-template-id/Social_Media/random_sampled/sample_0366.jpg,Non-Meme,Non-Meme,0.026285907,0.5385792851448059,0.8541691
sample_0367.jpg,/path/to/meme-template-id/Social_Media/random_sampled/sample_0367.jpg,Non-Meme,Non-Meme,0.25747707,0.5385792851448059,0.24591246
sample_0368.jpg,/path/to/meme-template-id/Social_Media/random_sampled/sample_0368.jpg,dekh_raha_hai_na_binod,Templated-Meme,0.97027695,0.5385792851448059,0.23773117
sample_0369.jpg,/path/to/meme-template-id/Social_Media/random_sampled/sample_0369.jpg,Non-Meme,Non-Meme,0.4461623,0.5385792851448059,0.20260087
sample_0370.jpg,/path/to/meme-template-id/Social_Media/random_sampled/sample_0370.jpg,Non-Meme,Non-Meme,0.08753177,0.5385792851448059,0.85533655
sample_0371.jpg,/path/to/meme-template-id/Social_Media/random_sampled/sample_0371.jpg,Non-Meme,Non-Meme,0.0030933013,0.5385792851448059,0.4125578
sample_0372.jpg,/path/to/meme-template-id/Social_Media/random_sampled/sample_0372.jpg,good-fellas-hilarious,Templated-Meme,0.5450341,0.5385792851448059,0.15601932
sample_0373.jpg,/path/to/meme-template-id/Social_Media/random_sampled/sample_0373.jpg,Non-Meme,Non-Meme,0.09374306,0.5385792851448059,0.99993443
sample_0374.jpg,/path/to/meme-template-id/Social_Media/random_sampled/sample_0374.jpg,challenge-accepted-rage-face,Templated-Meme,0.9851773,0.5385792851448059,0.2838911
sample_0375.jpg,/path/to/meme-template-id/Social_Media/random_sampled/sample_0375.jpg,strong-dog-vs-weak-dog,Templated-Meme,0.9559874,0.5385792851448059,0.8040156
sample_0376.jpg,/path/to/meme-template-id/Social_Media/random_sampled/sample_0376.jpg,Non-Meme,Non-Meme,0.00050130853,0.5385792851448059,0.9541132
sample_0377.jpg,/path/to/meme-template-id/Social_Media/random_sampled/sample_0377.jpg,running-away-balloon,Templated-Meme,0.9630902,0.5385792851448059,0.9631006
sample_0378.jpg,/path/to/meme-template-id/Social_Media/random_sampled/sample_0378.jpg,Non-Meme,Non-Meme,0.26536506,0.5385792851448059,0.13691953
sample_0379.jpg,/path/to/meme-template-id/Social_Media/random_sampled/sample_0379.jpg,Non-Meme,Non-Meme,0.44988096,0.5385792851448059,0.18177672
sample_0380.jpg,/path/to/meme-template-id/Social_Media/random_sampled/sample_0380.jpg,Non-Meme,Non-Meme,0.19633853,0.5385792851448059,0.53172493
sample_0381.jpg,/path/to/meme-template-id/Social_Media/random_sampled/sample_0381.jpg,afraid-to-ask-andy,Templated-Meme,0.9845397,0.5385792851448059,0.32841596
sample_0382.jpg,/path/to/meme-template-id/Social_Media/random_sampled/sample_0382.jpg,Non-Meme,Non-Meme,0.04512536,0.5385792851448059,0.37125152
sample_0383.jpg,/path/to/meme-template-id/Social_Media/random_sampled/sample_0383.jpg,nobody-absolutely-no-one,Templated-Meme,0.9953773,0.5385792851448059,0.19478013
sample_0384.jpg,/path/to/meme-template-id/Social_Media/random_sampled/sample_0384.jpg,meg-family-guy-better-than-me,Templated-Meme,0.96080416,0.5385792851448059,0.116362445
sample_0385.jpg,/path/to/meme-template-id/Social_Media/random_sampled/sample_0385.jpg,Non-Meme,Non-Meme,0.022167502,0.5385792851448059,0.53630024
sample_0386.jpg,/path/to/meme-template-id/Social_Media/random_sampled/sample_0386.jpg,Non-Meme,Non-Meme,0.009143553,0.5385792851448059,0.22061656
sample_0387.jpg,/path/to/meme-template-id/Social_Media/random_sampled/sample_0387.jpg,crying-wojak-vs-chad,Templated-Meme,0.9870517,0.5385792851448059,0.31936517
sample_0388.jpg,/path/to/meme-template-id/Social_Media/random_sampled/sample_0388.jpg,four-horsemen,Templated-Meme,0.7591021,0.5385792851448059,0.32315692
sample_0389.jpg,/path/to/meme-template-id/Social_Media/random_sampled/sample_0389.jpg,Non-Meme,Non-Meme,0.32190168,0.5385792851448059,0.1320495
sample_0390.jpg,/path/to/meme-template-id/Social_Media/random_sampled/sample_0390.jpg,here-lies-x,Templated-Meme,0.5748748,0.5385792851448059,0.08738194
sample_0391.jpg,/path/to/meme-template-id/Social_Media/random_sampled/sample_0391.jpg,expanding-brain,Templated-Meme,0.8799942,0.5385792851448059,0.11878722
sample_0392.jpg,/path/to/meme-template-id/Social_Media/random_sampled/sample_0392.jpg,Non-Meme,Non-Meme,0.00022199664,0.5385792851448059,0.6302764
sample_0393.jpg,/path/to/meme-template-id/Social_Media/random_sampled/sample_0393.jpg,Non-Meme,Non-Meme,0.0066488683,0.5385792851448059,0.7182904
sample_0394.jpg,/path/to/meme-template-id/Social_Media/random_sampled/sample_0394.jpg,Non-Meme,Non-Meme,0.23828472,0.5385792851448059,0.18888946
sample_0395.jpg,/path/to/meme-template-id/Social_Media/random_sampled/sample_0395.jpg,Non-Meme,Non-Meme,0.4800393,0.5385792851448059,0.2901297
sample_0396.jpg,/path/to/meme-template-id/Social_Media/random_sampled/sample_0396.jpg,im_tired_of_this_grandpa,Templated-Meme,0.7171029,0.5385792851448059,0.12318217
sample_0397.jpg,/path/to/meme-template-id/Social_Media/random_sampled/sample_0397.jpg,Non-Meme,Non-Meme,0.110952474,0.5385792851448059,0.41625702
sample_0398.jpg,/path/to/meme-template-id/Social_Media/random_sampled/sample_0398.jpg,kevin-hart,Templated-Meme,0.8595325,0.5385792851448059,0.23162252
sample_0399.jpg,/path/to/meme-template-id/Social_Media/random_sampled/sample_0399.jpg,Non-Meme,Non-Meme,0.00642311,0.5385792851448059,0.2051691
sample_0400.jpg,/path/to/meme-template-id/Social_Media/random_sampled/sample_0400.jpg,Non-Meme,Non-Meme,0.034955617,0.5385792851448059,0.115723655
sample_0401.jpg,/path/to/meme-template-id/Social_Media/random_sampled/sample_0401.jpg,mr-incredible-becoming-uncanny,Templated-Meme,0.57423484,0.5385792851448059,0.13148046
sample_0402.jpg,/path/to/meme-template-id/Social_Media/random_sampled/sample_0402.jpg,Non-Meme,Non-Meme,0.4046633,0.5385792851448059,0.28329134
sample_0403.jpg,/path/to/meme-template-id/Social_Media/random_sampled/sample_0403.jpg,i-bet-hes-thinking-about-other-women,Templated-Meme,0.9969137,0.5385792851448059,0.9999505
sample_0404.jpg,/path/to/meme-template-id/Social_Media/random_sampled/sample_0404.jpg,nobody-absolutely-no-one,Templated-Meme,0.87817776,0.5385792851448059,0.1370835
sample_0405.jpg,/path/to/meme-template-id/Social_Media/random_sampled/sample_0405.jpg,Non-Meme,Non-Meme,0.001956801,0.5385792851448059,0.20161
sample_0406.jpg,/path/to/meme-template-id/Social_Media/random_sampled/sample_0406.jpg,Non-Meme,Non-Meme,0.33826482,0.5385792851448059,0.4408603
sample_0407.jpg,/path/to/meme-template-id/Social_Media/random_sampled/sample_0407.jpg,nobody-absolutely-no-one,Templated-Meme,0.9285867,0.5385792851448059,0.10652168
sample_0408.jpg,/path/to/meme-template-id/Social_Media/random_sampled/sample_0408.jpg,Non-Meme,Non-Meme,0.24308982,0.5385792851448059,0.48885334
sample_0409.jpg,/path/to/meme-template-id/Social_Media/random_sampled/sample_0409.jpg,meg-family-guy-better-than-me,Templated-Meme,0.98421913,0.5385792851448059,0.695688
sample_0410.jpg,/path/to/meme-template-id/Social_Media/random_sampled/sample_0410.jpg,Non-Meme,Non-Meme,0.13922259,0.5385792851448059,0.2518311
sample_0411.jpg,/path/to/meme-template-id/Social_Media/random_sampled/sample_0411.jpg,you-have-no-power-here,Templated-Meme,0.6291759,0.5385792851448059,0.9525991
sample_0412.jpg,/path/to/meme-template-id/Social_Media/random_sampled/sample_0412.jpg,what-is-my-purpose,Templated-Meme,0.87401116,0.5385792851448059,0.20404354
sample_0413.jpg,/path/to/meme-template-id/Social_Media/random_sampled/sample_0413.jpg,Non-Meme,Non-Meme,0.09610174,0.5385792851448059,0.4803431
sample_0414.jpg,/path/to/meme-template-id/Social_Media/random_sampled/sample_0414.jpg,Non-Meme,Non-Meme,0.41849357,0.5385792851448059,0.3842734
sample_0415.jpg,/path/to/meme-template-id/Social_Media/random_sampled/sample_0415.jpg,Non-Meme,Non-Meme,0.48706752,0.5385792851448059,0.2130757
sample_0416.jpg,/path/to/meme-template-id/Social_Media/random_sampled/sample_0416.jpg,crying-wojak-vs-chad,Templated-Meme,0.8396307,0.5385792851448059,0.11080177
sample_0417.jpg,/path/to/meme-template-id/Social_Media/random_sampled/sample_0417.jpg,s09_blank_blue_colored_family,Templated-Meme,0.88394856,0.5385792851448059,0.77645963
sample_0418.jpg,/path/to/meme-template-id/Social_Media/random_sampled/sample_0418.jpg,s09_blank_blue_colored_family,Templated-Meme,0.99170494,0.5385792851448059,0.33272657
sample_0419.jpg,/path/to/meme-template-id/Social_Media/random_sampled/sample_0419.jpg,Non-Meme,Non-Meme,0.06750839,0.5385792851448059,0.116811804
sample_0420.jpg,/path/to/meme-template-id/Social_Media/random_sampled/sample_0420.jpg,doomguy,Templated-Meme,0.97405213,0.5385792851448059,0.7362144
sample_0421.jpg,/path/to/meme-template-id/Social_Media/random_sampled/sample_0421.jpg,Non-Meme,Non-Meme,0.0008466242,0.5385792851448059,0.11363851
sample_0422.jpg,/path/to/meme-template-id/Social_Media/random_sampled/sample_0422.jpg,Non-Meme,Non-Meme,0.0037275886,0.5385792851448059,0.48255268
sample_0423.jpg,/path/to/meme-template-id/Social_Media/random_sampled/sample_0423.jpg,is_calling_you,Templated-Meme,0.8765651,0.5385792851448059,0.36464804
sample_0424.jpg,/path/to/meme-template-id/Social_Media/random_sampled/sample_0424.jpg,Non-Meme,Non-Meme,0.21291912,0.5385792851448059,0.28992352
sample_0425.jpg,/path/to/meme-template-id/Social_Media/random_sampled/sample_0425.jpg,nobody-absolutely-no-one,Templated-Meme,0.59081465,0.5385792851448059,0.18170309
sample_0426.jpg,/path/to/meme-template-id/Social_Media/random_sampled/sample_0426.jpg,am-i-a-joke-to-you,Templated-Meme,0.9871868,0.5385792851448059,0.07217148
sample_0427.jpg,/path/to/meme-template-id/Social_Media/random_sampled/sample_0427.jpg,Non-Meme,Non-Meme,0.0073208134,0.5385792851448059,0.1965065
sample_0428.jpg,/path/to/meme-template-id/Social_Media/random_sampled/sample_0428.jpg,Non-Meme,Non-Meme,0.013917829,0.5385792851448059,0.3571072
sample_0429.jpg,/path/to/meme-template-id/Social_Media/random_sampled/sample_0429.jpg,es-de-mi-agrado-informarles,Templated-Meme,0.98118204,0.5385792851448059,0.1569454
sample_0430.jpg,/path/to/meme-template-id/Social_Media/random_sampled/sample_0430.jpg,Non-Meme,Non-Meme,0.029625129,0.5385792851448059,0.39601266
sample_0431.jpg,/path/to/meme-template-id/Social_Media/random_sampled/sample_0431.jpg,Non-Meme,Non-Meme,0.123546384,0.5385792851448059,0.20622069
sample_0432.jpg,/path/to/meme-template-id/Social_Media/random_sampled/sample_0432.jpg,who-would-win,Templated-Meme,0.9968054,0.5385792851448059,0.12608726
sample_0433.jpg,/path/to/meme-template-id/Social_Media/random_sampled/sample_0433.jpg,Non-Meme,Non-Meme,0.016919354,0.5385792851448059,0.24049911
sample_0434.jpg,/path/to/meme-template-id/Social_Media/random_sampled/sample_0434.jpg,surprized-vegeta,Templated-Meme,0.8685595,0.5385792851448059,0.06850217
sample_0435.jpg,/path/to/meme-template-id/Social_Media/random_sampled/sample_0435.jpg,Non-Meme,Non-Meme,0.24404211,0.5385792851448059,0.16129738
sample_0436.jpg,/path/to/meme-template-id/Social_Media/random_sampled/sample_0436.jpg,communist_cat,Templated-Meme,0.7044074,0.5385792851448059,0.35646537
sample_0437.jpg,/path/to/meme-template-id/Social_Media/random_sampled/sample_0437.jpg,drake_hotline_bling_normal,Templated-Meme,0.9927108,0.5385792851448059,0.98651475
sample_0438.jpg,/path/to/meme-template-id/Social_Media/random_sampled/sample_0438.jpg,pawn-stars-best-i-can-do,Templated-Meme,0.99865353,0.5385792851448059,0.26262802
sample_0439.jpg,/path/to/meme-template-id/Social_Media/random_sampled/sample_0439.jpg,Non-Meme,Non-Meme,0.34375626,0.5385792851448059,0.8872512
sample_0440.jpg,/path/to/meme-template-id/Social_Media/random_sampled/sample_0440.jpg,angry-npc-wojak,Templated-Meme,0.9247189,0.5385792851448059,0.09061223
sample_0441.jpg,/path/to/meme-template-id/Social_Media/random_sampled/sample_0441.jpg,nobody-absolutely-no-one,Templated-Meme,0.8908437,0.5385792851448059,0.32520783
sample_0442.jpg,/path/to/meme-template-id/Social_Media/random_sampled/sample_0442.jpg,keep-calm-and-carry-on-purple,Templated-Meme,0.9729476,0.5385792851448059,0.5019377
sample_0443.jpg,/path/to/meme-template-id/Social_Media/random_sampled/sample_0443.jpg,mom-can-we-have,Templated-Meme,0.88446075,0.5385792851448059,0.56034416
sample_0444.jpg,/path/to/meme-template-id/Social_Media/random_sampled/sample_0444.jpg,drake_hotline_bling_normal,Templated-Meme,0.9792404,0.5385792851448059,0.9915559
sample_0445.jpg,/path/to/meme-template-id/Social_Media/random_sampled/sample_0445.jpg,doge,Templated-Meme,0.9139736,0.5385792851448059,0.76144564
sample_0446.jpg,/path/to/meme-template-id/Social_Media/random_sampled/sample_0446.jpg,blank_comic_panel_2x1,Templated-Meme,0.9964051,0.5385792851448059,0.33082533
sample_0447.jpg,/path/to/meme-template-id/Social_Media/random_sampled/sample_0447.jpg,Non-Meme,Non-Meme,0.36639103,0.5385792851448059,0.14339249
sample_0448.jpg,/path/to/meme-template-id/Social_Media/random_sampled/sample_0448.jpg,Non-Meme,Non-Meme,0.17860016,0.5385792851448059,0.08304426
sample_0449.jpg,/path/to/meme-template-id/Social_Media/random_sampled/sample_0449.jpg,challenge-accepted-rage-face,Templated-Meme,0.9691715,0.5385792851448059,0.38684532
sample_0450.jpg,/path/to/meme-template-id/Social_Media/random_sampled/sample_0450.jpg,Non-Meme,Non-Meme,0.16465063,0.5385792851448059,0.338557
sample_0451.jpg,/path/to/meme-template-id/Social_Media/random_sampled/sample_0451.jpg,nobody-absolutely-no-one,Templated-Meme,0.99223375,0.5385792851448059,0.6099702
sample_0452.jpg,/path/to/meme-template-id/Social_Media/random_sampled/sample_0452.jpg,when-x-just-right,Templated-Meme,0.9957575,0.5385792851448059,0.22030053
sample_0453.jpg,/path/to/meme-template-id/Social_Media/random_sampled/sample_0453.jpg,neuron_activation,Templated-Meme,0.91702807,0.5385792851448059,0.17403394
sample_0454.jpg,/path/to/meme-template-id/Social_Media/random_sampled/sample_0454.jpg,Non-Meme,Non-Meme,0.10217809,0.5385792851448059,0.21803285
sample_0455.jpg,/path/to/meme-template-id/Social_Media/random_sampled/sample_0455.jpg,incoming-call,Templated-Meme,0.8739507,0.5385792851448059,0.33565593
sample_0456.jpg,/path/to/meme-template-id/Social_Media/random_sampled/sample_0456.jpg,Non-Meme,Non-Meme,0.0105757015,0.5385792851448059,0.40560284
sample_0457.jpg,/path/to/meme-template-id/Social_Media/random_sampled/sample_0457.jpg,Non-Meme,Non-Meme,0.062203407,0.5385792851448059,0.8225002
sample_0458.jpg,/path/to/meme-template-id/Social_Media/random_sampled/sample_0458.jpg,keep-calm-and-carry-on-purple,Templated-Meme,0.8197163,0.5385792851448059,0.52048564
sample_0459.jpg,/path/to/meme-template-id/Social_Media/random_sampled/sample_0459.jpg,blank-starter-pack,Templated-Meme,0.91685116,0.5385792851448059,0.13345306
sample_0460.jpg,/path/to/meme-template-id/Social_Media/random_sampled/sample_0460.jpg,drake_hotline_bling_normal,Templated-Meme,0.9942966,0.5385792851448059,0.94201314
sample_0461.jpg,/path/to/meme-template-id/Social_Media/random_sampled/sample_0461.jpg,mother-ignoring-kid-drowning-in-a-pool,Templated-Meme,0.71902084,0.5385792851448059,0.98727566
sample_0462.jpg,/path/to/meme-template-id/Social_Media/random_sampled/sample_0462.jpg,spiderman-glasses,Templated-Meme,0.85561496,0.5385792851448059,0.8849624
sample_0463.jpg,/path/to/meme-template-id/Social_Media/random_sampled/sample_0463.jpg,laughing-villains,Templated-Meme,0.56263685,0.5385792851448059,0.2981966
sample_0464.jpg,/path/to/meme-template-id/Social_Media/random_sampled/sample_0464.jpg,wtf,Templated-Meme,0.93418527,0.5385792851448059,0.112583786
sample_0465.jpg,/path/to/meme-template-id/Social_Media/random_sampled/sample_0465.jpg,grumpy-cat-happy,Templated-Meme,0.98542756,0.5385792851448059,0.17558704
sample_0466.jpg,/path/to/meme-template-id/Social_Media/random_sampled/sample_0466.jpg,you-like-krabby-patties,Templated-Meme,0.9997141,0.5385792851448059,0.9439873
sample_0467.jpg,/path/to/meme-template-id/Social_Media/random_sampled/sample_0467.jpg,adios,Templated-Meme,0.99850595,0.5385792851448059,1.0
sample_0468.jpg,/path/to/meme-template-id/Social_Media/random_sampled/sample_0468.jpg,born_died_welcome_back,Templated-Meme,0.9382686,0.5385792851448059,0.35913783
sample_0469.jpg,/path/to/meme-template-id/Social_Media/random_sampled/sample_0469.jpg,angry-flower,Templated-Meme,0.8896035,0.5385792851448059,0.9896291
sample_0470.jpg,/path/to/meme-template-id/Social_Media/random_sampled/sample_0470.jpg,Non-Meme,Non-Meme,0.20424592,0.5385792851448059,0.21434738
sample_0471.jpg,/path/to/meme-template-id/Social_Media/random_sampled/sample_0471.jpg,blank-starter-pack,Templated-Meme,0.7693114,0.5385792851448059,0.1815303
sample_0472.jpg,/path/to/meme-template-id/Social_Media/random_sampled/sample_0472.jpg,hulk-taco,Templated-Meme,0.7724965,0.5385792851448059,0.15796244
sample_0473.jpg,/path/to/meme-template-id/Social_Media/random_sampled/sample_0473.jpg,Non-Meme,Non-Meme,0.5313586,0.5385792851448059,0.11868318
sample_0474.jpg,/path/to/meme-template-id/Social_Media/random_sampled/sample_0474.jpg,its-free-real-estate,Templated-Meme,0.9867553,0.5385792851448059,0.78650844
sample_0475.jpg,/path/to/meme-template-id/Social_Media/random_sampled/sample_0475.jpg,nobody-absolutely-no-one,Templated-Meme,0.96055275,0.5385792851448059,0.21308891
sample_0476.jpg,/path/to/meme-template-id/Social_Media/random_sampled/sample_0476.jpg,spiderman-peter-parker,Templated-Meme,0.5831872,0.5385792851448059,0.3382589
sample_0477.jpg,/path/to/meme-template-id/Social_Media/random_sampled/sample_0477.jpg,Non-Meme,Non-Meme,0.12186525,0.5385792851448059,0.10942333
sample_0478.jpg,/path/to/meme-template-id/Social_Media/random_sampled/sample_0478.jpg,Non-Meme,Non-Meme,0.00031029026,0.5385792851448059,0.42089295
sample_0479.jpg,/path/to/meme-template-id/Social_Media/random_sampled/sample_0479.jpg,Non-Meme,Non-Meme,0.028173061,0.5385792851448059,0.21560127
sample_0480.jpg,/path/to/meme-template-id/Social_Media/random_sampled/sample_0480.jpg,nobody-absolutely-no-one,Templated-Meme,0.607821,0.5385792851448059,0.20893374
sample_0481.jpg,/path/to/meme-template-id/Social_Media/random_sampled/sample_0481.jpg,blank_comic_panel_2x1,Templated-Meme,0.5482453,0.5385792851448059,0.15035622
sample_0482.jpg,/path/to/meme-template-id/Social_Media/random_sampled/sample_0482.jpg,ew-i-stepped-in-shit,Templated-Meme,0.984221,0.5385792851448059,0.9958229
sample_0483.jpg,/path/to/meme-template-id/Social_Media/random_sampled/sample_0483.jpg,brian_burke_on_the_phone,Templated-Meme,0.9963406,0.5385792851448059,0.07453823
sample_0484.jpg,/path/to/meme-template-id/Social_Media/random_sampled/sample_0484.jpg,spider-man-triple,Templated-Meme,0.89682,0.5385792851448059,0.0672905
sample_0485.jpg,/path/to/meme-template-id/Social_Media/random_sampled/sample_0485.jpg,blinking-guy,Templated-Meme,0.92724454,0.5385792851448059,0.9438199
sample_0486.jpg,/path/to/meme-template-id/Social_Media/random_sampled/sample_0486.jpg,Non-Meme,Non-Meme,0.02019293,0.5385792851448059,0.9999825
sample_0487.jpg,/path/to/meme-template-id/Social_Media/random_sampled/sample_0487.jpg,c01_grumpy_cat_base_reverse,Templated-Meme,0.62062514,0.5385792851448059,0.36273122
sample_0488.jpg,/path/to/meme-template-id/Social_Media/random_sampled/sample_0488.jpg,Non-Meme,Non-Meme,0.33964708,0.5385792851448059,0.14279975
sample_0489.jpg,/path/to/meme-template-id/Social_Media/random_sampled/sample_0489.jpg,Non-Meme,Non-Meme,0.028696146,0.5385792851448059,0.2748645
sample_0490.jpg,/path/to/meme-template-id/Social_Media/random_sampled/sample_0490.jpg,tom-the-cat-shooting-himself,Templated-Meme,0.9573312,0.5385792851448059,0.8518617
sample_0491.jpg,/path/to/meme-template-id/Social_Media/random_sampled/sample_0491.jpg,lisa-simpsons-presentation,Templated-Meme,0.9747706,0.5385792851448059,0.99996936
sample_0492.jpg,/path/to/meme-template-id/Social_Media/random_sampled/sample_0492.jpg,Non-Meme,Non-Meme,0.23272681,0.5385792851448059,0.36183807
sample_0493.jpg,/path/to/meme-template-id/Social_Media/random_sampled/sample_0493.jpg,Non-Meme,Non-Meme,0.0061874804,0.5385792851448059,0.9098721
sample_0494.jpg,/path/to/meme-template-id/Social_Media/random_sampled/sample_0494.jpg,s02_breaking_news_ron_burgundy,Templated-Meme,0.9725088,0.5385792851448059,0.18727896
sample_0495.jpg,/path/to/meme-template-id/Social_Media/random_sampled/sample_0495.jpg,and-thats-a-fact,Templated-Meme,0.92806596,0.5385792851448059,0.99597245
sample_0496.jpg,/path/to/meme-template-id/Social_Media/random_sampled/sample_0496.jpg,Non-Meme,Non-Meme,0.038700063,0.5385792851448059,0.7103915
sample_0497.jpg,/path/to/meme-template-id/Social_Media/random_sampled/sample_0497.jpg,woman-yelling-at-cat,Templated-Meme,0.99465936,0.5385792851448059,0.13923365
sample_0498.jpg,/path/to/meme-template-id/Social_Media/random_sampled/sample_0498.jpg,Non-Meme,Non-Meme,0.00061746454,0.5385792851448059,0.5683331
sample_0499.jpg,/path/to/meme-template-id/Social_Media/random_sampled/sample_0499.jpg,car-salesman-slaps-hood,Templated-Meme,0.9788148,0.5385792851448059,0.29343334
sample_0500.jpg,/path/to/meme-template-id/Social_Media/random_sampled/sample_0500.jpg,Non-Meme,Non-Meme,0.4806812,0.5385792851448059,0.48676658
sample_0501.jpg,/path/to/meme-template-id/Social_Media/random_sampled/sample_0501.jpg,master_oogway,Templated-Meme,0.71829003,0.5385792851448059,0.3678857
sample_0502.jpg,/path/to/meme-template-id/Social_Media/random_sampled/sample_0502.jpg,blinking-guy,Templated-Meme,0.9578103,0.5385792851448059,0.9999424
sample_0503.jpg,/path/to/meme-template-id/Social_Media/random_sampled/sample_0503.jpg,who-would-win,Templated-Meme,0.97082216,0.5385792851448059,0.18076631
sample_0504.jpg,/path/to/meme-template-id/Social_Media/random_sampled/sample_0504.jpg,Non-Meme,Non-Meme,0.19293295,0.5385792851448059,0.39266655
sample_0505.jpg,/path/to/meme-template-id/Social_Media/random_sampled/sample_0505.jpg,i-bet-hes-thinking-about-other-women,Templated-Meme,0.7366079,0.5385792851448059,0.19106878
sample_0506.jpg,/path/to/meme-template-id/Social_Media/random_sampled/sample_0506.jpg,Non-Meme,Non-Meme,0.033224892,0.5385792851448059,0.75810885
sample_0507.jpg,/path/to/meme-template-id/Social_Media/random_sampled/sample_0507.jpg,computer-guy-facepalm,Templated-Meme,0.9798763,0.5385792851448059,0.29449037
sample_0508.jpg,/path/to/meme-template-id/Social_Media/random_sampled/sample_0508.jpg,Non-Meme,Non-Meme,0.16431017,0.5385792851448059,0.25331387
sample_0509.jpg,/path/to/meme-template-id/Social_Media/random_sampled/sample_0509.jpg,Non-Meme,Non-Meme,0.0147187505,0.5385792851448059,0.2387635
sample_0510.jpg,/path/to/meme-template-id/Social_Media/random_sampled/sample_0510.jpg,Non-Meme,Non-Meme,0.19560976,0.5385792851448059,0.2796349
sample_0511.jpg,/path/to/meme-template-id/Social_Media/random_sampled/sample_0511.jpg,Non-Meme,Non-Meme,0.0027045591,0.5385792851448059,0.06818139
sample_0512.jpg,/path/to/meme-template-id/Social_Media/random_sampled/sample_0512.jpg,car-salesman-slaps-hood,Templated-Meme,0.79016274,0.5385792851448059,0.48043904
sample_0513.jpg,/path/to/meme-template-id/Social_Media/random_sampled/sample_0513.jpg,nobody-is-born-cool,Templated-Meme,0.9982608,0.5385792851448059,0.99795246
sample_0514.jpg,/path/to/meme-template-id/Social_Media/random_sampled/sample_0514.jpg,inspirational-quote,Templated-Meme,0.92007035,0.5385792851448059,0.5165458
sample_0515.jpg,/path/to/meme-template-id/Social_Media/random_sampled/sample_0515.jpg,Non-Meme,Non-Meme,0.29593027,0.5385792851448059,0.999841
sample_0516.jpg,/path/to/meme-template-id/Social_Media/random_sampled/sample_0516.jpg,sad-guy-happy-guy-bus,Templated-Meme,0.792721,0.5385792851448059,0.16048056
sample_0517.jpg,/path/to/meme-template-id/Social_Media/random_sampled/sample_0517.jpg,Non-Meme,Non-Meme,0.51420665,0.5385792851448059,0.20523979
sample_0518.jpg,/path/to/meme-template-id/Social_Media/random_sampled/sample_0518.jpg,Non-Meme,Non-Meme,0.0021567878,0.5385792851448059,0.52184594
sample_0519.jpg,/path/to/meme-template-id/Social_Media/random_sampled/sample_0519.jpg,s09_blank_blue_colored_family,Templated-Meme,0.8322307,0.5385792851448059,0.3739079
sample_0520.jpg,/path/to/meme-template-id/Social_Media/random_sampled/sample_0520.jpg,Non-Meme,Non-Meme,0.4829826,0.5385792851448059,0.3659746
sample_0521.jpg,/path/to/meme-template-id/Social_Media/random_sampled/sample_0521.jpg,it_cant_hurt_you,Templated-Meme,0.6754888,0.5385792851448059,0.1540574
sample_0522.jpg,/path/to/meme-template-id/Social_Media/random_sampled/sample_0522.jpg,lisa-simpsons-presentation,Templated-Meme,0.991672,0.5385792851448059,0.9999875
sample_0523.jpg,/path/to/meme-template-id/Social_Media/random_sampled/sample_0523.jpg,unhelpful-high-school-teacher,Templated-Meme,0.99177766,0.5385792851448059,0.119493715
sample_0524.jpg,/path/to/meme-template-id/Social_Media/random_sampled/sample_0524.jpg,ill-just-wait-here,Templated-Meme,0.76211023,0.5385792851448059,0.6508356
sample_0525.jpg,/path/to/meme-template-id/Social_Media/random_sampled/sample_0525.jpg,Non-Meme,Non-Meme,0.09269565,0.5385792851448059,0.75192326
sample_0526.jpg,/path/to/meme-template-id/Social_Media/random_sampled/sample_0526.jpg,black_box_meme,Templated-Meme,0.9936201,0.5385792851448059,0.4315345
sample_0527.jpg,/path/to/meme-template-id/Social_Media/random_sampled/sample_0527.jpg,george-bush,Templated-Meme,0.99844664,0.5385792851448059,0.18759301
sample_0528.jpg,/path/to/meme-template-id/Social_Media/random_sampled/sample_0528.jpg,Non-Meme,Non-Meme,0.09414191,0.5385792851448059,0.16527733
sample_0529.jpg,/path/to/meme-template-id/Social_Media/random_sampled/sample_0529.jpg,newspaper,Templated-Meme,0.5406268,0.5385792851448059,0.11568745
sample_0530.jpg,/path/to/meme-template-id/Social_Media/random_sampled/sample_0530.jpg,Non-Meme,Non-Meme,0.096553266,0.5385792851448059,0.54476094
sample_0531.jpg,/path/to/meme-template-id/Social_Media/random_sampled/sample_0531.jpg,angela-scared-dwight,Templated-Meme,0.8773862,0.5385792851448059,0.08918363
sample_0532.jpg,/path/to/meme-template-id/Social_Media/random_sampled/sample_0532.jpg,Non-Meme,Non-Meme,0.07932623,0.5385792851448059,0.19467899
sample_0533.jpg,/path/to/meme-template-id/Social_Media/random_sampled/sample_0533.jpg,creepy-condescending-wonka,Templated-Meme,0.85200673,0.5385792851448059,0.99907804
sample_0534.jpg,/path/to/meme-template-id/Social_Media/random_sampled/sample_0534.jpg,Non-Meme,Non-Meme,0.4610476,0.5385792851448059,0.98735774
sample_0535.jpg,/path/to/meme-template-id/Social_Media/random_sampled/sample_0535.jpg,Non-Meme,Non-Meme,0.3661856,0.5385792851448059,0.53548694
sample_0536.jpg,/path/to/meme-template-id/Social_Media/random_sampled/sample_0536.jpg,Non-Meme,Non-Meme,0.29902434,0.5385792851448059,0.081906386
sample_0537.jpg,/path/to/meme-template-id/Social_Media/random_sampled/sample_0537.jpg,drake_hotline_bling_normal,Templated-Meme,0.9977331,0.5385792851448059,0.9885737
sample_0538.jpg,/path/to/meme-template-id/Social_Media/random_sampled/sample_0538.jpg,nobody-absolutely-no-one,Templated-Meme,0.9949745,0.5385792851448059,0.20096037
sample_0539.jpg,/path/to/meme-template-id/Social_Media/random_sampled/sample_0539.jpg,Non-Meme,Non-Meme,0.075807266,0.5385792851448059,0.22932938
sample_0540.jpg,/path/to/meme-template-id/Social_Media/random_sampled/sample_0540.jpg,blinking-guy,Templated-Meme,0.9957534,0.5385792851448059,0.26330507
sample_0541.jpg,/path/to/meme-template-id/Social_Media/random_sampled/sample_0541.jpg,pepe-the-frog,Templated-Meme,0.5410779,0.5385792851448059,0.2697703
sample_0542.jpg,/path/to/meme-template-id/Social_Media/random_sampled/sample_0542.jpg,s07_bad_luck_brian_zombie,Templated-Meme,0.94632596,0.5385792851448059,0.28090182
sample_0543.jpg,/path/to/meme-template-id/Social_Media/random_sampled/sample_0543.jpg,nobody-absolutely-no-one,Templated-Meme,0.8038758,0.5385792851448059,0.09694437
sample_0544.jpg,/path/to/meme-template-id/Social_Media/random_sampled/sample_0544.jpg,Non-Meme,Non-Meme,0.09539758,0.5385792851448059,0.7282258
sample_0545.jpg,/path/to/meme-template-id/Social_Media/random_sampled/sample_0545.jpg,i-can-has-cheezburger-cat,Templated-Meme,0.80844575,0.5385792851448059,0.3354672
sample_0546.jpg,/path/to/meme-template-id/Social_Media/random_sampled/sample_0546.jpg,Non-Meme,Non-Meme,0.020124523,0.5385792851448059,0.33443543
sample_0547.jpg,/path/to/meme-template-id/Social_Media/random_sampled/sample_0547.jpg,what_my_friends_think_i_do,Templated-Meme,0.98959655,0.5385792851448059,0.15208626
sample_0548.jpg,/path/to/meme-template-id/Social_Media/random_sampled/sample_0548.jpg,huell-money,Templated-Meme,0.9907645,0.5385792851448059,0.0502839
sample_0549.jpg,/path/to/meme-template-id/Social_Media/random_sampled/sample_0549.jpg,afraid-to-ask-andy,Templated-Meme,0.9999877,0.5385792851448059,0.99911755
sample_0550.jpg,/path/to/meme-template-id/Social_Media/random_sampled/sample_0550.jpg,Non-Meme,Non-Meme,0.34257236,0.5385792851448059,0.28559124
sample_0551.jpg,/path/to/meme-template-id/Social_Media/random_sampled/sample_0551.jpg,keep-calm-and-carry-on-purple,Templated-Meme,0.5486763,0.5385792851448059,0.40956393
sample_0552.jpg,/path/to/meme-template-id/Social_Media/random_sampled/sample_0552.jpg,Non-Meme,Non-Meme,0.0137488935,0.5385792851448059,0.1328502
sample_0553.jpg,/path/to/meme-template-id/Social_Media/random_sampled/sample_0553.jpg,unsettled-tom,Templated-Meme,0.7605693,0.5385792851448059,0.9496167
sample_0554.jpg,/path/to/meme-template-id/Social_Media/random_sampled/sample_0554.jpg,Non-Meme,Non-Meme,0.39725074,0.5385792851448059,0.24609448
sample_0555.jpg,/path/to/meme-template-id/Social_Media/random_sampled/sample_0555.jpg,squidward-chair,Templated-Meme,0.88730294,0.5385792851448059,0.987347
sample_0556.jpg,/path/to/meme-template-id/Social_Media/random_sampled/sample_0556.jpg,blinking-guy,Templated-Meme,0.9977488,0.5385792851448059,0.97479886
sample_0557.jpg,/path/to/meme-template-id/Social_Media/random_sampled/sample_0557.jpg,Non-Meme,Non-Meme,0.013214792,0.5385792851448059,0.26553836
sample_0558.jpg,/path/to/meme-template-id/Social_Media/random_sampled/sample_0558.jpg,who-would-win,Templated-Meme,0.616784,0.5385792851448059,0.21141027
sample_0559.jpg,/path/to/meme-template-id/Social_Media/random_sampled/sample_0559.jpg,blank,Templated-Meme,0.94052845,0.5385792851448059,0.083850965
sample_0560.jpg,/path/to/meme-template-id/Social_Media/random_sampled/sample_0560.jpg,i-know-that-feel-bro,Templated-Meme,0.9931512,0.5385792851448059,0.8751229
sample_0561.jpg,/path/to/meme-template-id/Social_Media/random_sampled/sample_0561.jpg,Non-Meme,Non-Meme,0.38541386,0.5385792851448059,0.25819734
sample_0562.jpg,/path/to/meme-template-id/Social_Media/random_sampled/sample_0562.jpg,Non-Meme,Non-Meme,0.01097072,0.5385792851448059,0.26256618
sample_0563.jpg,/path/to/meme-template-id/Social_Media/random_sampled/sample_0563.jpg,mom-can-we-have,Templated-Meme,0.81247354,0.5385792851448059,0.2212188
sample_0564.jpg,/path/to/meme-template-id/Social_Media/random_sampled/sample_0564.jpg,Non-Meme,Non-Meme,0.37139067,0.5385792851448059,0.9828944
sample_0565.jpg,/path/to/meme-template-id/Social_Media/random_sampled/sample_0565.jpg,Non-Meme,Non-Meme,0.14949316,0.5385792851448059,0.31439772
sample_0566.jpg,/path/to/meme-template-id/Social_Media/random_sampled/sample_0566.jpg,la-noire-press-x-to-doubt,Templated-Meme,0.97615653,0.5385792851448059,0.16533262
sample_0567.jpg,/path/to/meme-template-id/Social_Media/random_sampled/sample_0567.jpg,Non-Meme,Non-Meme,0.20877537,0.5385792851448059,0.16223544
sample_0568.jpg,/path/to/meme-template-id/Social_Media/random_sampled/sample_0568.jpg,am-i-a-joke-to-you,Templated-Meme,0.9576031,0.5385792851448059,0.21144097
sample_0569.jpg,/path/to/meme-template-id/Social_Media/random_sampled/sample_0569.jpg,laughing-goat,Templated-Meme,0.971447,0.5385792851448059,0.13968152
sample_0570.jpg,/path/to/meme-template-id/Social_Media/random_sampled/sample_0570.jpg,Non-Meme,Non-Meme,0.03261227,0.5385792851448059,0.1541073
sample_0571.jpg,/path/to/meme-template-id/Social_Media/random_sampled/sample_0571.jpg,Non-Meme,Non-Meme,0.02513726,0.5385792851448059,0.3055738
sample_0572.jpg,/path/to/meme-template-id/Social_Media/random_sampled/sample_0572.jpg,Non-Meme,Non-Meme,0.42358354,0.5385792851448059,0.14170893
sample_0573.jpg,/path/to/meme-template-id/Social_Media/random_sampled/sample_0573.jpg,s03_this_is_fine_family,Templated-Meme,0.8694671,0.5385792851448059,0.1916016
sample_0574.jpg,/path/to/meme-template-id/Social_Media/random_sampled/sample_0574.jpg,nobody-absolutely-no-one,Templated-Meme,0.901374,0.5385792851448059,0.2717881
sample_0575.jpg,/path/to/meme-template-id/Social_Media/random_sampled/sample_0575.jpg,Non-Meme,Non-Meme,0.026225585,0.5385792851448059,0.83618784
sample_0576.jpg,/path/to/meme-template-id/Social_Media/random_sampled/sample_0576.jpg,Non-Meme,Non-Meme,0.112979636,0.5385792851448059,0.9346952
sample_0577.jpg,/path/to/meme-template-id/Social_Media/random_sampled/sample_0577.jpg,Non-Meme,Non-Meme,0.14656849,0.5385792851448059,0.06982107
sample_0578.jpg,/path/to/meme-template-id/Social_Media/random_sampled/sample_0578.jpg,uno-draw-25-cards,Templated-Meme,0.9924629,0.5385792851448059,0.18966904
sample_0579.jpg,/path/to/meme-template-id/Social_Media/random_sampled/sample_0579.jpg,blank-starter-pack,Templated-Meme,0.8734667,0.5385792851448059,0.31087777
sample_0580.jpg,/path/to/meme-template-id/Social_Media/random_sampled/sample_0580.jpg,pepe-the-frog,Templated-Meme,0.9933883,0.5385792851448059,0.41215554
sample_0581.jpg,/path/to/meme-template-id/Social_Media/random_sampled/sample_0581.jpg,four-horsemen,Templated-Meme,0.9914145,0.5385792851448059,0.2129955
sample_0582.jpg,/path/to/meme-template-id/Social_Media/random_sampled/sample_0582.jpg,nick-young,Templated-Meme,0.92052734,0.5385792851448059,0.121440634
sample_0583.jpg,/path/to/meme-template-id/Social_Media/random_sampled/sample_0583.jpg,lisa-simpsons-presentation,Templated-Meme,0.96023244,0.5385792851448059,0.9996024
sample_0584.jpg,/path/to/meme-template-id/Social_Media/random_sampled/sample_0584.jpg,la-noire-press-x-to-doubt,Templated-Meme,0.99675816,0.5385792851448059,0.11049049
sample_0585.jpg,/path/to/meme-template-id/Social_Media/random_sampled/sample_0585.jpg,Non-Meme,Non-Meme,0.076491095,0.5385792851448059,0.33650038
sample_0586.jpg,/path/to/meme-template-id/Social_Media/random_sampled/sample_0586.jpg,Non-Meme,Non-Meme,0.08106195,0.5385792851448059,0.67986304
sample_0587.jpg,/path/to/meme-template-id/Social_Media/random_sampled/sample_0587.jpg,big-brain-wojak,Templated-Meme,0.95558655,0.5385792851448059,0.1175502
sample_0588.jpg,/path/to/meme-template-id/Social_Media/random_sampled/sample_0588.jpg,Non-Meme,Non-Meme,0.038391687,0.5385792851448059,0.8515473
sample_0589.jpg,/path/to/meme-template-id/Social_Media/random_sampled/sample_0589.jpg,blinking-guy,Templated-Meme,0.9637771,0.5385792851448059,0.21530324
sample_0590.jpg,/path/to/meme-template-id/Social_Media/random_sampled/sample_0590.jpg,computer-nerd,Templated-Meme,0.9523503,0.5385792851448059,0.2130225
sample_0591.jpg,/path/to/meme-template-id/Social_Media/random_sampled/sample_0591.jpg,its-time-to-start-asking-yourself-the-big-questions-meme,Templated-Meme,0.97990865,0.5385792851448059,0.48978543
sample_0592.jpg,/path/to/meme-template-id/Social_Media/random_sampled/sample_0592.jpg,Non-Meme,Non-Meme,0.053656936,0.5385792851448059,0.20514329
sample_0593.jpg,/path/to/meme-template-id/Social_Media/random_sampled/sample_0593.jpg,Non-Meme,Non-Meme,0.023509037,0.5385792851448059,0.26087996
sample_0594.jpg,/path/to/meme-template-id/Social_Media/random_sampled/sample_0594.jpg,mozart_not_sure,Templated-Meme,0.7025964,0.5385792851448059,0.93398875
sample_0595.jpg,/path/to/meme-template-id/Social_Media/random_sampled/sample_0595.jpg,whisper-and-goosebumps,Templated-Meme,0.9150951,0.5385792851448059,0.11572658
sample_0596.jpg,/path/to/meme-template-id/Social_Media/random_sampled/sample_0596.jpg,listen-here-you-little-shit-bird,Templated-Meme,0.94887763,0.5385792851448059,0.9987901
sample_0597.jpg,/path/to/meme-template-id/Social_Media/random_sampled/sample_0597.jpg,Non-Meme,Non-Meme,0.17693245,0.5385792851448059,0.7142921
sample_0598.jpg,/path/to/meme-template-id/Social_Media/random_sampled/sample_0598.jpg,aint-nobody-got-time-for-that,Templated-Meme,0.99959296,0.5385792851448059,0.17932
sample_0599.jpg,/path/to/meme-template-id/Social_Media/random_sampled/sample_0599.jpg,Non-Meme,Non-Meme,0.42751443,0.5385792851448059,0.4945523
sample_0600.jpg,/path/to/meme-template-id/Social_Media/random_sampled/sample_0600.jpg,Non-Meme,Non-Meme,0.015540869,0.5385792851448059,0.29195523
sample_0601.jpg,/path/to/meme-template-id/Social_Media/random_sampled/sample_0601.jpg,thanos-perfectly-balanced-as-all-things-should-be,Templated-Meme,0.80333245,0.5385792851448059,0.32584694
sample_0602.jpg,/path/to/meme-template-id/Social_Media/random_sampled/sample_0602.jpg,peter-parker-cry,Templated-Meme,0.94736606,0.5385792851448059,0.11667425
sample_0603.jpg,/path/to/meme-template-id/Social_Media/random_sampled/sample_0603.jpg,pepe-the-frog,Templated-Meme,0.99555653,0.5385792851448059,0.536895
sample_0604.jpg,/path/to/meme-template-id/Social_Media/random_sampled/sample_0604.jpg,blank-starter-pack,Templated-Meme,0.9924414,0.5385792851448059,0.088981815
sample_0605.jpg,/path/to/meme-template-id/Social_Media/random_sampled/sample_0605.jpg,computer_guy,Templated-Meme,0.754732,0.5385792851448059,0.11733625
sample_0606.jpg,/path/to/meme-template-id/Social_Media/random_sampled/sample_0606.jpg,skinner-pathetic,Templated-Meme,0.99929464,0.5385792851448059,0.42034045
sample_0607.jpg,/path/to/meme-template-id/Social_Media/random_sampled/sample_0607.jpg,blank-nut-button,Templated-Meme,0.88901323,0.5385792851448059,0.8956929
sample_0608.jpg,/path/to/meme-template-id/Social_Media/random_sampled/sample_0608.jpg,whisper-and-goosebumps,Templated-Meme,0.7940349,0.5385792851448059,0.0996466
sample_0609.jpg,/path/to/meme-template-id/Social_Media/random_sampled/sample_0609.jpg,i-have-no-idea-what-i-am-doing-dog,Templated-Meme,0.9970335,0.5385792851448059,0.99781954
sample_0610.jpg,/path/to/meme-template-id/Social_Media/random_sampled/sample_0610.jpg,what-if-you-wanted-to-go-to-heaven,Templated-Meme,0.8901944,0.5385792851448059,0.48456147
sample_0611.jpg,/path/to/meme-template-id/Social_Media/random_sampled/sample_0611.jpg,nobody-absolutely-no-one,Templated-Meme,0.87955177,0.5385792851448059,0.39562082
sample_0612.jpg,/path/to/meme-template-id/Social_Media/random_sampled/sample_0612.jpg,s09_blank_blue_colored_family,Templated-Meme,0.93862605,0.5385792851448059,0.13058922
sample_0613.jpg,/path/to/meme-template-id/Social_Media/random_sampled/sample_0613.jpg,advice-dog,Templated-Meme,0.99751353,0.5385792851448059,0.32556567
sample_0614.jpg,/path/to/meme-template-id/Social_Media/random_sampled/sample_0614.jpg,whisper-and-goosebumps,Templated-Meme,0.633162,0.5385792851448059,0.39699307
sample_0615.jpg,/path/to/meme-template-id/Social_Media/random_sampled/sample_0615.jpg,eric-andre-let-me-in-meme,Templated-Meme,0.8588235,0.5385792851448059,0.99849343
sample_0616.jpg,/path/to/meme-template-id/Social_Media/random_sampled/sample_0616.jpg,how-about-no-bear,Templated-Meme,0.9717705,0.5385792851448059,0.20475757
sample_0617.jpg,/path/to/meme-template-id/Social_Media/random_sampled/sample_0617.jpg,Non-Meme,Non-Meme,0.45427597,0.5385792851448059,0.6037161
sample_0618.jpg,/path/to/meme-template-id/Social_Media/random_sampled/sample_0618.jpg,comparison-table,Templated-Meme,0.65886235,0.5385792851448059,0.5448465
sample_0619.jpg,/path/to/meme-template-id/Social_Media/random_sampled/sample_0619.jpg,donald-trump-mugshot,Templated-Meme,0.5495394,0.5385792851448059,0.43507433
sample_0620.jpg,/path/to/meme-template-id/Social_Media/random_sampled/sample_0620.jpg,Non-Meme,Non-Meme,0.23262757,0.5385792851448059,0.16012678
sample_0621.jpg,/path/to/meme-template-id/Social_Media/random_sampled/sample_0621.jpg,Non-Meme,Non-Meme,0.04078706,0.5385792851448059,0.24815635
sample_0622.jpg,/path/to/meme-template-id/Social_Media/random_sampled/sample_0622.jpg,Non-Meme,Non-Meme,0.0043221735,0.5385792851448059,0.38208112
sample_0623.jpg,/path/to/meme-template-id/Social_Media/random_sampled/sample_0623.jpg,Non-Meme,Non-Meme,0.055065114,0.5385792851448059,0.1464822
sample_0624.jpg,/path/to/meme-template-id/Social_Media/random_sampled/sample_0624.jpg,giga-chad,Templated-Meme,0.95168746,0.5385792851448059,0.19676171
sample_0625.jpg,/path/to/meme-template-id/Social_Media/random_sampled/sample_0625.jpg,you-should-kill-yourself-now,Templated-Meme,0.88368666,0.5385792851448059,0.11616479
sample_0626.jpg,/path/to/meme-template-id/Social_Media/random_sampled/sample_0626.jpg,life-is-good-but-it-can-be-better,Templated-Meme,0.99958974,0.5385792851448059,0.095090926
sample_0627.jpg,/path/to/meme-template-id/Social_Media/random_sampled/sample_0627.jpg,pepe-the-frog,Templated-Meme,0.5933514,0.5385792851448059,0.13483162
sample_0628.jpg,/path/to/meme-template-id/Social_Media/random_sampled/sample_0628.jpg,Non-Meme,Non-Meme,0.5096398,0.5385792851448059,0.16898204
sample_0629.jpg,/path/to/meme-template-id/Social_Media/random_sampled/sample_0629.jpg,keep-calm-and-carry-on-purple,Templated-Meme,0.8037769,0.5385792851448059,0.53815365
sample_0630.jpg,/path/to/meme-template-id/Social_Media/random_sampled/sample_0630.jpg,i-bet-hes-thinking-about-other-women,Templated-Meme,0.65372026,0.5385792851448059,0.17897774
sample_0631.jpg,/path/to/meme-template-id/Social_Media/random_sampled/sample_0631.jpg,i-can-has-cheezburger-cat,Templated-Meme,0.68142915,0.5385792851448059,0.17870887
sample_0632.jpg,/path/to/meme-template-id/Social_Media/random_sampled/sample_0632.jpg,Non-Meme,Non-Meme,0.24290518,0.5385792851448059,0.1821483
sample_0633.jpg,/path/to/meme-template-id/Social_Media/random_sampled/sample_0633.jpg,s09_blank_blue_colored_family,Templated-Meme,0.9582986,0.5385792851448059,0.30593887
sample_0634.jpg,/path/to/meme-template-id/Social_Media/random_sampled/sample_0634.jpg,joker-its-simple-we-kill-the-batman,Templated-Meme,0.9885472,0.5385792851448059,0.26759902
sample_0635.jpg,/path/to/meme-template-id/Social_Media/random_sampled/sample_0635.jpg,actual-advice-mallard,Templated-Meme,0.8006187,0.5385792851448059,0.9999403
sample_0636.jpg,/path/to/meme-template-id/Social_Media/random_sampled/sample_0636.jpg,what-if-you-but-god-said,Templated-Meme,0.99969137,0.5385792851448059,0.80803686
sample_0637.jpg,/path/to/meme-template-id/Social_Media/random_sampled/sample_0637.jpg,Non-Meme,Non-Meme,0.056863353,0.5385792851448059,0.31646302
sample_0638.jpg,/path/to/meme-template-id/Social_Media/random_sampled/sample_0638.jpg,Non-Meme,Non-Meme,0.063053384,0.5385792851448059,0.4965769
sample_0639.jpg,/path/to/meme-template-id/Social_Media/random_sampled/sample_0639.jpg,feels-good-man,Templated-Meme,0.9324353,0.5385792851448059,0.12433789
sample_0640.jpg,/path/to/meme-template-id/Social_Media/random_sampled/sample_0640.jpg,dead-baby-voldemort-what-happened-to-him,Templated-Meme,0.97660863,0.5385792851448059,0.99906486
sample_0641.jpg,/path/to/meme-template-id/Social_Media/random_sampled/sample_0641.jpg,m15_homer_bush,Templated-Meme,0.9638832,0.5385792851448059,0.9989759
sample_0642.jpg,/path/to/meme-template-id/Social_Media/random_sampled/sample_0642.jpg,Non-Meme,Non-Meme,0.19672514,0.5385792851448059,0.19565798
sample_0643.jpg,/path/to/meme-template-id/Social_Media/random_sampled/sample_0643.jpg,disloyal-boyfriend,Templated-Meme,0.8903356,0.5385792851448059,0.92114484
sample_0644.jpg,/path/to/meme-template-id/Social_Media/random_sampled/sample_0644.jpg,Non-Meme,Non-Meme,0.180739,0.5385792851448059,0.2651426
sample_0645.jpg,/path/to/meme-template-id/Social_Media/random_sampled/sample_0645.jpg,disappearing,Templated-Meme,0.9139258,0.5385792851448059,0.98492754
sample_0646.jpg,/path/to/meme-template-id/Social_Media/random_sampled/sample_0646.jpg,Non-Meme,Non-Meme,0.5331766,0.5385792851448059,0.19682549
sample_0647.jpg,/path/to/meme-template-id/Social_Media/random_sampled/sample_0647.jpg,arthur-fist,Templated-Meme,0.9987049,0.5385792851448059,0.9943007
sample_0648.jpg,/path/to/meme-template-id/Social_Media/random_sampled/sample_0648.jpg,panik-kalm-panik,Templated-Meme,0.98542434,0.5385792851448059,0.9992719
sample_0649.jpg,/path/to/meme-template-id/Social_Media/random_sampled/sample_0649.jpg,panik-kalm-panik,Templated-Meme,0.98822325,0.5385792851448059,0.7664145
sample_0650.jpg,/path/to/meme-template-id/Social_Media/random_sampled/sample_0650.jpg,gordon-ramsay-kids-vs-adults,Templated-Meme,0.99249107,0.5385792851448059,0.4933105
sample_0651.jpg,/path/to/meme-template-id/Social_Media/random_sampled/sample_0651.jpg,Non-Meme,Non-Meme,0.021454033,0.5385792851448059,0.59188825
sample_0652.jpg,/path/to/meme-template-id/Social_Media/random_sampled/sample_0652.jpg,thats-a-paddlin,Templated-Meme,0.9998517,0.5385792851448059,0.26650465
sample_0653.jpg,/path/to/meme-template-id/Social_Media/random_sampled/sample_0653.jpg,anime-girl-hiding-from-terminator,Templated-Meme,0.99337775,0.5385792851448059,0.9465579
sample_0654.jpg,/path/to/meme-template-id/Social_Media/random_sampled/sample_0654.jpg,Non-Meme,Non-Meme,0.14842562,0.5385792851448059,0.43946058
sample_0655.jpg,/path/to/meme-template-id/Social_Media/random_sampled/sample_0655.jpg,Non-Meme,Non-Meme,0.41098872,0.5385792851448059,0.118387915
sample_0656.jpg,/path/to/meme-template-id/Social_Media/random_sampled/sample_0656.jpg,Non-Meme,Non-Meme,0.40355977,0.5385792851448059,0.11221992
sample_0657.jpg,/path/to/meme-template-id/Social_Media/random_sampled/sample_0657.jpg,m10_captain_phillips,Templated-Meme,0.7416825,0.5385792851448059,0.16985206
sample_0658.jpg,/path/to/meme-template-id/Social_Media/random_sampled/sample_0658.jpg,Non-Meme,Non-Meme,0.05798384,0.5385792851448059,0.6749921
sample_0659.jpg,/path/to/meme-template-id/Social_Media/random_sampled/sample_0659.jpg,you_cant_handle_the_truth,Templated-Meme,0.998719,0.5385792851448059,0.07823886
sample_0660.jpg,/path/to/meme-template-id/Social_Media/random_sampled/sample_0660.jpg,mom-can-we-have,Templated-Meme,0.8984814,0.5385792851448059,0.3344157
sample_0661.jpg,/path/to/meme-template-id/Social_Media/random_sampled/sample_0661.jpg,Non-Meme,Non-Meme,0.04641666,0.5385792851448059,0.479204
sample_0662.jpg,/path/to/meme-template-id/Social_Media/random_sampled/sample_0662.jpg,sad-x-all-the-y,Templated-Meme,0.90170527,0.5385792851448059,0.5392562
sample_0663.jpg,/path/to/meme-template-id/Social_Media/random_sampled/sample_0663.jpg,minor-mistake-marvin,Templated-Meme,0.85382843,0.5385792851448059,0.14480706
sample_0664.jpg,/path/to/meme-template-id/Social_Media/random_sampled/sample_0664.jpg,Non-Meme,Non-Meme,0.22699939,0.5385792851448059,0.29749748
sample_0665.jpg,/path/to/meme-template-id/Social_Media/random_sampled/sample_0665.jpg,nobody-absolutely-no-one,Templated-Meme,0.96226007,0.5385792851448059,0.10432947
sample_0666.jpg,/path/to/meme-template-id/Social_Media/random_sampled/sample_0666.jpg,meg-family-guy-better-than-me,Templated-Meme,0.9999845,0.5385792851448059,0.19722469
sample_0667.jpg,/path/to/meme-template-id/Social_Media/random_sampled/sample_0667.jpg,Non-Meme,Non-Meme,0.0034421957,0.5385792851448059,0.5540818
sample_0668.jpg,/path/to/meme-template-id/Social_Media/random_sampled/sample_0668.jpg,okay-truck,Templated-Meme,0.9302691,0.5385792851448059,0.14673159
sample_0669.jpg,/path/to/meme-template-id/Social_Media/random_sampled/sample_0669.jpg,Non-Meme,Non-Meme,0.05578269,0.5385792851448059,0.13483918
sample_0670.jpg,/path/to/meme-template-id/Social_Media/random_sampled/sample_0670.jpg,bugs-bunny-comunista,Templated-Meme,0.8099245,0.5385792851448059,0.6178405
sample_0671.jpg,/path/to/meme-template-id/Social_Media/random_sampled/sample_0671.jpg,i-can-has-cheezburger-cat,Templated-Meme,0.80248606,0.5385792851448059,0.15597208
sample_0672.jpg,/path/to/meme-template-id/Social_Media/random_sampled/sample_0672.jpg,take-a-seat-cat,Templated-Meme,0.99270755,0.5385792851448059,0.62914085
sample_0673.jpg,/path/to/meme-template-id/Social_Media/random_sampled/sample_0673.jpg,nick-young,Templated-Meme,0.9030168,0.5385792851448059,0.28870595
sample_0674.jpg,/path/to/meme-template-id/Social_Media/random_sampled/sample_0674.jpg,realistic-red-angry-birds,Templated-Meme,0.98620945,0.5385792851448059,0.77430904
sample_0675.jpg,/path/to/meme-template-id/Social_Media/random_sampled/sample_0675.jpg,Non-Meme,Non-Meme,0.17921774,0.5385792851448059,0.6304813
sample_0676.jpg,/path/to/meme-template-id/Social_Media/random_sampled/sample_0676.jpg,Non-Meme,Non-Meme,0.00763185,0.5385792851448059,0.28703177
sample_0677.jpg,/path/to/meme-template-id/Social_Media/random_sampled/sample_0677.jpg,Non-Meme,Non-Meme,0.01911769,0.5385792851448059,0.3456447
sample_0678.jpg,/path/to/meme-template-id/Social_Media/random_sampled/sample_0678.jpg,doge,Templated-Meme,0.58607495,0.5385792851448059,0.997569
sample_0679.jpg,/path/to/meme-template-id/Social_Media/random_sampled/sample_0679.jpg,money_man,Templated-Meme,0.96636283,0.5385792851448059,0.27446744
sample_0680.jpg,/path/to/meme-template-id/Social_Media/random_sampled/sample_0680.jpg,gandhi,Templated-Meme,0.7556217,0.5385792851448059,0.08376372
sample_0681.jpg,/path/to/meme-template-id/Social_Media/random_sampled/sample_0681.jpg,Non-Meme,Non-Meme,0.0077129295,0.5385792851448059,0.24102181
sample_0682.jpg,/path/to/meme-template-id/Social_Media/random_sampled/sample_0682.jpg,Non-Meme,Non-Meme,0.14476848,0.5385792851448059,0.09754828
sample_0683.jpg,/path/to/meme-template-id/Social_Media/random_sampled/sample_0683.jpg,Non-Meme,Non-Meme,0.16905105,0.5385792851448059,0.21153404
sample_0684.jpg,/path/to/meme-template-id/Social_Media/random_sampled/sample_0684.jpg,anime_girl_buying,Templated-Meme,0.97676796,0.5385792851448059,0.50226396
sample_0685.jpg,/path/to/meme-template-id/Social_Media/random_sampled/sample_0685.jpg,Non-Meme,Non-Meme,0.00012224684,0.5385792851448059,0.30835858
sample_0686.jpg,/path/to/meme-template-id/Social_Media/random_sampled/sample_0686.jpg,skyrim-skill-meme,Templated-Meme,0.9767031,0.5385792851448059,0.15773918
sample_0687.jpg,/path/to/meme-template-id/Social_Media/random_sampled/sample_0687.jpg,s09_blank_blue_colored_family,Templated-Meme,0.82941765,0.5385792851448059,0.13186136
sample_0688.jpg,/path/to/meme-template-id/Social_Media/random_sampled/sample_0688.jpg,four-horsemen,Templated-Meme,0.95934767,0.5385792851448059,0.16934252
sample_0689.jpg,/path/to/meme-template-id/Social_Media/random_sampled/sample_0689.jpg,steve-buscemi-fellow-kids,Templated-Meme,0.79821825,0.5385792851448059,0.090142846
sample_0690.jpg,/path/to/meme-template-id/Social_Media/random_sampled/sample_0690.jpg,ancient-aliens,Templated-Meme,0.9988821,0.5385792851448059,0.2331411
sample_0691.jpg,/path/to/meme-template-id/Social_Media/random_sampled/sample_0691.jpg,success-kid-original,Templated-Meme,0.9341449,0.5385792851448059,0.98988825
sample_0692.jpg,/path/to/meme-template-id/Social_Media/random_sampled/sample_0692.jpg,Non-Meme,Non-Meme,0.008633923,0.5385792851448059,0.6605503
sample_0693.jpg,/path/to/meme-template-id/Social_Media/random_sampled/sample_0693.jpg,Non-Meme,Non-Meme,0.017972108,0.5385792851448059,0.36564624
sample_0694.jpg,/path/to/meme-template-id/Social_Media/random_sampled/sample_0694.jpg,Non-Meme,Non-Meme,0.10271975,0.5385792851448059,0.20479795
sample_0695.jpg,/path/to/meme-template-id/Social_Media/random_sampled/sample_0695.jpg,grave-spongebob,Templated-Meme,0.9691196,0.5385792851448059,0.20026895
sample_0696.jpg,/path/to/meme-template-id/Social_Media/random_sampled/sample_0696.jpg,Non-Meme,Non-Meme,0.0013080556,0.5385792851448059,0.36799186
sample_0697.jpg,/path/to/meme-template-id/Social_Media/random_sampled/sample_0697.jpg,Non-Meme,Non-Meme,0.007358331,0.5385792851448059,0.49653903
sample_0698.jpg,/path/to/meme-template-id/Social_Media/random_sampled/sample_0698.jpg,Non-Meme,Non-Meme,0.12904991,0.5385792851448059,0.39962035
sample_0699.jpg,/path/to/meme-template-id/Social_Media/random_sampled/sample_0699.jpg,Non-Meme,Non-Meme,0.07904481,0.5385792851448059,0.648793
sample_0700.jpg,/path/to/meme-template-id/Social_Media/random_sampled/sample_0700.jpg,sneaky-tom,Templated-Meme,0.9019812,0.5385792851448059,0.20142937
sample_0701.jpg,/path/to/meme-template-id/Social_Media/random_sampled/sample_0701.jpg,keep-calm-and-carry-on-purple,Templated-Meme,0.992363,0.5385792851448059,0.108006455
sample_0702.jpg,/path/to/meme-template-id/Social_Media/random_sampled/sample_0702.jpg,Non-Meme,Non-Meme,0.41617903,0.5385792851448059,0.177466
sample_0703.jpg,/path/to/meme-template-id/Social_Media/random_sampled/sample_0703.jpg,Non-Meme,Non-Meme,0.031098906,0.5385792851448059,0.64810234
sample_0704.jpg,/path/to/meme-template-id/Social_Media/random_sampled/sample_0704.jpg,Non-Meme,Non-Meme,0.0019788626,0.5385792851448059,0.19422498
sample_0705.jpg,/path/to/meme-template-id/Social_Media/random_sampled/sample_0705.jpg,born_died_welcome_back,Templated-Meme,0.7955383,0.5385792851448059,0.07871218
sample_0706.jpg,/path/to/meme-template-id/Social_Media/random_sampled/sample_0706.jpg,keep-calm-and-carry-on-purple,Templated-Meme,0.7308247,0.5385792851448059,0.19912805
sample_0707.jpg,/path/to/meme-template-id/Social_Media/random_sampled/sample_0707.jpg,brace-yourself,Templated-Meme,0.8519176,0.5385792851448059,0.1949087
sample_0708.jpg,/path/to/meme-template-id/Social_Media/random_sampled/sample_0708.jpg,relief,Templated-Meme,0.80011135,0.5385792851448059,0.2085638
sample_0709.jpg,/path/to/meme-template-id/Social_Media/random_sampled/sample_0709.jpg,anime_girl_buying,Templated-Meme,0.63167477,0.5385792851448059,0.430681
sample_0710.jpg,/path/to/meme-template-id/Social_Media/random_sampled/sample_0710.jpg,Non-Meme,Non-Meme,0.108936965,0.5385792851448059,0.41855592
sample_0711.jpg,/path/to/meme-template-id/Social_Media/random_sampled/sample_0711.jpg,drake_hotline_bling_normal,Templated-Meme,0.9704695,0.5385792851448059,0.8171094
sample_0712.jpg,/path/to/meme-template-id/Social_Media/random_sampled/sample_0712.jpg,happy-then-sad,Templated-Meme,0.9993825,0.5385792851448059,0.99727565
sample_0713.jpg,/path/to/meme-template-id/Social_Media/random_sampled/sample_0713.jpg,whe-im-in-a-competition-and-my-opponent-is,Templated-Meme,0.9513467,0.5385792851448059,0.14924246
sample_0714.jpg,/path/to/meme-template-id/Social_Media/random_sampled/sample_0714.jpg,anime_girl_buying,Templated-Meme,0.9702829,0.5385792851448059,0.22243877
sample_0715.jpg,/path/to/meme-template-id/Social_Media/random_sampled/sample_0715.jpg,blank-starter-pack,Templated-Meme,0.991033,0.5385792851448059,0.086033836
sample_0716.jpg,/path/to/meme-template-id/Social_Media/random_sampled/sample_0716.jpg,s02_breaking_news_ron_burgundy,Templated-Meme,0.91922647,0.5385792851448059,0.16119906
sample_0717.jpg,/path/to/meme-template-id/Social_Media/random_sampled/sample_0717.jpg,blank-starter-pack,Templated-Meme,0.7908293,0.5385792851448059,0.38159302
sample_0718.jpg,/path/to/meme-template-id/Social_Media/random_sampled/sample_0718.jpg,Non-Meme,Non-Meme,0.0086179795,0.5385792851448059,0.54966986
sample_0719.jpg,/path/to/meme-template-id/Social_Media/random_sampled/sample_0719.jpg,tada-will-smith,Templated-Meme,0.54092896,0.5385792851448059,0.24086508
sample_0720.jpg,/path/to/meme-template-id/Social_Media/random_sampled/sample_0720.jpg,assassination-chain,Templated-Meme,0.9941438,0.5385792851448059,0.9997229
sample_0721.jpg,/path/to/meme-template-id/Social_Media/random_sampled/sample_0721.jpg,born_died_welcome_back,Templated-Meme,0.64708525,0.5385792851448059,0.09689473
sample_0722.jpg,/path/to/meme-template-id/Social_Media/random_sampled/sample_0722.jpg,Non-Meme,Non-Meme,0.4774129,0.5385792851448059,0.37040192
sample_0723.jpg,/path/to/meme-template-id/Social_Media/random_sampled/sample_0723.jpg,nobody-absolutely-no-one,Templated-Meme,0.98197514,0.5385792851448059,0.3784105
sample_0724.jpg,/path/to/meme-template-id/Social_Media/random_sampled/sample_0724.jpg,iceberg,Templated-Meme,0.67810684,0.5385792851448059,0.7429643
sample_0725.jpg,/path/to/meme-template-id/Social_Media/random_sampled/sample_0725.jpg,Non-Meme,Non-Meme,0.5340368,0.5385792851448059,0.20195484
sample_0726.jpg,/path/to/meme-template-id/Social_Media/random_sampled/sample_0726.jpg,Non-Meme,Non-Meme,0.0008169872,0.5385792851448059,0.3699583
sample_0727.jpg,/path/to/meme-template-id/Social_Media/random_sampled/sample_0727.jpg,tom-and-jerry-swordfight,Templated-Meme,0.94162846,0.5385792851448059,0.15795048
sample_0728.jpg,/path/to/meme-template-id/Social_Media/random_sampled/sample_0728.jpg,who-would-win,Templated-Meme,0.80154824,0.5385792851448059,0.39305016
sample_0729.jpg,/path/to/meme-template-id/Social_Media/random_sampled/sample_0729.jpg,Non-Meme,Non-Meme,0.020391883,0.5385792851448059,0.18303071
sample_0730.jpg,/path/to/meme-template-id/Social_Media/random_sampled/sample_0730.jpg,Non-Meme,Non-Meme,0.0011093393,0.5385792851448059,0.21626875
sample_0731.jpg,/path/to/meme-template-id/Social_Media/random_sampled/sample_0731.jpg,vince-mcmahon-reaction-wglowing-eyes,Templated-Meme,0.99770504,0.5385792851448059,0.36024615
sample_0732.jpg,/path/to/meme-template-id/Social_Media/random_sampled/sample_0732.jpg,happy-wojak-vs-depressed-wojak,Templated-Meme,0.9620024,0.5385792851448059,0.22935805
sample_0733.jpg,/path/to/meme-template-id/Social_Media/random_sampled/sample_0733.jpg,born_died_welcome_back,Templated-Meme,0.9968742,0.5385792851448059,0.11023469
sample_0734.jpg,/path/to/meme-template-id/Social_Media/random_sampled/sample_0734.jpg,nobody-absolutely-no-one,Templated-Meme,0.94297475,0.5385792851448059,0.33314624
sample_0735.jpg,/path/to/meme-template-id/Social_Media/random_sampled/sample_0735.jpg,mother-ignoring-kid-drowning-in-a-pool,Templated-Meme,0.92420995,0.5385792851448059,0.11955258
sample_0736.jpg,/path/to/meme-template-id/Social_Media/random_sampled/sample_0736.jpg,panik-kalm-panik,Templated-Meme,0.9968646,0.5385792851448059,0.999668
sample_0737.jpg,/path/to/meme-template-id/Social_Media/random_sampled/sample_0737.jpg,Non-Meme,Non-Meme,0.11669234,0.5385792851448059,0.2465273
sample_0738.jpg,/path/to/meme-template-id/Social_Media/random_sampled/sample_0738.jpg,spongebob_hype_stand,Templated-Meme,0.9590751,0.5385792851448059,0.55654347
sample_0739.jpg,/path/to/meme-template-id/Social_Media/random_sampled/sample_0739.jpg,Non-Meme,Non-Meme,0.008606938,0.5385792851448059,0.51325655
sample_0740.jpg,/path/to/meme-template-id/Social_Media/random_sampled/sample_0740.jpg,big-brain-wojak,Templated-Meme,0.97802275,0.5385792851448059,0.6903997
sample_0741.jpg,/path/to/meme-template-id/Social_Media/random_sampled/sample_0741.jpg,four-horsemen,Templated-Meme,0.9202607,0.5385792851448059,0.19042554
sample_0742.jpg,/path/to/meme-template-id/Social_Media/random_sampled/sample_0742.jpg,nobody-absolutely-no-one,Templated-Meme,0.9176927,0.5385792851448059,0.10748728
sample_0743.jpg,/path/to/meme-template-id/Social_Media/random_sampled/sample_0743.jpg,mom-can-we-have,Templated-Meme,0.79496247,0.5385792851448059,0.42009667
sample_0744.jpg,/path/to/meme-template-id/Social_Media/random_sampled/sample_0744.jpg,Non-Meme,Non-Meme,0.05731834,0.5385792851448059,0.08433592
sample_0745.jpg,/path/to/meme-template-id/Social_Media/random_sampled/sample_0745.jpg,Non-Meme,Non-Meme,0.3559767,0.5385792851448059,0.25349772
sample_0746.jpg,/path/to/meme-template-id/Social_Media/random_sampled/sample_0746.jpg,its-not-going-to-happen,Templated-Meme,0.91049904,0.5385792851448059,0.08497613
sample_0747.jpg,/path/to/meme-template-id/Social_Media/random_sampled/sample_0747.jpg,s09_blank_blue_colored_family,Templated-Meme,0.63804454,0.5385792851448059,0.22335571
sample_0748.jpg,/path/to/meme-template-id/Social_Media/random_sampled/sample_0748.jpg,neil-degrasse-tyson,Templated-Meme,0.790561,0.5385792851448059,0.415907
sample_0749.jpg,/path/to/meme-template-id/Social_Media/random_sampled/sample_0749.jpg,floating-boy-chasing-running-boy,Templated-Meme,0.998264,0.5385792851448059,0.21816391
sample_0750.jpg,/path/to/meme-template-id/Social_Media/random_sampled/sample_0750.jpg,shrek-for-five-minutes,Templated-Meme,0.98356146,0.5385792851448059,0.1927895
sample_0751.jpg,/path/to/meme-template-id/Social_Media/random_sampled/sample_0751.jpg,Non-Meme,Non-Meme,0.08038593,0.5385792851448059,0.7442012
sample_0752.jpg,/path/to/meme-template-id/Social_Media/random_sampled/sample_0752.jpg,happy-minaj,Templated-Meme,0.6748067,0.5385792851448059,0.07726362
sample_0753.jpg,/path/to/meme-template-id/Social_Media/random_sampled/sample_0753.jpg,friend-zone-fiona,Templated-Meme,0.9838718,0.5385792851448059,0.5717605
sample_0754.jpg,/path/to/meme-template-id/Social_Media/random_sampled/sample_0754.jpg,a-ustedes-les-pagan,Templated-Meme,0.9715949,0.5385792851448059,0.9969482
sample_0755.jpg,/path/to/meme-template-id/Social_Media/random_sampled/sample_0755.jpg,allow-us-to-introduce-ourselves,Templated-Meme,0.6730455,0.5385792851448059,0.15206021
sample_0756.jpg,/path/to/meme-template-id/Social_Media/random_sampled/sample_0756.jpg,Non-Meme,Non-Meme,0.03547454,0.5385792851448059,0.74021
sample_0757.jpg,/path/to/meme-template-id/Social_Media/random_sampled/sample_0757.jpg,kombucha-girl,Templated-Meme,0.96459764,0.5385792851448059,0.292801
sample_0758.jpg,/path/to/meme-template-id/Social_Media/random_sampled/sample_0758.jpg,take-a-seat-cat,Templated-Meme,0.7819957,0.5385792851448059,0.33677214
sample_0759.jpg,/path/to/meme-template-id/Social_Media/random_sampled/sample_0759.jpg,nobody-absolutely-no-one,Templated-Meme,0.8082429,0.5385792851448059,0.25525388
sample_0760.jpg,/path/to/meme-template-id/Social_Media/random_sampled/sample_0760.jpg,s03_this_is_fine_family,Templated-Meme,0.98464,0.5385792851448059,0.71968156
sample_0761.jpg,/path/to/meme-template-id/Social_Media/random_sampled/sample_0761.jpg,tuxedo-winnie-the-pooh,Templated-Meme,0.9969312,0.5385792851448059,0.8637611
sample_0762.jpg,/path/to/meme-template-id/Social_Media/random_sampled/sample_0762.jpg,blinking-guy,Templated-Meme,0.9840259,0.5385792851448059,0.65946305
sample_0763.jpg,/path/to/meme-template-id/Social_Media/random_sampled/sample_0763.jpg,Non-Meme,Non-Meme,0.04376333,0.5385792851448059,0.88819677
sample_0764.jpg,/path/to/meme-template-id/Social_Media/random_sampled/sample_0764.jpg,rpg-fan,Templated-Meme,0.9869823,0.5385792851448059,0.82650554
sample_0765.jpg,/path/to/meme-template-id/Social_Media/random_sampled/sample_0765.jpg,Non-Meme,Non-Meme,0.0071638334,0.5385792851448059,0.33674306
sample_0766.jpg,/path/to/meme-template-id/Social_Media/random_sampled/sample_0766.jpg,blank_meme_template,Templated-Meme,0.6237179,0.5385792851448059,0.12602103
sample_0767.jpg,/path/to/meme-template-id/Social_Media/random_sampled/sample_0767.jpg,Non-Meme,Non-Meme,0.006949272,0.5385792851448059,0.4911248
sample_0768.jpg,/path/to/meme-template-id/Social_Media/random_sampled/sample_0768.jpg,skeletor-disturbing-facts,Templated-Meme,0.972089,0.5385792851448059,0.97781837
sample_0769.jpg,/path/to/meme-template-id/Social_Media/random_sampled/sample_0769.jpg,Non-Meme,Non-Meme,0.43345377,0.5385792851448059,0.13648862
sample_0770.jpg,/path/to/meme-template-id/Social_Media/random_sampled/sample_0770.jpg,i-have-no-idea-what-i-am-doing,Templated-Meme,0.94038314,0.5385792851448059,0.09469625
sample_0771.jpg,/path/to/meme-template-id/Social_Media/random_sampled/sample_0771.jpg,Non-Meme,Non-Meme,0.1040753,0.5385792851448059,0.19231778
sample_0772.jpg,/path/to/meme-template-id/Social_Media/random_sampled/sample_0772.jpg,la-vieja-confiable,Templated-Meme,0.9948525,0.5385792851448059,0.99927825
sample_0773.jpg,/path/to/meme-template-id/Social_Media/random_sampled/sample_0773.jpg,mom-can-we-have,Templated-Meme,0.82896847,0.5385792851448059,0.2296215
sample_0774.jpg,/path/to/meme-template-id/Social_Media/random_sampled/sample_0774.jpg,bird-box,Templated-Meme,0.99514705,0.5385792851448059,0.21014161
sample_0775.jpg,/path/to/meme-template-id/Social_Media/random_sampled/sample_0775.jpg,Non-Meme,Non-Meme,0.015011356,0.5385792851448059,0.16997169
sample_0776.jpg,/path/to/meme-template-id/Social_Media/random_sampled/sample_0776.jpg,damn-got-hands,Templated-Meme,0.9832018,0.5385792851448059,0.99896526
sample_0777.jpg,/path/to/meme-template-id/Social_Media/random_sampled/sample_0777.jpg,Non-Meme,Non-Meme,0.19813217,0.5385792851448059,0.2105392
sample_0778.jpg,/path/to/meme-template-id/Social_Media/random_sampled/sample_0778.jpg,Non-Meme,Non-Meme,0.04217961,0.5385792851448059,0.24727708
sample_0779.jpg,/path/to/meme-template-id/Social_Media/random_sampled/sample_0779.jpg,nobody-absolutely-no-one,Templated-Meme,0.72603685,0.5385792851448059,0.3225727
sample_0780.jpg,/path/to/meme-template-id/Social_Media/random_sampled/sample_0780.jpg,nobody-absolutely-no-one,Templated-Meme,0.9281758,0.5385792851448059,0.2508368
sample_0781.jpg,/path/to/meme-template-id/Social_Media/random_sampled/sample_0781.jpg,crying-wojak-vs-chad,Templated-Meme,0.64751047,0.5385792851448059,0.15237437
sample_0782.jpg,/path/to/meme-template-id/Social_Media/random_sampled/sample_0782.jpg,drake_hotline_bling_normal,Templated-Meme,0.9990195,0.5385792851448059,0.98635757
sample_0783.jpg,/path/to/meme-template-id/Social_Media/random_sampled/sample_0783.jpg,Non-Meme,Non-Meme,0.0175319,0.5385792851448059,0.3154647
sample_0784.jpg,/path/to/meme-template-id/Social_Media/random_sampled/sample_0784.jpg,Non-Meme,Non-Meme,0.18009183,0.5385792851448059,0.21712035
sample_0785.jpg,/path/to/meme-template-id/Social_Media/random_sampled/sample_0785.jpg,tom_cruise_laugh,Templated-Meme,0.9735989,0.5385792851448059,0.15068193
sample_0786.jpg,/path/to/meme-template-id/Social_Media/random_sampled/sample_0786.jpg,blank_comic_panel_2x1,Templated-Meme,0.93052435,0.5385792851448059,0.10120687
sample_0787.jpg,/path/to/meme-template-id/Social_Media/random_sampled/sample_0787.jpg,Non-Meme,Non-Meme,0.2655728,0.5385792851448059,0.90267396
sample_0788.jpg,/path/to/meme-template-id/Social_Media/random_sampled/sample_0788.jpg,Non-Meme,Non-Meme,0.36720124,0.5385792851448059,0.18385282
sample_0789.jpg,/path/to/meme-template-id/Social_Media/random_sampled/sample_0789.jpg,stonks,Templated-Meme,0.9985989,0.5385792851448059,0.9969181
sample_0790.jpg,/path/to/meme-template-id/Social_Media/random_sampled/sample_0790.jpg,the-cooler-daniel,Templated-Meme,0.67240965,0.5385792851448059,0.1617125
sample_0791.jpg,/path/to/meme-template-id/Social_Media/random_sampled/sample_0791.jpg,oh-no-anyway,Templated-Meme,0.8773407,0.5385792851448059,0.14909694
sample_0792.jpg,/path/to/meme-template-id/Social_Media/random_sampled/sample_0792.jpg,expanding-brain,Templated-Meme,0.9907418,0.5385792851448059,0.51441
sample_0793.jpg,/path/to/meme-template-id/Social_Media/random_sampled/sample_0793.jpg,Non-Meme,Non-Meme,0.17601565,0.5385792851448059,0.16539687
sample_0794.jpg,/path/to/meme-template-id/Social_Media/random_sampled/sample_0794.jpg,1990s-first-world-problems,Templated-Meme,0.64233553,0.5385792851448059,0.35335508
sample_0795.jpg,/path/to/meme-template-id/Social_Media/random_sampled/sample_0795.jpg,chris-farley-for-the-love-of-god,Templated-Meme,0.9038605,0.5385792851448059,0.53108454
sample_0796.jpg,/path/to/meme-template-id/Social_Media/random_sampled/sample_0796.jpg,look-how-they-massacred-my-boy,Templated-Meme,0.8686721,0.5385792851448059,0.45356908
sample_0797.jpg,/path/to/meme-template-id/Social_Media/random_sampled/sample_0797.jpg,Non-Meme,Non-Meme,0.059116334,0.5385792851448059,0.87802577
sample_0798.jpg,/path/to/meme-template-id/Social_Media/random_sampled/sample_0798.jpg,srgrafo-dude-wtf,Templated-Meme,0.997195,0.5385792851448059,0.60510814
sample_0799.jpg,/path/to/meme-template-id/Social_Media/random_sampled/sample_0799.jpg,i-can-has-cheezburger-cat,Templated-Meme,0.9904054,0.5385792851448059,0.46945095
sample_0800.jpg,/path/to/meme-template-id/Social_Media/random_sampled/sample_0800.jpg,deadpool-surprised,Templated-Meme,0.9812243,0.5385792851448059,0.5412006
sample_0801.jpg,/path/to/meme-template-id/Social_Media/random_sampled/sample_0801.jpg,friend-zone-fiona,Templated-Meme,0.89205635,0.5385792851448059,0.16329205
sample_0802.jpg,/path/to/meme-template-id/Social_Media/random_sampled/sample_0802.jpg,Non-Meme,Non-Meme,0.10705632,0.5385792851448059,0.104455456
sample_0803.jpg,/path/to/meme-template-id/Social_Media/random_sampled/sample_0803.jpg,nobody-absolutely-no-one,Templated-Meme,0.65757686,0.5385792851448059,0.15564863
sample_0804.jpg,/path/to/meme-template-id/Social_Media/random_sampled/sample_0804.jpg,Non-Meme,Non-Meme,0.3622773,0.5385792851448059,0.1836901
sample_0805.jpg,/path/to/meme-template-id/Social_Media/random_sampled/sample_0805.jpg,Non-Meme,Non-Meme,0.31990126,0.5385792851448059,0.36905718
sample_0806.jpg,/path/to/meme-template-id/Social_Media/random_sampled/sample_0806.jpg,shrek-for-five-minutes,Templated-Meme,0.9998698,0.5385792851448059,0.19631942
sample_0807.jpg,/path/to/meme-template-id/Social_Media/random_sampled/sample_0807.jpg,whatcha-got-there,Templated-Meme,0.9727853,0.5385792851448059,0.3014276
sample_0808.jpg,/path/to/meme-template-id/Social_Media/random_sampled/sample_0808.jpg,Non-Meme,Non-Meme,0.20118435,0.5385792851448059,0.39727065
sample_0809.jpg,/path/to/meme-template-id/Social_Media/random_sampled/sample_0809.jpg,pepe-the-frog,Templated-Meme,0.99213046,0.5385792851448059,0.6865958
sample_0810.jpg,/path/to/meme-template-id/Social_Media/random_sampled/sample_0810.jpg,Non-Meme,Non-Meme,0.01749915,0.5385792851448059,0.7352962
sample_0811.jpg,/path/to/meme-template-id/Social_Media/random_sampled/sample_0811.jpg,Non-Meme,Non-Meme,0.06739032,0.5385792851448059,0.7882077
sample_0812.jpg,/path/to/meme-template-id/Social_Media/random_sampled/sample_0812.jpg,Non-Meme,Non-Meme,0.16174994,0.5385792851448059,0.5289983
sample_0813.jpg,/path/to/meme-template-id/Social_Media/random_sampled/sample_0813.jpg,genie_rules_meme,Templated-Meme,0.9719285,0.5385792851448059,0.9938638
sample_0814.jpg,/path/to/meme-template-id/Social_Media/random_sampled/sample_0814.jpg,make_your_own_meme,Templated-Meme,0.70618784,0.5385792851448059,0.12377708
sample_0815.jpg,/path/to/meme-template-id/Social_Media/random_sampled/sample_0815.jpg,kombucha-girl,Templated-Meme,0.86896694,0.5385792851448059,0.25062612
sample_0816.jpg,/path/to/meme-template-id/Social_Media/random_sampled/sample_0816.jpg,floating-boy-chasing-running-boy,Templated-Meme,0.8330524,0.5385792851448059,0.11669455
sample_0817.jpg,/path/to/meme-template-id/Social_Media/random_sampled/sample_0817.jpg,rarity,Templated-Meme,0.9217504,0.5385792851448059,0.251695
sample_0818.jpg,/path/to/meme-template-id/Social_Media/random_sampled/sample_0818.jpg,nobody-absolutely-no-one,Templated-Meme,0.73275805,0.5385792851448059,0.418733
sample_0819.jpg,/path/to/meme-template-id/Social_Media/random_sampled/sample_0819.jpg,unsettled-tom,Templated-Meme,0.92751944,0.5385792851448059,0.9947343
sample_0820.jpg,/path/to/meme-template-id/Social_Media/random_sampled/sample_0820.jpg,s09_blank_blue_colored_family,Templated-Meme,0.89253175,0.5385792851448059,0.31487468
sample_0821.jpg,/path/to/meme-template-id/Social_Media/random_sampled/sample_0821.jpg,it-is-time-to-go,Templated-Meme,0.9460511,0.5385792851448059,0.25042054
sample_0822.jpg,/path/to/meme-template-id/Social_Media/random_sampled/sample_0822.jpg,nobody-absolutely-no-one,Templated-Meme,0.85605603,0.5385792851448059,0.4734034
sample_0823.jpg,/path/to/meme-template-id/Social_Media/random_sampled/sample_0823.jpg,Non-Meme,Non-Meme,0.501503,0.5385792851448059,0.5145547
sample_0824.jpg,/path/to/meme-template-id/Social_Media/random_sampled/sample_0824.jpg,lisa-simpsons-presentation,Templated-Meme,0.9376339,0.5385792851448059,0.9999144
sample_0825.jpg,/path/to/meme-template-id/Social_Media/random_sampled/sample_0825.jpg,Non-Meme,Non-Meme,0.53496444,0.5385792851448059,0.7877984
sample_0826.jpg,/path/to/meme-template-id/Social_Media/random_sampled/sample_0826.jpg,Non-Meme,Non-Meme,0.07963757,0.5385792851448059,0.7555263
sample_0827.jpg,/path/to/meme-template-id/Social_Media/random_sampled/sample_0827.jpg,Non-Meme,Non-Meme,0.4155472,0.5385792851448059,0.10049584
sample_0828.jpg,/path/to/meme-template-id/Social_Media/random_sampled/sample_0828.jpg,both-buttons-pressed,Templated-Meme,0.9805058,0.5385792851448059,0.19477597
sample_0829.jpg,/path/to/meme-template-id/Social_Media/random_sampled/sample_0829.jpg,nobody-absolutely-no-one,Templated-Meme,0.59076303,0.5385792851448059,0.23612179
sample_0830.jpg,/path/to/meme-template-id/Social_Media/random_sampled/sample_0830.jpg,left-exit-12-off-ramp,Templated-Meme,0.85279965,0.5385792851448059,0.99999714
sample_0831.jpg,/path/to/meme-template-id/Social_Media/random_sampled/sample_0831.jpg,born_died_welcome_back,Templated-Meme,0.5490801,0.5385792851448059,0.08864642
sample_0832.jpg,/path/to/meme-template-id/Social_Media/random_sampled/sample_0832.jpg,Non-Meme,Non-Meme,0.52846605,0.5385792851448059,0.13143842
sample_0833.jpg,/path/to/meme-template-id/Social_Media/random_sampled/sample_0833.jpg,s06_grus_plan_four_five_panel,Templated-Meme,0.800279,0.5385792851448059,0.99992716
sample_0834.jpg,/path/to/meme-template-id/Social_Media/random_sampled/sample_0834.jpg,four-horsemen,Templated-Meme,0.84215194,0.5385792851448059,0.19472443
sample_0835.jpg,/path/to/meme-template-id/Social_Media/random_sampled/sample_0835.jpg,oh-no-anyway,Templated-Meme,0.8210199,0.5385792851448059,0.13132785
sample_0836.jpg,/path/to/meme-template-id/Social_Media/random_sampled/sample_0836.jpg,Non-Meme,Non-Meme,0.28462976,0.5385792851448059,0.8462105
sample_0837.jpg,/path/to/meme-template-id/Social_Media/random_sampled/sample_0837.jpg,surprised-joey,Templated-Meme,0.9774819,0.5385792851448059,0.38080975
sample_0838.jpg,/path/to/meme-template-id/Social_Media/random_sampled/sample_0838.jpg,i-bet-hes-thinking-about-other-women,Templated-Meme,0.6657255,0.5385792851448059,0.8452652
sample_0839.jpg,/path/to/meme-template-id/Social_Media/random_sampled/sample_0839.jpg,windows-error-message,Templated-Meme,0.9347495,0.5385792851448059,0.24434431
sample_0840.jpg,/path/to/meme-template-id/Social_Media/random_sampled/sample_0840.jpg,Non-Meme,Non-Meme,0.0034774127,0.5385792851448059,0.87408465
sample_0841.jpg,/path/to/meme-template-id/Social_Media/random_sampled/sample_0841.jpg,bugs-bunny-comunista,Templated-Meme,0.7326628,0.5385792851448059,0.57924074
sample_0842.jpg,/path/to/meme-template-id/Social_Media/random_sampled/sample_0842.jpg,black-guy-crying-and-black-guy-laughing,Templated-Meme,0.86287576,0.5385792851448059,0.9942135
sample_0843.jpg,/path/to/meme-template-id/Social_Media/random_sampled/sample_0843.jpg,pepe-the-frog,Templated-Meme,0.99880886,0.5385792851448059,0.16657014
sample_0844.jpg,/path/to/meme-template-id/Social_Media/random_sampled/sample_0844.jpg,skeletor-disturbing-facts,Templated-Meme,0.99118996,0.5385792851448059,0.09313015
sample_0845.jpg,/path/to/meme-template-id/Social_Media/random_sampled/sample_0845.jpg,Non-Meme,Non-Meme,0.00936177,0.5385792851448059,0.12259068
sample_0846.jpg,/path/to/meme-template-id/Social_Media/random_sampled/sample_0846.jpg,Non-Meme,Non-Meme,0.001018944,0.5385792851448059,0.25392058
sample_0847.jpg,/path/to/meme-template-id/Social_Media/random_sampled/sample_0847.jpg,keep-calm-and-carry-on-purple,Templated-Meme,0.59568775,0.5385792851448059,0.94691604
sample_0848.jpg,/path/to/meme-template-id/Social_Media/random_sampled/sample_0848.jpg,nobody-absolutely-no-one,Templated-Meme,0.7735722,0.5385792851448059,0.33286977
sample_0849.jpg,/path/to/meme-template-id/Social_Media/random_sampled/sample_0849.jpg,Non-Meme,Non-Meme,0.22787347,0.5385792851448059,0.46972016
sample_0850.jpg,/path/to/meme-template-id/Social_Media/random_sampled/sample_0850.jpg,you-wouldnt-get-it,Templated-Meme,0.99631304,0.5385792851448059,0.99577373
sample_0851.jpg,/path/to/meme-template-id/Social_Media/random_sampled/sample_0851.jpg,nobody-absolutely-no-one,Templated-Meme,0.7304537,0.5385792851448059,0.23327157
sample_0852.jpg,/path/to/meme-template-id/Social_Media/random_sampled/sample_0852.jpg,Non-Meme,Non-Meme,0.1952921,0.5385792851448059,0.25079295
sample_0853.jpg,/path/to/meme-template-id/Social_Media/random_sampled/sample_0853.jpg,elmo-cocaine,Templated-Meme,0.6645533,0.5385792851448059,0.9999778
sample_0854.jpg,/path/to/meme-template-id/Social_Media/random_sampled/sample_0854.jpg,Non-Meme,Non-Meme,0.014825058,0.5385792851448059,0.2506592
sample_0855.jpg,/path/to/meme-template-id/Social_Media/random_sampled/sample_0855.jpg,Non-Meme,Non-Meme,0.25072026,0.5385792851448059,0.16130005
sample_0856.jpg,/path/to/meme-template-id/Social_Media/random_sampled/sample_0856.jpg,heres-johnny,Templated-Meme,0.9641926,0.5385792851448059,0.6299433
sample_0857.jpg,/path/to/meme-template-id/Social_Media/random_sampled/sample_0857.jpg,blank-starter-pack,Templated-Meme,0.9969988,0.5385792851448059,0.15483087
sample_0858.jpg,/path/to/meme-template-id/Social_Media/random_sampled/sample_0858.jpg,vladimir_putin,Templated-Meme,0.80315346,0.5385792851448059,0.19268222
sample_0859.jpg,/path/to/meme-template-id/Social_Media/random_sampled/sample_0859.jpg,thinking-black-guy,Templated-Meme,0.98842686,0.5385792851448059,0.9443993
sample_0860.jpg,/path/to/meme-template-id/Social_Media/random_sampled/sample_0860.jpg,george-washington,Templated-Meme,0.92491925,0.5385792851448059,0.17446445
sample_0861.jpg,/path/to/meme-template-id/Social_Media/random_sampled/sample_0861.jpg,shocked-black-guy,Templated-Meme,0.546289,0.5385792851448059,0.9740006
sample_0862.jpg,/path/to/meme-template-id/Social_Media/random_sampled/sample_0862.jpg,beard-baby,Templated-Meme,0.7122772,0.5385792851448059,0.39003006
sample_0863.jpg,/path/to/meme-template-id/Social_Media/random_sampled/sample_0863.jpg,iceberg-levels-tiers,Templated-Meme,0.96882635,0.5385792851448059,0.20991889
sample_0864.jpg,/path/to/meme-template-id/Social_Media/random_sampled/sample_0864.jpg,Non-Meme,Non-Meme,0.20146865,0.5385792851448059,0.13008733
sample_0865.jpg,/path/to/meme-template-id/Social_Media/random_sampled/sample_0865.jpg,1990s-first-world-problems,Templated-Meme,0.64624333,0.5385792851448059,0.07330353
sample_0866.jpg,/path/to/meme-template-id/Social_Media/random_sampled/sample_0866.jpg,beyonce_superbowl_yell,Templated-Meme,0.6761475,0.5385792851448059,0.11222679
sample_0867.jpg,/path/to/meme-template-id/Social_Media/random_sampled/sample_0867.jpg,Non-Meme,Non-Meme,0.35873526,0.5385792851448059,0.78121674
sample_0868.jpg,/path/to/meme-template-id/Social_Media/random_sampled/sample_0868.jpg,Non-Meme,Non-Meme,0.07680981,0.5385792851448059,0.7031411
sample_0869.jpg,/path/to/meme-template-id/Social_Media/random_sampled/sample_0869.jpg,write_that_down,Templated-Meme,0.8855129,0.5385792851448059,0.83491033
sample_0870.jpg,/path/to/meme-template-id/Social_Media/random_sampled/sample_0870.jpg,tuxedo-winnie-the-pooh-3-panel,Templated-Meme,0.9979054,0.5385792851448059,0.853048
sample_0871.jpg,/path/to/meme-template-id/Social_Media/random_sampled/sample_0871.jpg,brian-williams-was-there,Templated-Meme,0.9401594,0.5385792851448059,0.5766072
sample_0872.jpg,/path/to/meme-template-id/Social_Media/random_sampled/sample_0872.jpg,angry-chihuahua-happy-chihuahua,Templated-Meme,0.7017399,0.5385792851448059,0.2059382
sample_0873.jpg,/path/to/meme-template-id/Social_Media/random_sampled/sample_0873.jpg,Non-Meme,Non-Meme,0.36334616,0.5385792851448059,0.58342373
sample_0874.jpg,/path/to/meme-template-id/Social_Media/random_sampled/sample_0874.jpg,mr-incredible-uncanny,Templated-Meme,0.9771518,0.5385792851448059,0.239175
sample_0875.jpg,/path/to/meme-template-id/Social_Media/random_sampled/sample_0875.jpg,Non-Meme,Non-Meme,0.07739028,0.5385792851448059,0.24165517
sample_0876.jpg,/path/to/meme-template-id/Social_Media/random_sampled/sample_0876.jpg,anime-butterfly-meme,Templated-Meme,0.92972344,0.5385792851448059,0.32728985
sample_0877.jpg,/path/to/meme-template-id/Social_Media/random_sampled/sample_0877.jpg,angry-npc-wojak,Templated-Meme,0.84793985,0.5385792851448059,0.21285397
sample_0878.jpg,/path/to/meme-template-id/Social_Media/random_sampled/sample_0878.jpg,Non-Meme,Non-Meme,0.036583666,0.5385792851448059,0.12710488
sample_0879.jpg,/path/to/meme-template-id/Social_Media/random_sampled/sample_0879.jpg,doge,Templated-Meme,0.99471456,0.5385792851448059,0.9919436
sample_0880.jpg,/path/to/meme-template-id/Social_Media/random_sampled/sample_0880.jpg,Non-Meme,Non-Meme,0.37820897,0.5385792851448059,0.15424715
sample_0881.jpg,/path/to/meme-template-id/Social_Media/random_sampled/sample_0881.jpg,giga-chad,Templated-Meme,0.96080846,0.5385792851448059,0.30475822
sample_0882.jpg,/path/to/meme-template-id/Social_Media/random_sampled/sample_0882.jpg,Non-Meme,Non-Meme,0.024157364,0.5385792851448059,0.3467484
sample_0883.jpg,/path/to/meme-template-id/Social_Media/random_sampled/sample_0883.jpg,Non-Meme,Non-Meme,0.006285448,0.5385792851448059,0.44048375
sample_0884.jpg,/path/to/meme-template-id/Social_Media/random_sampled/sample_0884.jpg,guess-ill-die,Templated-Meme,0.59478647,0.5385792851448059,0.959896
sample_0885.jpg,/path/to/meme-template-id/Social_Media/random_sampled/sample_0885.jpg,Non-Meme,Non-Meme,0.11880855,0.5385792851448059,0.27612123
sample_0886.jpg,/path/to/meme-template-id/Social_Media/random_sampled/sample_0886.jpg,sad-pepe-suicide,Templated-Meme,0.9806315,0.5385792851448059,0.13624883
sample_0887.jpg,/path/to/meme-template-id/Social_Media/random_sampled/sample_0887.jpg,newspaper,Templated-Meme,0.961324,0.5385792851448059,0.1716863
sample_0888.jpg,/path/to/meme-template-id/Social_Media/random_sampled/sample_0888.jpg,monkey-looking-away,Templated-Meme,0.992292,0.5385792851448059,0.99998546
sample_0889.jpg,/path/to/meme-template-id/Social_Media/random_sampled/sample_0889.jpg,nobody-absolutely-no-one,Templated-Meme,0.94783264,0.5385792851448059,0.36690307
sample_0890.jpg,/path/to/meme-template-id/Social_Media/random_sampled/sample_0890.jpg,Non-Meme,Non-Meme,0.010890487,0.5385792851448059,0.16851452
sample_0891.jpg,/path/to/meme-template-id/Social_Media/random_sampled/sample_0891.jpg,society-if,Templated-Meme,0.99482155,0.5385792851448059,0.2572999
sample_0892.jpg,/path/to/meme-template-id/Social_Media/random_sampled/sample_0892.jpg,born_died_welcome_back,Templated-Meme,0.9974502,0.5385792851448059,0.33994162
sample_0893.jpg,/path/to/meme-template-id/Social_Media/random_sampled/sample_0893.jpg,heres-johnny,Templated-Meme,0.7003284,0.5385792851448059,0.08736052
sample_0894.jpg,/path/to/meme-template-id/Social_Media/random_sampled/sample_0894.jpg,Non-Meme,Non-Meme,0.0045740316,0.5385792851448059,0.8496024
sample_0895.jpg,/path/to/meme-template-id/Social_Media/random_sampled/sample_0895.jpg,tom_cruise_laugh,Templated-Meme,0.9766838,0.5385792851448059,0.15134326
sample_0896.jpg,/path/to/meme-template-id/Social_Media/random_sampled/sample_0896.jpg,randy-orton-undertaker,Templated-Meme,0.9605431,0.5385792851448059,0.071795605
sample_0897.jpg,/path/to/meme-template-id/Social_Media/random_sampled/sample_0897.jpg,comparison-table,Templated-Meme,0.9671478,0.5385792851448059,0.40784055
sample_0898.jpg,/path/to/meme-template-id/Social_Media/random_sampled/sample_0898.jpg,car-salesman-slaps-hood,Templated-Meme,0.8025038,0.5385792851448059,0.13703553
sample_0899.jpg,/path/to/meme-template-id/Social_Media/random_sampled/sample_0899.jpg,Non-Meme,Non-Meme,0.5102617,0.5385792851448059,0.2659403
sample_0900.jpg,/path/to/meme-template-id/Social_Media/random_sampled/sample_0900.jpg,look-how-they-massacred-my-boy,Templated-Meme,0.9324932,0.5385792851448059,0.30493227
sample_0901.jpg,/path/to/meme-template-id/Social_Media/random_sampled/sample_0901.jpg,fuze-elbow-dropping-a-hostage,Templated-Meme,0.9889713,0.5385792851448059,0.9971144
sample_0902.jpg,/path/to/meme-template-id/Social_Media/random_sampled/sample_0902.jpg,Non-Meme,Non-Meme,0.2237885,0.5385792851448059,0.99996924
sample_0903.jpg,/path/to/meme-template-id/Social_Media/random_sampled/sample_0903.jpg,Non-Meme,Non-Meme,0.15916668,0.5385792851448059,0.25097063
sample_0904.jpg,/path/to/meme-template-id/Social_Media/random_sampled/sample_0904.jpg,surprised-pikachu,Templated-Meme,0.98121935,0.5385792851448059,0.9885351
sample_0905.jpg,/path/to/meme-template-id/Social_Media/random_sampled/sample_0905.jpg,Non-Meme,Non-Meme,0.5189329,0.5385792851448059,0.26190987
sample_0906.jpg,/path/to/meme-template-id/Social_Media/random_sampled/sample_0906.jpg,blank-bingo,Templated-Meme,0.8957818,0.5385792851448059,0.30177337
sample_0907.jpg,/path/to/meme-template-id/Social_Media/random_sampled/sample_0907.jpg,chef-gordon-ramsay,Templated-Meme,0.9510345,0.5385792851448059,0.11864872
sample_0908.jpg,/path/to/meme-template-id/Social_Media/random_sampled/sample_0908.jpg,laughing-leo,Templated-Meme,0.99881613,0.5385792851448059,0.9982439
sample_0909.jpg,/path/to/meme-template-id/Social_Media/random_sampled/sample_0909.jpg,mom-can-we-have,Templated-Meme,0.57454795,0.5385792851448059,0.1478624
sample_0910.jpg,/path/to/meme-template-id/Social_Media/random_sampled/sample_0910.jpg,one-piece-wanted-poster-template,Templated-Meme,0.9500381,0.5385792851448059,0.23270917
sample_0911.jpg,/path/to/meme-template-id/Social_Media/random_sampled/sample_0911.jpg,bugs-bunny-comunista,Templated-Meme,0.9314746,0.5385792851448059,0.6509137
sample_0912.jpg,/path/to/meme-template-id/Social_Media/random_sampled/sample_0912.jpg,panzer-of-the-lake,Templated-Meme,0.5704952,0.5385792851448059,0.80843127
sample_0913.jpg,/path/to/meme-template-id/Social_Media/random_sampled/sample_0913.jpg,Non-Meme,Non-Meme,0.19511445,0.5385792851448059,0.32993716
sample_0914.jpg,/path/to/meme-template-id/Social_Media/random_sampled/sample_0914.jpg,Non-Meme,Non-Meme,0.2975484,0.5385792851448059,0.340671
sample_0915.jpg,/path/to/meme-template-id/Social_Media/random_sampled/sample_0915.jpg,spiderman-glasses,Templated-Meme,0.7835552,0.5385792851448059,0.31539094
sample_0916.jpg,/path/to/meme-template-id/Social_Media/random_sampled/sample_0916.jpg,bob-ross-meme,Templated-Meme,0.7261999,0.5385792851448059,0.20678827
sample_0917.jpg,/path/to/meme-template-id/Social_Media/random_sampled/sample_0917.jpg,oprah-you-get-a-car-everybody-gets-a-car,Templated-Meme,0.9627621,0.5385792851448059,0.16931327
sample_0918.jpg,/path/to/meme-template-id/Social_Media/random_sampled/sample_0918.jpg,Non-Meme,Non-Meme,0.009413452,0.5385792851448059,0.37071317
sample_0919.jpg,/path/to/meme-template-id/Social_Media/random_sampled/sample_0919.jpg,1990s-first-world-problems,Templated-Meme,0.9722705,0.5385792851448059,0.17125116
sample_0920.jpg,/path/to/meme-template-id/Social_Media/random_sampled/sample_0920.jpg,be-like-bill,Templated-Meme,0.8937607,0.5385792851448059,0.09671141
sample_0921.jpg,/path/to/meme-template-id/Social_Media/random_sampled/sample_0921.jpg,mom-can-we-have,Templated-Meme,0.9738754,0.5385792851448059,0.2592757
sample_0922.jpg,/path/to/meme-template-id/Social_Media/random_sampled/sample_0922.jpg,Non-Meme,Non-Meme,0.50912964,0.5385792851448059,0.9359572
sample_0923.jpg,/path/to/meme-template-id/Social_Media/random_sampled/sample_0923.jpg,illusion_of_free_choice,Templated-Meme,0.7572639,0.5385792851448059,0.16507767
sample_0924.jpg,/path/to/meme-template-id/Social_Media/random_sampled/sample_0924.jpg,skinner-pathetic,Templated-Meme,0.8738914,0.5385792851448059,0.16791238
sample_0925.jpg,/path/to/meme-template-id/Social_Media/random_sampled/sample_0925.jpg,no_i_dont_think_i_will,Templated-Meme,0.99406284,0.5385792851448059,0.97914827
sample_0926.jpg,/path/to/meme-template-id/Social_Media/random_sampled/sample_0926.jpg,Non-Meme,Non-Meme,0.013280591,0.5385792851448059,0.10032602
sample_0927.jpg,/path/to/meme-template-id/Social_Media/random_sampled/sample_0927.jpg,screaming-seagull,Templated-Meme,0.6420908,0.5385792851448059,0.2366249
sample_0928.jpg,/path/to/meme-template-id/Social_Media/random_sampled/sample_0928.jpg,who-would-win,Templated-Meme,0.9973385,0.5385792851448059,0.30152026
sample_0929.jpg,/path/to/meme-template-id/Social_Media/random_sampled/sample_0929.jpg,who-would-win,Templated-Meme,0.9676274,0.5385792851448059,0.16314475
sample_0930.jpg,/path/to/meme-template-id/Social_Media/random_sampled/sample_0930.jpg,Non-Meme,Non-Meme,0.16321486,0.5385792851448059,0.36738712
sample_0931.jpg,/path/to/meme-template-id/Social_Media/random_sampled/sample_0931.jpg,woman-yelling-at-cat,Templated-Meme,0.68207574,0.5385792851448059,0.17126918
sample_0932.jpg,/path/to/meme-template-id/Social_Media/random_sampled/sample_0932.jpg,everywhere-i-go-i-see-his-face,Templated-Meme,0.8041555,0.5385792851448059,0.6571185
sample_0933.jpg,/path/to/meme-template-id/Social_Media/random_sampled/sample_0933.jpg,Non-Meme,Non-Meme,0.0047626956,0.5385792851448059,0.10461195
sample_0934.jpg,/path/to/meme-template-id/Social_Media/random_sampled/sample_0934.jpg,my-time-has-come,Templated-Meme,0.9349355,0.5385792851448059,0.40781772
sample_0935.jpg,/path/to/meme-template-id/Social_Media/random_sampled/sample_0935.jpg,jackie-chan-wtf,Templated-Meme,0.9961475,0.5385792851448059,0.9951675
sample_0936.jpg,/path/to/meme-template-id/Social_Media/random_sampled/sample_0936.jpg,Non-Meme,Non-Meme,0.030129822,0.5385792851448059,0.10600018
sample_0937.jpg,/path/to/meme-template-id/Social_Media/random_sampled/sample_0937.jpg,who-would-win,Templated-Meme,0.95151955,0.5385792851448059,0.22255743
sample_0938.jpg,/path/to/meme-template-id/Social_Media/random_sampled/sample_0938.jpg,it-aint-much-but-its-honest-work,Templated-Meme,0.673287,0.5385792851448059,0.17565487
sample_0939.jpg,/path/to/meme-template-id/Social_Media/random_sampled/sample_0939.jpg,nobody-absolutely-no-one,Templated-Meme,0.96685576,0.5385792851448059,0.28054315
sample_0940.jpg,/path/to/meme-template-id/Social_Media/random_sampled/sample_0940.jpg,Non-Meme,Non-Meme,0.004618645,0.5385792851448059,0.5465283
sample_0941.jpg,/path/to/meme-template-id/Social_Media/random_sampled/sample_0941.jpg,friend-zone-fiona,Templated-Meme,0.93947804,0.5385792851448059,0.26771197
sample_0942.jpg,/path/to/meme-template-id/Social_Media/random_sampled/sample_0942.jpg,big-brain-wojak,Templated-Meme,0.717595,0.5385792851448059,0.47991484
sample_0943.jpg,/path/to/meme-template-id/Social_Media/random_sampled/sample_0943.jpg,nobody-absolutely-no-one,Templated-Meme,0.8320105,0.5385792851448059,0.332982
sample_0944.jpg,/path/to/meme-template-id/Social_Media/random_sampled/sample_0944.jpg,okay-truck,Templated-Meme,0.9955972,0.5385792851448059,0.33889624
sample_0945.jpg,/path/to/meme-template-id/Social_Media/random_sampled/sample_0945.jpg,Non-Meme,Non-Meme,0.052803345,0.5385792851448059,0.3573847
sample_0946.jpg,/path/to/meme-template-id/Social_Media/random_sampled/sample_0946.jpg,running-away-balloon,Templated-Meme,0.8799466,0.5385792851448059,0.1348498
sample_0947.jpg,/path/to/meme-template-id/Social_Media/random_sampled/sample_0947.jpg,ted,Templated-Meme,0.59319985,0.5385792851448059,0.27077
sample_0948.jpg,/path/to/meme-template-id/Social_Media/random_sampled/sample_0948.jpg,Non-Meme,Non-Meme,0.039471388,0.5385792851448059,0.67143893
sample_0949.jpg,/path/to/meme-template-id/Social_Media/random_sampled/sample_0949.jpg,mom-can-we-have,Templated-Meme,0.5570753,0.5385792851448059,0.31827095
sample_0950.jpg,/path/to/meme-template-id/Social_Media/random_sampled/sample_0950.jpg,Non-Meme,Non-Meme,0.006902916,0.5385792851448059,0.29670262
sample_0951.jpg,/path/to/meme-template-id/Social_Media/random_sampled/sample_0951.jpg,Non-Meme,Non-Meme,0.49768215,0.5385792851448059,0.424924
sample_0952.jpg,/path/to/meme-template-id/Social_Media/random_sampled/sample_0952.jpg,giga-chad,Templated-Meme,0.9908015,0.5385792851448059,0.21971081
sample_0953.jpg,/path/to/meme-template-id/Social_Media/random_sampled/sample_0953.jpg,startrek,Templated-Meme,0.99923503,0.5385792851448059,0.22735031
sample_0954.jpg,/path/to/meme-template-id/Social_Media/random_sampled/sample_0954.jpg,friend-zone-fiona,Templated-Meme,0.7920374,0.5385792851448059,0.1943521
sample_0955.jpg,/path/to/meme-template-id/Social_Media/random_sampled/sample_0955.jpg,Non-Meme,Non-Meme,0.29411775,0.5385792851448059,0.29771942
sample_0956.jpg,/path/to/meme-template-id/Social_Media/random_sampled/sample_0956.jpg,nobody-absolutely-no-one,Templated-Meme,0.9926803,0.5385792851448059,0.27085805
sample_0957.jpg,/path/to/meme-template-id/Social_Media/random_sampled/sample_0957.jpg,what-do-we-want,Templated-Meme,0.9990702,0.5385792851448059,0.99591905
sample_0958.jpg,/path/to/meme-template-id/Social_Media/random_sampled/sample_0958.jpg,giga-chad,Templated-Meme,0.9850531,0.5385792851448059,0.17315902
sample_0959.jpg,/path/to/meme-template-id/Social_Media/random_sampled/sample_0959.jpg,giga-chad,Templated-Meme,0.8995823,0.5385792851448059,0.16273494
sample_0960.jpg,/path/to/meme-template-id/Social_Media/random_sampled/sample_0960.jpg,nobody-absolutely-no-one,Templated-Meme,0.8938069,0.5385792851448059,0.2215438
sample_0961.jpg,/path/to/meme-template-id/Social_Media/random_sampled/sample_0961.jpg,Non-Meme,Non-Meme,0.091764495,0.5385792851448059,0.71344775
sample_0962.jpg,/path/to/meme-template-id/Social_Media/random_sampled/sample_0962.jpg,lisa-simpsons-presentation,Templated-Meme,0.9610212,0.5385792851448059,0.9999157
sample_0963.jpg,/path/to/meme-template-id/Social_Media/random_sampled/sample_0963.jpg,Non-Meme,Non-Meme,0.00034446333,0.5385792851448059,0.55056584
sample_0964.jpg,/path/to/meme-template-id/Social_Media/random_sampled/sample_0964.jpg,monkey-looking-away,Templated-Meme,0.99996495,0.5385792851448059,0.9864384
sample_0965.jpg,/path/to/meme-template-id/Social_Media/random_sampled/sample_0965.jpg,Non-Meme,Non-Meme,0.35284388,0.5385792851448059,0.09753195
sample_0966.jpg,/path/to/meme-template-id/Social_Media/random_sampled/sample_0966.jpg,Non-Meme,Non-Meme,0.319746,0.5385792851448059,0.71789986
sample_0967.jpg,/path/to/meme-template-id/Social_Media/random_sampled/sample_0967.jpg,s09_blank_blue_colored_family,Templated-Meme,0.9939236,0.5385792851448059,0.2763837
sample_0968.jpg,/path/to/meme-template-id/Social_Media/random_sampled/sample_0968.jpg,mugatu-so-hot-right-now,Templated-Meme,0.99425393,0.5385792851448059,0.14032684
sample_0969.jpg,/path/to/meme-template-id/Social_Media/random_sampled/sample_0969.jpg,Non-Meme,Non-Meme,0.10301689,0.5385792851448059,0.22534099
sample_0970.jpg,/path/to/meme-template-id/Social_Media/random_sampled/sample_0970.jpg,you-wouldnt-get-it,Templated-Meme,0.99556834,0.5385792851448059,0.9993662
sample_0971.jpg,/path/to/meme-template-id/Social_Media/random_sampled/sample_0971.jpg,drake_hotline_bling_normal,Templated-Meme,0.9664062,0.5385792851448059,0.99809164
sample_0972.jpg,/path/to/meme-template-id/Social_Media/random_sampled/sample_0972.jpg,Non-Meme,Non-Meme,0.4804965,0.5385792851448059,0.08166465
sample_0973.jpg,/path/to/meme-template-id/Social_Media/random_sampled/sample_0973.jpg,yes-dear,Templated-Meme,0.98075837,0.5385792851448059,0.692114
sample_0974.jpg,/path/to/meme-template-id/Social_Media/random_sampled/sample_0974.jpg,Non-Meme,Non-Meme,0.08244238,0.5385792851448059,0.6241463
sample_0975.jpg,/path/to/meme-template-id/Social_Media/random_sampled/sample_0975.jpg,Non-Meme,Non-Meme,0.05334581,0.5385792851448059,0.7745838
sample_0976.jpg,/path/to/meme-template-id/Social_Media/random_sampled/sample_0976.jpg,Non-Meme,Non-Meme,0.19115579,0.5385792851448059,0.19849725
sample_0977.jpg,/path/to/meme-template-id/Social_Media/random_sampled/sample_0977.jpg,frowning-nun,Templated-Meme,0.5577972,0.5385792851448059,0.13800296
sample_0978.jpg,/path/to/meme-template-id/Social_Media/random_sampled/sample_0978.jpg,Non-Meme,Non-Meme,0.11583375,0.5385792851448059,0.49853203
sample_0979.jpg,/path/to/meme-template-id/Social_Media/random_sampled/sample_0979.jpg,bugs-bunny-comunista,Templated-Meme,0.9499774,0.5385792851448059,0.07543728
sample_0980.jpg,/path/to/meme-template-id/Social_Media/random_sampled/sample_0980.jpg,blank,Templated-Meme,0.6707693,0.5385792851448059,0.12880659
sample_0981.jpg,/path/to/meme-template-id/Social_Media/random_sampled/sample_0981.jpg,Non-Meme,Non-Meme,0.101336375,0.5385792851448059,0.7036065
sample_0982.jpg,/path/to/meme-template-id/Social_Media/random_sampled/sample_0982.jpg,Non-Meme,Non-Meme,0.5188437,0.5385792851448059,0.12096893
sample_0983.jpg,/path/to/meme-template-id/Social_Media/random_sampled/sample_0983.jpg,Non-Meme,Non-Meme,0.059986457,0.5385792851448059,0.13665318
sample_0984.jpg,/path/to/meme-template-id/Social_Media/random_sampled/sample_0984.jpg,giga-chad,Templated-Meme,0.99125797,0.5385792851448059,0.24174398
sample_0985.jpg,/path/to/meme-template-id/Social_Media/random_sampled/sample_0985.jpg,Non-Meme,Non-Meme,0.016448254,0.5385792851448059,0.43912852
sample_0986.jpg,/path/to/meme-template-id/Social_Media/random_sampled/sample_0986.jpg,ah-shit-here-we-go-again,Templated-Meme,0.89905804,0.5385792851448059,0.99013805
sample_0987.jpg,/path/to/meme-template-id/Social_Media/random_sampled/sample_0987.jpg,la-noire-press-x-to-doubt,Templated-Meme,0.8542235,0.5385792851448059,0.09865127
sample_0988.jpg,/path/to/meme-template-id/Social_Media/random_sampled/sample_0988.jpg,i-can-has-cheezburger-cat,Templated-Meme,0.9971922,0.5385792851448059,0.16086262
sample_0989.jpg,/path/to/meme-template-id/Social_Media/random_sampled/sample_0989.jpg,Non-Meme,Non-Meme,0.2582803,0.5385792851448059,0.5447494
sample_0990.jpg,/path/to/meme-template-id/Social_Media/random_sampled/sample_0990.jpg,Non-Meme,Non-Meme,0.4753173,0.5385792851448059,0.25137463
sample_0991.jpg,/path/to/meme-template-id/Social_Media/random_sampled/sample_0991.jpg,sad-guy-happy-guy-bus,Templated-Meme,0.95502174,0.5385792851448059,0.3273162
sample_0992.jpg,/path/to/meme-template-id/Social_Media/random_sampled/sample_0992.jpg,Non-Meme,Non-Meme,0.27922845,0.5385792851448059,0.113515615
sample_0993.jpg,/path/to/meme-template-id/Social_Media/random_sampled/sample_0993.jpg,bugs-bunny-comunista,Templated-Meme,0.8059406,0.5385792851448059,0.13339366
sample_0994.jpg,/path/to/meme-template-id/Social_Media/random_sampled/sample_0994.jpg,idiot-skull,Templated-Meme,0.84945434,0.5385792851448059,0.7071795
sample_0995.jpg,/path/to/meme-template-id/Social_Media/random_sampled/sample_0995.jpg,live-reaction,Templated-Meme,0.99172896,0.5385792851448059,0.1293688
sample_0996.jpg,/path/to/meme-template-id/Social_Media/random_sampled/sample_0996.jpg,Non-Meme,Non-Meme,0.13961905,0.5385792851448059,0.0954982
sample_0997.jpg,/path/to/meme-template-id/Social_Media/random_sampled/sample_0997.jpg,uno-draw-25-cards,Templated-Meme,0.7938781,0.5385792851448059,0.6629077
sample_0998.jpg,/path/to/meme-template-id/Social_Media/random_sampled/sample_0998.jpg,reaction-guys,Templated-Meme,0.68841356,0.5385792851448059,0.19848259
sample_0999.jpg,/path/to/meme-template-id/Social_Media/random_sampled/sample_0999.jpg,innocent_sasha,Templated-Meme,0.6384137,0.5385792851448059,0.21546613
sample_1000.jpg,/path/to/meme-template-id/Social_Media/random_sampled/sample_1000.jpg,bernie-sanders-once-again-asking,Templated-Meme,0.9678224,0.5385792851448059,0.1241213
