sample_id,image_path,pred_label,pred_class,pred_cluster,centroid_cosine
sample_0001.jpg,/path/to/meme-template-id/Social_Media/random_sampled/sample_0001.jpg,Template-Free,Template-Free,3648,0.96965843
sample_0002.jpg,/path/to/meme-template-id/Social_Media/random_sampled/sample_0002.jpg,giant-vs-man,Templated-Meme,10413,0.9828954
sample_0003.jpg,/path/to/meme-template-id/Social_Media/random_sampled/sample_0003.jpg,Non-Meme,Non-Meme,9841,0.99969023
sample_0004.jpg,/path/to/meme-template-id/Social_Media/random_sampled/sample_0004.jpg,Template-Free,Template-Free,13963,0.99994415
sample_0005.jpg,/path/to/meme-template-id/Social_Media/random_sampled/sample_0005.jpg,good-guy-putin,Templated-Meme,9862,0.9976647
sample_0006.jpg,/path/to/meme-template-id/Social_Media/random_sampled/sample_0006.jpg,Template-Free,Template-Free,9576,0.99636793
sample_0007.jpg,/path/to/meme-template-id/Social_Media/random_sampled/sample_0007.jpg,Non-Meme,Non-Meme,12366,0.99642354
sample_0008.jpg,/path/to/meme-template-id/Social_Media/random_sampled/sample_0008.jpg,left-exit-12-off-ramp,Templated-Meme,13682,0.99674
sample_0009.jpg,/path/to/meme-template-id/Social_Media/random_sampled/sample_0009.jpg,the-what,Templated-Meme,13678,0.99876404
sample_0010.jpg,/path/to/meme-template-id/Social_Media/random_sampled/sample_0010.jpg,sure-grandma-lets-get-you-to-bed,Templated-Meme,10545,0.99512446
sample_0011.jpg,/path/to/meme-template-id/Social_Media/random_sampled/sample_0011.jpg,meme-man,Templated-Meme,2278,0.9964615
sample_0012.jpg,/path/to/meme-template-id/Social_Media/random_sampled/sample_0012.jpg,Template-Free,Template-Free,13559,0.99808174
sample_0013.jpg,/path/to/meme-template-id/Social_Media/random_sampled/sample_0013.jpg,Template-Free,Template-Free,7105,0.98647034
sample_0014.jpg,/path/to/meme-template-id/Social_Media/random_sampled/sample_0014.jpg,Template-Free,Template-Free,13161,0.96571
sample_0015.jpg,/path/to/meme-template-id/Social_Media/random_sampled/sample_0015.jpg,silent_protector_soldier_child,Templated-Meme,13879,0.9961722
sample_0016.jpg,/path/to/meme-template-id/Social_Media/random_sampled/sample_0016.jpg,Template-Free,Template-Free,10670,0.99948233
sample_0017.jpg,/path/to/meme-template-id/Social_Media/random_sampled/sample_0017.jpg,Template-Free,Template-Free,12551,0.98820204
sample_0018.jpg,/path/to/meme-template-id/Social_Media/random_sampled/sample_0018.jpg,Template-Free,Template-Free,436,1.0000339
sample_0019.jpg,/path/to/meme-template-id/Social_Media/random_sampled/sample_0019.jpg,Template-Free,Template-Free,12211,1.000069
sample_0020.jpg,/path/to/meme-template-id/Social_Media/random_sampled/sample_0020.jpg,Template-Free,Template-Free,9410,0.9924689
sample_0021.jpg,/path/to/meme-template-id/Social_Media/random_sampled/sample_0021.jpg,Template-Free,Template-Free,12311,1.000062
sample_0022.jpg,/path/to/meme-template-id/Social_Media/random_sampled/sample_0022.jpg,Template-Free,Template-Free,13648,0.9998215
sample_0023.jpg,/path/to/meme-template-id/Social_Media/random_sampled/sample_0023.jpg,Template-Free,Template-Free,3567,0.9983724
sample_0024.jpg,/path/to/meme-template-id/Social_Media/random_sampled/sample_0024.jpg,Template-Free,Template-Free,11591,0.989553
sample_0025.jpg,/path/to/meme-template-id/Social_Media/random_sampled/sample_0025.jpg,Non-Meme,Non-Meme,3644,0.9988351
sample_0026.jpg,/path/to/meme-template-id/Social_Media/random_sampled/sample_0026.jpg,Non-Meme,Non-Meme,13614,0.99693453
sample_0027.jpg,/path/to/meme-template-id/Social_Media/random_sampled/sample_0027.jpg,Template-Free,Template-Free,9956,0.99512833
sample_0028.jpg,/path/to/meme-template-id/Social_Media/random_sampled/sample_0028.jpg,inspirational-quote,Templated-Meme,13973,0.9990402
sample_0029.jpg,/path/to/meme-template-id/Social_Media/random_sampled/sample_0029.jpg,Template-Free,Template-Free,13864,0.99968165
sample_0030.jpg,/path/to/meme-template-id/Social_Media/random_sampled/sample_0030.jpg,Template-Free,Template-Free,3627,0.98741317
sample_0031.jpg,/path/to/meme-template-id/Social_Media/random_sampled/sample_0031.jpg,Template-Free,Template-Free,13424,0.99669224
sample_0032.jpg,/path/to/meme-template-id/Social_Media/random_sampled/sample_0032.jpg,i-see-dead-people,Templated-Meme,9501,0.9953126
sample_0033.jpg,/path/to/meme-template-id/Social_Media/random_sampled/sample_0033.jpg,Template-Free,Template-Free,9783,0.9983631
sample_0034.jpg,/path/to/meme-template-id/Social_Media/random_sampled/sample_0034.jpg,inspirational-quote,Templated-Meme,13973,0.99797773
sample_0035.jpg,/path/to/meme-template-id/Social_Media/random_sampled/sample_0035.jpg,Template-Free,Template-Free,4089,0.9804624
sample_0036.jpg,/path/to/meme-template-id/Social_Media/random_sampled/sample_0036.jpg,Template-Free,Template-Free,10136,0.9954525
sample_0037.jpg,/path/to/meme-template-id/Social_Media/random_sampled/sample_0037.jpg,Non-Meme,Non-Meme,9931,0.99921715
sample_0038.jpg,/path/to/meme-template-id/Social_Media/random_sampled/sample_0038.jpg,Template-Free,Template-Free,7466,0.9779001
sample_0039.jpg,/path/to/meme-template-id/Social_Media/random_sampled/sample_0039.jpg,Non-Meme,Non-Meme,10005,0.99865353
sample_0040.jpg,/path/to/meme-template-id/Social_Media/random_sampled/sample_0040.jpg,Template-Free,Template-Free,5485,0.96589327
sample_0041.jpg,/path/to/meme-template-id/Social_Media/random_sampled/sample_0041.jpg,giant-vs-man,Templated-Meme,9079,0.9997299
sample_0042.jpg,/path/to/meme-template-id/Social_Media/random_sampled/sample_0042.jpg,Template-Free,Template-Free,5453,0.97274995
sample_0043.jpg,/path/to/meme-template-id/Social_Media/random_sampled/sample_0043.jpg,Template-Free,Template-Free,13960,0.999295
sample_0044.jpg,/path/to/meme-template-id/Social_Media/random_sampled/sample_0044.jpg,daring-today-arent-we-squidward,Templated-Meme,13944,0.9994568
sample_0045.jpg,/path/to/meme-template-id/Social_Media/random_sampled/sample_0045.jpg,Template-Free,Template-Free,8819,0.9909837
sample_0046.jpg,/path/to/meme-template-id/Social_Media/random_sampled/sample_0046.jpg,c01_grumpy_cat_base_reverse,Templated-Meme,10222,0.9998017
sample_0047.jpg,/path/to/meme-template-id/Social_Media/random_sampled/sample_0047.jpg,Non-Meme,Non-Meme,10107,0.99811506
sample_0048.jpg,/path/to/meme-template-id/Social_Media/random_sampled/sample_0048.jpg,Template-Free,Template-Free,6869,0.99895805
sample_0049.jpg,/path/to/meme-template-id/Social_Media/random_sampled/sample_0049.jpg,Template-Free,Template-Free,11087,0.9998687
sample_0050.jpg,/path/to/meme-template-id/Social_Media/random_sampled/sample_0050.jpg,Template-Free,Template-Free,2515,0.9999155
sample_0051.jpg,/path/to/meme-template-id/Social_Media/random_sampled/sample_0051.jpg,giant-vs-man,Templated-Meme,13882,0.9973114
sample_0052.jpg,/path/to/meme-template-id/Social_Media/random_sampled/sample_0052.jpg,im-in-danger,Templated-Meme,7862,0.9994772
sample_0053.jpg,/path/to/meme-template-id/Social_Media/random_sampled/sample_0053.jpg,Non-Meme,Non-Meme,10111,0.99516743
sample_0054.jpg,/path/to/meme-template-id/Social_Media/random_sampled/sample_0054.jpg,Template-Free,Template-Free,13576,0.99827135
sample_0055.jpg,/path/to/meme-template-id/Social_Media/random_sampled/sample_0055.jpg,Non-Meme,Non-Meme,10103,0.99402237
sample_0056.jpg,/path/to/meme-template-id/Social_Media/random_sampled/sample_0056.jpg,rebecca_black,Templated-Meme,10226,0.9987676
sample_0057.jpg,/path/to/meme-template-id/Social_Media/random_sampled/sample_0057.jpg,Template-Free,Template-Free,11322,1.000019
sample_0058.jpg,/path/to/meme-template-id/Social_Media/random_sampled/sample_0058.jpg,Template-Free,Template-Free,2248,0.99987376
sample_0059.jpg,/path/to/meme-template-id/Social_Media/random_sampled/sample_0059.jpg,Template-Free,Template-Free,13669,0.99618506
sample_0060.jpg,/path/to/meme-template-id/Social_Media/random_sampled/sample_0060.jpg,nooo-haha-go-brrr,Templated-Meme,12854,1.0001185
sample_0061.jpg,/path/to/meme-template-id/Social_Media/random_sampled/sample_0061.jpg,Non-Meme,Non-Meme,10107,0.99632215
sample_0062.jpg,/path/to/meme-template-id/Social_Media/random_sampled/sample_0062.jpg,mr-incredible-uncanny,Templated-Meme,907,0.9999805
sample_0063.jpg,/path/to/meme-template-id/Social_Media/random_sampled/sample_0063.jpg,Template-Free,Template-Free,12837,0.9998419
sample_0064.jpg,/path/to/meme-template-id/Social_Media/random_sampled/sample_0064.jpg,mr-incredible-uncanny,Templated-Meme,907,1.0000982
sample_0065.jpg,/path/to/meme-template-id/Social_Media/random_sampled/sample_0065.jpg,Template-Free,Template-Free,10881,0.9999838
sample_0066.jpg,/path/to/meme-template-id/Social_Media/random_sampled/sample_0066.jpg,Non-Meme,Non-Meme,10107,0.9929276
sample_0067.jpg,/path/to/meme-template-id/Social_Media/random_sampled/sample_0067.jpg,beard-baby,Templated-Meme,1025,0.99868226
sample_0068.jpg,/path/to/meme-template-id/Social_Media/random_sampled/sample_0068.jpg,Template-Free,Template-Free,8958,0.99286777
sample_0069.jpg,/path/to/meme-template-id/Social_Media/random_sampled/sample_0069.jpg,no_i_dont_think_i_will,Templated-Meme,12684,0.99059796
sample_0070.jpg,/path/to/meme-template-id/Social_Media/random_sampled/sample_0070.jpg,wouldnt-that-make-you,Templated-Meme,8132,0.9944946
sample_0071.jpg,/path/to/meme-template-id/Social_Media/random_sampled/sample_0071.jpg,Non-Meme,Non-Meme,2189,1.000055
sample_0072.jpg,/path/to/meme-template-id/Social_Media/random_sampled/sample_0072.jpg,Non-Meme,Non-Meme,12873,0.9972468
sample_0073.jpg,/path/to/meme-template-id/Social_Media/random_sampled/sample_0073.jpg,Non-Meme,Non-Meme,10004,0.9997434
sample_0074.jpg,/path/to/meme-template-id/Social_Media/random_sampled/sample_0074.jpg,Template-Free,Template-Free,11255,0.9983656
sample_0075.jpg,/path/to/meme-template-id/Social_Media/random_sampled/sample_0075.jpg,success_kid_girl,Templated-Meme,9901,0.9970744
sample_0076.jpg,/path/to/meme-template-id/Social_Media/random_sampled/sample_0076.jpg,they-dont-know,Templated-Meme,9582,0.9998564
sample_0077.jpg,/path/to/meme-template-id/Social_Media/random_sampled/sample_0077.jpg,Template-Free,Template-Free,8904,0.96176016
sample_0078.jpg,/path/to/meme-template-id/Social_Media/random_sampled/sample_0078.jpg,problems-stress-pain,Templated-Meme,10921,0.99889016
sample_0079.jpg,/path/to/meme-template-id/Social_Media/random_sampled/sample_0079.jpg,Template-Free,Template-Free,7235,0.99106795
sample_0080.jpg,/path/to/meme-template-id/Social_Media/random_sampled/sample_0080.jpg,Template-Free,Template-Free,12182,0.9990642
sample_0081.jpg,/path/to/meme-template-id/Social_Media/random_sampled/sample_0081.jpg,Non-Meme,Non-Meme,10108,0.9999461
sample_0082.jpg,/path/to/meme-template-id/Social_Media/random_sampled/sample_0082.jpg,Template-Free,Template-Free,8815,0.9971085
sample_0083.jpg,/path/to/meme-template-id/Social_Media/random_sampled/sample_0083.jpg,Template-Free,Template-Free,7298,0.9984493
sample_0084.jpg,/path/to/meme-template-id/Social_Media/random_sampled/sample_0084.jpg,keep-calm-and-carry-on-purple,Templated-Meme,6086,0.98623914
sample_0085.jpg,/path/to/meme-template-id/Social_Media/random_sampled/sample_0085.jpg,Non-Meme,Non-Meme,13617,0.9951795
sample_0086.jpg,/path/to/meme-template-id/Social_Media/random_sampled/sample_0086.jpg,Non-Meme,Non-Meme,13628,0.9992547
sample_0087.jpg,/path/to/meme-template-id/Social_Media/random_sampled/sample_0087.jpg,Template-Free,Template-Free,6730,0.98138136
sample_0088.jpg,/path/to/meme-template-id/Social_Media/random_sampled/sample_0088.jpg,Template-Free,Template-Free,12965,0.9945088
sample_0089.jpg,/path/to/meme-template-id/Social_Media/random_sampled/sample_0089.jpg,Template-Free,Template-Free,12158,0.9995564
sample_0090.jpg,/path/to/meme-template-id/Social_Media/random_sampled/sample_0090.jpg,eric-andre-let-me-in-meme,Templated-Meme,12163,0.99779356
sample_0091.jpg,/path/to/meme-template-id/Social_Media/random_sampled/sample_0091.jpg,tuxedo-winnie-the-pooh,Templated-Meme,13199,0.99955755
sample_0092.jpg,/path/to/meme-template-id/Social_Media/random_sampled/sample_0092.jpg,Template-Free,Template-Free,7648,0.9999728
sample_0093.jpg,/path/to/meme-template-id/Social_Media/random_sampled/sample_0093.jpg,Template-Free,Template-Free,10577,0.9689538
sample_0094.jpg,/path/to/meme-template-id/Social_Media/random_sampled/sample_0094.jpg,Template-Free,Template-Free,6520,0.99381775
sample_0095.jpg,/path/to/meme-template-id/Social_Media/random_sampled/sample_0095.jpg,blank-pokemon-card,Templated-Meme,9889,0.996694
sample_0096.jpg,/path/to/meme-template-id/Social_Media/random_sampled/sample_0096.jpg,Template-Free,Template-Free,13649,0.9989879
sample_0097.jpg,/path/to/meme-template-id/Social_Media/random_sampled/sample_0097.jpg,Template-Free,Template-Free,9547,0.9999379
sample_0098.jpg,/path/to/meme-template-id/Social_Media/random_sampled/sample_0098.jpg,Template-Free,Template-Free,8125,0.999877
sample_0099.jpg,/path/to/meme-template-id/Social_Media/random_sampled/sample_0099.jpg,Template-Free,Template-Free,837,0.9998863
sample_0100.jpg,/path/to/meme-template-id/Social_Media/random_sampled/sample_0100.jpg,Template-Free,Template-Free,7448,0.9999354
sample_0101.jpg,/path/to/meme-template-id/Social_Media/random_sampled/sample_0101.jpg,gasp-rage-face,Templated-Meme,11968,0.9959886
sample_0102.jpg,/path/to/meme-template-id/Social_Media/random_sampled/sample_0102.jpg,the-scroll-of-truth,Templated-Meme,5783,1.0000734
sample_0103.jpg,/path/to/meme-template-id/Social_Media/random_sampled/sample_0103.jpg,too-weak-unlimited-power,Templated-Meme,9823,0.9960902
sample_0104.jpg,/path/to/meme-template-id/Social_Media/random_sampled/sample_0104.jpg,loading-cat,Templated-Meme,12353,0.999501
sample_0105.jpg,/path/to/meme-template-id/Social_Media/random_sampled/sample_0105.jpg,Template-Free,Template-Free,10493,0.99674386
sample_0106.jpg,/path/to/meme-template-id/Social_Media/random_sampled/sample_0106.jpg,Non-Meme,Non-Meme,10099,0.98910177
sample_0107.jpg,/path/to/meme-template-id/Social_Media/random_sampled/sample_0107.jpg,Template-Free,Template-Free,8616,0.9957817
sample_0108.jpg,/path/to/meme-template-id/Social_Media/random_sampled/sample_0108.jpg,Template-Free,Template-Free,13666,0.99425405
sample_0109.jpg,/path/to/meme-template-id/Social_Media/random_sampled/sample_0109.jpg,Template-Free,Template-Free,4825,0.9932385
sample_0110.jpg,/path/to/meme-template-id/Social_Media/random_sampled/sample_0110.jpg,Template-Free,Template-Free,13072,0.99535984
sample_0111.jpg,/path/to/meme-template-id/Social_Media/random_sampled/sample_0111.jpg,Template-Free,Template-Free,13976,0.99975175
sample_0112.jpg,/path/to/meme-template-id/Social_Media/random_sampled/sample_0112.jpg,m06_change_my_mind,Templated-Meme,689,1.0002105
sample_0113.jpg,/path/to/meme-template-id/Social_Media/random_sampled/sample_0113.jpg,Non-Meme,Non-Meme,10078,0.9965765
sample_0114.jpg,/path/to/meme-template-id/Social_Media/random_sampled/sample_0114.jpg,Template-Free,Template-Free,8815,0.9981415
sample_0115.jpg,/path/to/meme-template-id/Social_Media/random_sampled/sample_0115.jpg,Template-Free,Template-Free,10007,0.9796877
sample_0116.jpg,/path/to/meme-template-id/Social_Media/random_sampled/sample_0116.jpg,Template-Free,Template-Free,7692,0.99586856
sample_0117.jpg,/path/to/meme-template-id/Social_Media/random_sampled/sample_0117.jpg,Template-Free,Template-Free,2783,0.9867579
sample_0118.jpg,/path/to/meme-template-id/Social_Media/random_sampled/sample_0118.jpg,Template-Free,Template-Free,2170,0.9386473
sample_0119.jpg,/path/to/meme-template-id/Social_Media/random_sampled/sample_0119.jpg,zuckerberg,Templated-Meme,1694,0.99997205
sample_0120.jpg,/path/to/meme-template-id/Social_Media/random_sampled/sample_0120.jpg,running-away-balloon,Templated-Meme,13417,0.9996721
sample_0121.jpg,/path/to/meme-template-id/Social_Media/random_sampled/sample_0121.jpg,Template-Free,Template-Free,11788,0.99385315
sample_0122.jpg,/path/to/meme-template-id/Social_Media/random_sampled/sample_0122.jpg,george-washington,Templated-Meme,8196,0.9970939
sample_0123.jpg,/path/to/meme-template-id/Social_Media/random_sampled/sample_0123.jpg,Template-Free,Template-Free,13428,0.9978287
sample_0124.jpg,/path/to/meme-template-id/Social_Media/random_sampled/sample_0124.jpg,Non-Meme,Non-Meme,13640,0.9995585
sample_0125.jpg,/path/to/meme-template-id/Social_Media/random_sampled/sample_0125.jpg,Template-Free,Template-Free,472,0.99996275
sample_0126.jpg,/path/to/meme-template-id/Social_Media/random_sampled/sample_0126.jpg,crying-cat,Templated-Meme,11517,0.9925143
sample_0127.jpg,/path/to/meme-template-id/Social_Media/random_sampled/sample_0127.jpg,Template-Free,Template-Free,13671,0.9958188
sample_0128.jpg,/path/to/meme-template-id/Social_Media/random_sampled/sample_0128.jpg,Template-Free,Template-Free,13990,0.9993443
sample_0129.jpg,/path/to/meme-template-id/Social_Media/random_sampled/sample_0129.jpg,Template-Free,Template-Free,13321,0.99819225
sample_0130.jpg,/path/to/meme-template-id/Social_Media/random_sampled/sample_0130.jpg,trumpet-boy,Templated-Meme,13917,0.9983227
sample_0131.jpg,/path/to/meme-template-id/Social_Media/random_sampled/sample_0131.jpg,minor-mistake-marvin,Templated-Meme,7574,0.9997389
sample_0132.jpg,/path/to/meme-template-id/Social_Media/random_sampled/sample_0132.jpg,brokeback_mountain,Templated-Meme,9525,0.9940712
sample_0133.jpg,/path/to/meme-template-id/Social_Media/random_sampled/sample_0133.jpg,panik-kalm-panik,Templated-Meme,553,0.99999243
sample_0134.jpg,/path/to/meme-template-id/Social_Media/random_sampled/sample_0134.jpg,rebecca_black,Templated-Meme,10226,0.9991574
sample_0135.jpg,/path/to/meme-template-id/Social_Media/random_sampled/sample_0135.jpg,Template-Free,Template-Free,10166,0.99969816
sample_0136.jpg,/path/to/meme-template-id/Social_Media/random_sampled/sample_0136.jpg,Template-Free,Template-Free,13071,0.99528825
sample_0137.jpg,/path/to/meme-template-id/Social_Media/random_sampled/sample_0137.jpg,Template-Free,Template-Free,12379,0.9961762
sample_0138.jpg,/path/to/meme-template-id/Social_Media/random_sampled/sample_0138.jpg,anakin-and-obi-wan,Templated-Meme,7155,0.9923516
sample_0139.jpg,/path/to/meme-template-id/Social_Media/random_sampled/sample_0139.jpg,grumpy-cat-sky,Templated-Meme,9378,0.99052054
sample_0140.jpg,/path/to/meme-template-id/Social_Media/random_sampled/sample_0140.jpg,Template-Free,Template-Free,3073,0.9999387
sample_0141.jpg,/path/to/meme-template-id/Social_Media/random_sampled/sample_0141.jpg,mr-incredible-uncanny,Templated-Meme,912,0.99996144
sample_0142.jpg,/path/to/meme-template-id/Social_Media/random_sampled/sample_0142.jpg,Template-Free,Template-Free,12641,0.99976015
sample_0143.jpg,/path/to/meme-template-id/Social_Media/random_sampled/sample_0143.jpg,i-hate-the-antichrist,Templated-Meme,10393,0.9986223
sample_0144.jpg,/path/to/meme-template-id/Social_Media/random_sampled/sample_0144.jpg,Template-Free,Template-Free,5832,0.99445283
sample_0145.jpg,/path/to/meme-template-id/Social_Media/random_sampled/sample_0145.jpg,it_cant_hurt_you,Templated-Meme,12568,0.9958287
sample_0146.jpg,/path/to/meme-template-id/Social_Media/random_sampled/sample_0146.jpg,Non-Meme,Non-Meme,10111,0.9965442
sample_0147.jpg,/path/to/meme-template-id/Social_Media/random_sampled/sample_0147.jpg,Template-Free,Template-Free,7524,0.9978945
sample_0148.jpg,/path/to/meme-template-id/Social_Media/random_sampled/sample_0148.jpg,Template-Free,Template-Free,4745,0.9796272
sample_0149.jpg,/path/to/meme-template-id/Social_Media/random_sampled/sample_0149.jpg,Template-Free,Template-Free,9391,0.996827
sample_0150.jpg,/path/to/meme-template-id/Social_Media/random_sampled/sample_0150.jpg,two-buttons,Templated-Meme,599,0.999931
sample_0151.jpg,/path/to/meme-template-id/Social_Media/random_sampled/sample_0151.jpg,trap_card,Templated-Meme,791,0.99982834
sample_0152.jpg,/path/to/meme-template-id/Social_Media/random_sampled/sample_0152.jpg,Template-Free,Template-Free,13986,0.9996065
sample_0153.jpg,/path/to/meme-template-id/Social_Media/random_sampled/sample_0153.jpg,Template-Free,Template-Free,4512,0.9944042
sample_0154.jpg,/path/to/meme-template-id/Social_Media/random_sampled/sample_0154.jpg,Non-Meme,Non-Meme,13642,0.9901362
sample_0155.jpg,/path/to/meme-template-id/Social_Media/random_sampled/sample_0155.jpg,Template-Free,Template-Free,12280,0.9999295
sample_0156.jpg,/path/to/meme-template-id/Social_Media/random_sampled/sample_0156.jpg,mr-krabs-money,Templated-Meme,10768,0.99990684
sample_0157.jpg,/path/to/meme-template-id/Social_Media/random_sampled/sample_0157.jpg,Template-Free,Template-Free,13981,0.9997875
sample_0158.jpg,/path/to/meme-template-id/Social_Media/random_sampled/sample_0158.jpg,Template-Free,Template-Free,10016,0.9960843
sample_0159.jpg,/path/to/meme-template-id/Social_Media/random_sampled/sample_0159.jpg,Template-Free,Template-Free,4844,0.97832423
sample_0160.jpg,/path/to/meme-template-id/Social_Media/random_sampled/sample_0160.jpg,Template-Free,Template-Free,4171,0.99936914
sample_0161.jpg,/path/to/meme-template-id/Social_Media/random_sampled/sample_0161.jpg,Template-Free,Template-Free,5868,0.995355
sample_0162.jpg,/path/to/meme-template-id/Social_Media/random_sampled/sample_0162.jpg,Template-Free,Template-Free,13300,0.9980842
sample_0163.jpg,/path/to/meme-template-id/Social_Media/random_sampled/sample_0163.jpg,Non-Meme,Non-Meme,6306,0.9829326
sample_0164.jpg,/path/to/meme-template-id/Social_Media/random_sampled/sample_0164.jpg,Template-Free,Template-Free,13073,0.9996861
sample_0165.jpg,/path/to/meme-template-id/Social_Media/random_sampled/sample_0165.jpg,Non-Meme,Non-Meme,13661,0.9981059
sample_0166.jpg,/path/to/meme-template-id/Social_Media/random_sampled/sample_0166.jpg,allow-us-to-introduce-ourselves,Templated-Meme,8704,0.9902537
sample_0167.jpg,/path/to/meme-template-id/Social_Media/random_sampled/sample_0167.jpg,Template-Free,Template-Free,13960,0.99639225
sample_0168.jpg,/path/to/meme-template-id/Social_Media/random_sampled/sample_0168.jpg,Template-Free,Template-Free,10388,0.99973994
sample_0169.jpg,/path/to/meme-template-id/Social_Media/random_sampled/sample_0169.jpg,Template-Free,Template-Free,1989,1.0000598
sample_0170.jpg,/path/to/meme-template-id/Social_Media/random_sampled/sample_0170.jpg,Template-Free,Template-Free,4015,0.9761245
sample_0171.jpg,/path/to/meme-template-id/Social_Media/random_sampled/sample_0171.jpg,yu-gi-oh,Templated-Meme,13124,0.999185
sample_0172.jpg,/path/to/meme-template-id/Social_Media/random_sampled/sample_0172.jpg,blank-pokemon-card,Templated-Meme,793,0.99976146
sample_0173.jpg,/path/to/meme-template-id/Social_Media/random_sampled/sample_0173.jpg,Template-Free,Template-Free,5481,0.9980182
sample_0174.jpg,/path/to/meme-template-id/Social_Media/random_sampled/sample_0174.jpg,Template-Free,Template-Free,3746,0.9694893
sample_0175.jpg,/path/to/meme-template-id/Social_Media/random_sampled/sample_0175.jpg,Template-Free,Template-Free,10682,0.99960893
sample_0176.jpg,/path/to/meme-template-id/Social_Media/random_sampled/sample_0176.jpg,windows-error-message,Templated-Meme,6752,0.9979835
sample_0177.jpg,/path/to/meme-template-id/Social_Media/random_sampled/sample_0177.jpg,Template-Free,Template-Free,13061,0.99767184
sample_0178.jpg,/path/to/meme-template-id/Social_Media/random_sampled/sample_0178.jpg,socially-awesome-awkward-penguin,Templated-Meme,11836,0.99982506
sample_0179.jpg,/path/to/meme-template-id/Social_Media/random_sampled/sample_0179.jpg,Template-Free,Template-Free,13770,0.99957365
sample_0180.jpg,/path/to/meme-template-id/Social_Media/random_sampled/sample_0180.jpg,Template-Free,Template-Free,10028,0.99996144
sample_0181.jpg,/path/to/meme-template-id/Social_Media/random_sampled/sample_0181.jpg,albert-einstein-1,Templated-Meme,8156,0.99902827
sample_0182.jpg,/path/to/meme-template-id/Social_Media/random_sampled/sample_0182.jpg,Template-Free,Template-Free,11312,0.99268186
sample_0183.jpg,/path/to/meme-template-id/Social_Media/random_sampled/sample_0183.jpg,Template-Free,Template-Free,6869,0.98661035
sample_0184.jpg,/path/to/meme-template-id/Social_Media/random_sampled/sample_0184.jpg,Template-Free,Template-Free,10650,0.99994123
sample_0185.jpg,/path/to/meme-template-id/Social_Media/random_sampled/sample_0185.jpg,Template-Free,Template-Free,13932,0.9973882
sample_0186.jpg,/path/to/meme-template-id/Social_Media/random_sampled/sample_0186.jpg,this-is-worthless,Templated-Meme,12729,0.9999865
sample_0187.jpg,/path/to/meme-template-id/Social_Media/random_sampled/sample_0187.jpg,drake_hotline_bling_normal,Templated-Meme,13926,0.9997383
sample_0188.jpg,/path/to/meme-template-id/Social_Media/random_sampled/sample_0188.jpg,second-breakfast,Templated-Meme,11297,1.0000309
sample_0189.jpg,/path/to/meme-template-id/Social_Media/random_sampled/sample_0189.jpg,nobody-absolutely-no-one,Templated-Meme,2604,0.99986565
sample_0190.jpg,/path/to/meme-template-id/Social_Media/random_sampled/sample_0190.jpg,nobody-is-born-cool,Templated-Meme,377,1.0000014
sample_0191.jpg,/path/to/meme-template-id/Social_Media/random_sampled/sample_0191.jpg,Template-Free,Template-Free,12309,0.99979186
sample_0192.jpg,/path/to/meme-template-id/Social_Media/random_sampled/sample_0192.jpg,Template-Free,Template-Free,5748,0.9843561
sample_0193.jpg,/path/to/meme-template-id/Social_Media/random_sampled/sample_0193.jpg,Template-Free,Template-Free,7420,0.9601707
sample_0194.jpg,/path/to/meme-template-id/Social_Media/random_sampled/sample_0194.jpg,screaming-seagull,Templated-Meme,601,0.99998635
sample_0195.jpg,/path/to/meme-template-id/Social_Media/random_sampled/sample_0195.jpg,Non-Meme,Non-Meme,13615,0.9919197
sample_0196.jpg,/path/to/meme-template-id/Social_Media/random_sampled/sample_0196.jpg,Template-Free,Template-Free,13862,0.9975145
sample_0197.jpg,/path/to/meme-template-id/Social_Media/random_sampled/sample_0197.jpg,obi-wan-of-course-i-know-him-hes-me,Templated-Meme,13354,0.99692744
sample_0198.jpg,/path/to/meme-template-id/Social_Media/random_sampled/sample_0198.jpg,Template-Free,Template-Free,3845,0.9812052
sample_0199.jpg,/path/to/meme-template-id/Social_Media/random_sampled/sample_0199.jpg,Non-Meme,Non-Meme,10107,0.99546826
sample_0200.jpg,/path/to/meme-template-id/Social_Media/random_sampled/sample_0200.jpg,Template-Free,Template-Free,13971,0.99989307
sample_0201.jpg,/path/to/meme-template-id/Social_Media/random_sampled/sample_0201.jpg,Template-Free,Template-Free,5177,0.9905521
sample_0202.jpg,/path/to/meme-template-id/Social_Media/random_sampled/sample_0202.jpg,Template-Free,Template-Free,10657,0.99693376
sample_0203.jpg,/path/to/meme-template-id/Social_Media/random_sampled/sample_0203.jpg,Template-Free,Template-Free,5035,0.98301435
sample_0204.jpg,/path/to/meme-template-id/Social_Media/random_sampled/sample_0204.jpg,Template-Free,Template-Free,13956,0.997666
sample_0205.jpg,/path/to/meme-template-id/Social_Media/random_sampled/sample_0205.jpg,Template-Free,Template-Free,13128,0.99482024
sample_0206.jpg,/path/to/meme-template-id/Social_Media/random_sampled/sample_0206.jpg,cereal-guy,Templated-Meme,9114,0.99857694
sample_0207.jpg,/path/to/meme-template-id/Social_Media/random_sampled/sample_0207.jpg,assassination-chain,Templated-Meme,11931,0.9993565
sample_0208.jpg,/path/to/meme-template-id/Social_Media/random_sampled/sample_0208.jpg,Template-Free,Template-Free,12046,0.99800396
sample_0209.jpg,/path/to/meme-template-id/Social_Media/random_sampled/sample_0209.jpg,Non-Meme,Non-Meme,13640,0.9978631
sample_0210.jpg,/path/to/meme-template-id/Social_Media/random_sampled/sample_0210.jpg,Template-Free,Template-Free,3954,0.99879867
sample_0211.jpg,/path/to/meme-template-id/Social_Media/random_sampled/sample_0211.jpg,grumpy-toad,Templated-Meme,11289,0.99875194
sample_0212.jpg,/path/to/meme-template-id/Social_Media/random_sampled/sample_0212.jpg,Template-Free,Template-Free,13172,0.9976585
sample_0213.jpg,/path/to/meme-template-id/Social_Media/random_sampled/sample_0213.jpg,elon-musk-smoking-a-joint,Templated-Meme,1470,0.9990983
sample_0214.jpg,/path/to/meme-template-id/Social_Media/random_sampled/sample_0214.jpg,Template-Free,Template-Free,12849,0.9974072
sample_0215.jpg,/path/to/meme-template-id/Social_Media/random_sampled/sample_0215.jpg,Non-Meme,Non-Meme,10100,0.99580777
sample_0216.jpg,/path/to/meme-template-id/Social_Media/random_sampled/sample_0216.jpg,the-scroll-of-truth,Templated-Meme,5783,0.99993336
sample_0217.jpg,/path/to/meme-template-id/Social_Media/random_sampled/sample_0217.jpg,Template-Free,Template-Free,4260,0.9982555
sample_0218.jpg,/path/to/meme-template-id/Social_Media/random_sampled/sample_0218.jpg,Non-Meme,Non-Meme,10109,0.99614036
sample_0219.jpg,/path/to/meme-template-id/Social_Media/random_sampled/sample_0219.jpg,Template-Free,Template-Free,12306,0.9989615
sample_0220.jpg,/path/to/meme-template-id/Social_Media/random_sampled/sample_0220.jpg,Non-Meme,Non-Meme,10111,0.9996041
sample_0221.jpg,/path/to/meme-template-id/Social_Media/random_sampled/sample_0221.jpg,Template-Free,Template-Free,10017,0.9982981
sample_0222.jpg,/path/to/meme-template-id/Social_Media/random_sampled/sample_0222.jpg,Template-Free,Template-Free,13947,0.9990554
sample_0223.jpg,/path/to/meme-template-id/Social_Media/random_sampled/sample_0223.jpg,alright-gentlemen-we-need-a-new-idea,Templated-Meme,4364,0.9888314
sample_0224.jpg,/path/to/meme-template-id/Social_Media/random_sampled/sample_0224.jpg,c01_grumpy_cat_base_reverse,Templated-Meme,12364,0.9955529
sample_0225.jpg,/path/to/meme-template-id/Social_Media/random_sampled/sample_0225.jpg,Template-Free,Template-Free,11340,0.9986204
sample_0226.jpg,/path/to/meme-template-id/Social_Media/random_sampled/sample_0226.jpg,weird-stuff-i-do-potoo,Templated-Meme,11369,0.9861867
sample_0227.jpg,/path/to/meme-template-id/Social_Media/random_sampled/sample_0227.jpg,Template-Free,Template-Free,3976,0.9999528
sample_0228.jpg,/path/to/meme-template-id/Social_Media/random_sampled/sample_0228.jpg,Template-Free,Template-Free,6893,0.99994016
sample_0229.jpg,/path/to/meme-template-id/Social_Media/random_sampled/sample_0229.jpg,spongebob-money,Templated-Meme,13942,0.99951655
sample_0230.jpg,/path/to/meme-template-id/Social_Media/random_sampled/sample_0230.jpg,Template-Free,Template-Free,6038,0.9915843
sample_0231.jpg,/path/to/meme-template-id/Social_Media/random_sampled/sample_0231.jpg,depends-on-the-context,Templated-Meme,12644,0.99546033
sample_0232.jpg,/path/to/meme-template-id/Social_Media/random_sampled/sample_0232.jpg,elon-musk-blank-tweet,Templated-Meme,13992,0.99943054
sample_0233.jpg,/path/to/meme-template-id/Social_Media/random_sampled/sample_0233.jpg,Template-Free,Template-Free,8570,0.9881699
sample_0234.jpg,/path/to/meme-template-id/Social_Media/random_sampled/sample_0234.jpg,Template-Free,Template-Free,9855,0.9978213
sample_0235.jpg,/path/to/meme-template-id/Social_Media/random_sampled/sample_0235.jpg,Non-Meme,Non-Meme,8994,0.99974567
sample_0236.jpg,/path/to/meme-template-id/Social_Media/random_sampled/sample_0236.jpg,loading-cat,Templated-Meme,11911,0.9974297
sample_0237.jpg,/path/to/meme-template-id/Social_Media/random_sampled/sample_0237.jpg,Template-Free,Template-Free,6580,0.9910442
sample_0238.jpg,/path/to/meme-template-id/Social_Media/random_sampled/sample_0238.jpg,Template-Free,Template-Free,11541,0.9958681
sample_0239.jpg,/path/to/meme-template-id/Social_Media/random_sampled/sample_0239.jpg,Template-Free,Template-Free,4396,0.999936
sample_0240.jpg,/path/to/meme-template-id/Social_Media/random_sampled/sample_0240.jpg,Template-Free,Template-Free,9937,0.99894094
sample_0241.jpg,/path/to/meme-template-id/Social_Media/random_sampled/sample_0241.jpg,Template-Free,Template-Free,13271,0.99980325
sample_0242.jpg,/path/to/meme-template-id/Social_Media/random_sampled/sample_0242.jpg,god,Templated-Meme,8187,0.99715424
sample_0243.jpg,/path/to/meme-template-id/Social_Media/random_sampled/sample_0243.jpg,kermit-sipping-tea,Templated-Meme,9984,0.99974775
sample_0244.jpg,/path/to/meme-template-id/Social_Media/random_sampled/sample_0244.jpg,Non-Meme,Non-Meme,5447,0.99043083
sample_0245.jpg,/path/to/meme-template-id/Social_Media/random_sampled/sample_0245.jpg,meg-family-guy-better-than-me,Templated-Meme,8772,0.99183035
sample_0246.jpg,/path/to/meme-template-id/Social_Media/random_sampled/sample_0246.jpg,Non-Meme,Non-Meme,9979,0.98778003
sample_0247.jpg,/path/to/meme-template-id/Social_Media/random_sampled/sample_0247.jpg,Non-Meme,Non-Meme,859,0.99986756
sample_0248.jpg,/path/to/meme-template-id/Social_Media/random_sampled/sample_0248.jpg,Template-Free,Template-Free,13281,0.99907625
sample_0249.jpg,/path/to/meme-template-id/Social_Media/random_sampled/sample_0249.jpg,Template-Free,Template-Free,10552,0.9985204
sample_0250.jpg,/path/to/meme-template-id/Social_Media/random_sampled/sample_0250.jpg,Template-Free,Template-Free,2243,0.999653
sample_0251.jpg,/path/to/meme-template-id/Social_Media/random_sampled/sample_0251.jpg,Non-Meme,Non-Meme,10111,0.9991709
sample_0252.jpg,/path/to/meme-template-id/Social_Media/random_sampled/sample_0252.jpg,Template-Free,Template-Free,8876,0.99961567
sample_0253.jpg,/path/to/meme-template-id/Social_Media/random_sampled/sample_0253.jpg,Template-Free,Template-Free,13980,0.9996781
sample_0254.jpg,/path/to/meme-template-id/Social_Media/random_sampled/sample_0254.jpg,Non-Meme,Non-Meme,10107,0.99544847
sample_0255.jpg,/path/to/meme-template-id/Social_Media/random_sampled/sample_0255.jpg,Template-Free,Template-Free,3676,0.99982303
sample_0256.jpg,/path/to/meme-template-id/Social_Media/random_sampled/sample_0256.jpg,Template-Free,Template-Free,8738,0.99623567
sample_0257.jpg,/path/to/meme-template-id/Social_Media/random_sampled/sample_0257.jpg,depends-on-the-context,Templated-Meme,756,0.9999973
sample_0258.jpg,/path/to/meme-template-id/Social_Media/random_sampled/sample_0258.jpg,no_take_only_throw,Templated-Meme,13170,0.99677235
sample_0259.jpg,/path/to/meme-template-id/Social_Media/random_sampled/sample_0259.jpg,Template-Free,Template-Free,12178,0.99833935
sample_0260.jpg,/path/to/meme-template-id/Social_Media/random_sampled/sample_0260.jpg,Template-Free,Template-Free,6005,0.8918555
sample_0261.jpg,/path/to/meme-template-id/Social_Media/random_sampled/sample_0261.jpg,i-fear-no-man-but-that-thingit-scares-me,Templated-Meme,12080,0.99839354
sample_0262.jpg,/path/to/meme-template-id/Social_Media/random_sampled/sample_0262.jpg,Template-Free,Template-Free,10939,0.99515975
sample_0263.jpg,/path/to/meme-template-id/Social_Media/random_sampled/sample_0263.jpg,Template-Free,Template-Free,8044,0.99969655
sample_0264.jpg,/path/to/meme-template-id/Social_Media/random_sampled/sample_0264.jpg,Non-Meme,Non-Meme,13615,0.99692
sample_0265.jpg,/path/to/meme-template-id/Social_Media/random_sampled/sample_0265.jpg,disaster-girl,Templated-Meme,9038,0.99266213
sample_0266.jpg,/path/to/meme-template-id/Social_Media/random_sampled/sample_0266.jpg,Template-Free,Template-Free,1922,0.99890536
sample_0267.jpg,/path/to/meme-template-id/Social_Media/random_sampled/sample_0267.jpg,Template-Free,Template-Free,10475,0.9965859
sample_0268.jpg,/path/to/meme-template-id/Social_Media/random_sampled/sample_0268.jpg,Template-Free,Template-Free,9788,0.9990459
sample_0269.jpg,/path/to/meme-template-id/Social_Media/random_sampled/sample_0269.jpg,Non-Meme,Non-Meme,13639,0.99876606
sample_0270.jpg,/path/to/meme-template-id/Social_Media/random_sampled/sample_0270.jpg,Template-Free,Template-Free,6532,1.0000038
sample_0271.jpg,/path/to/meme-template-id/Social_Media/random_sampled/sample_0271.jpg,Non-Meme,Non-Meme,10111,0.9952432
sample_0272.jpg,/path/to/meme-template-id/Social_Media/random_sampled/sample_0272.jpg,bill-murray-golf,Templated-Meme,7658,0.9933452
sample_0273.jpg,/path/to/meme-template-id/Social_Media/random_sampled/sample_0273.jpg,Template-Free,Template-Free,12306,0.99874204
sample_0274.jpg,/path/to/meme-template-id/Social_Media/random_sampled/sample_0274.jpg,Non-Meme,Non-Meme,3749,0.99776393
sample_0275.jpg,/path/to/meme-template-id/Social_Media/random_sampled/sample_0275.jpg,Template-Free,Template-Free,5865,0.99939954
sample_0276.jpg,/path/to/meme-template-id/Social_Media/random_sampled/sample_0276.jpg,Template-Free,Template-Free,10617,0.99956864
sample_0277.jpg,/path/to/meme-template-id/Social_Media/random_sampled/sample_0277.jpg,Non-Meme,Non-Meme,10111,0.9960695
sample_0278.jpg,/path/to/meme-template-id/Social_Media/random_sampled/sample_0278.jpg,Non-Meme,Non-Meme,13615,0.99857473
sample_0279.jpg,/path/to/meme-template-id/Social_Media/random_sampled/sample_0279.jpg,kobe,Templated-Meme,8052,1.00018
sample_0280.jpg,/path/to/meme-template-id/Social_Media/random_sampled/sample_0280.jpg,Template-Free,Template-Free,13409,0.99893385
sample_0281.jpg,/path/to/meme-template-id/Social_Media/random_sampled/sample_0281.jpg,Template-Free,Template-Free,11804,0.9947754
sample_0282.jpg,/path/to/meme-template-id/Social_Media/random_sampled/sample_0282.jpg,unsettled-tom,Templated-Meme,10265,0.99859846
sample_0283.jpg,/path/to/meme-template-id/Social_Media/random_sampled/sample_0283.jpg,Template-Free,Template-Free,13697,0.9974944
sample_0284.jpg,/path/to/meme-template-id/Social_Media/random_sampled/sample_0284.jpg,spiderman-pointing-at-spiderman,Templated-Meme,12520,0.9999572
sample_0285.jpg,/path/to/meme-template-id/Social_Media/random_sampled/sample_0285.jpg,Template-Free,Template-Free,11293,0.9959434
sample_0286.jpg,/path/to/meme-template-id/Social_Media/random_sampled/sample_0286.jpg,baby-boss-relaxed-smug-content,Templated-Meme,11874,0.9964303
sample_0287.jpg,/path/to/meme-template-id/Social_Media/random_sampled/sample_0287.jpg,Non-Meme,Non-Meme,9773,0.9911126
sample_0288.jpg,/path/to/meme-template-id/Social_Media/random_sampled/sample_0288.jpg,psy-horse-dance,Templated-Meme,9243,0.9945898
sample_0289.jpg,/path/to/meme-template-id/Social_Media/random_sampled/sample_0289.jpg,Template-Free,Template-Free,6231,0.9963722
sample_0290.jpg,/path/to/meme-template-id/Social_Media/random_sampled/sample_0290.jpg,Template-Free,Template-Free,12013,0.9983093
sample_0291.jpg,/path/to/meme-template-id/Social_Media/random_sampled/sample_0291.jpg,Template-Free,Template-Free,10007,0.9918838
sample_0292.jpg,/path/to/meme-template-id/Social_Media/random_sampled/sample_0292.jpg,Template-Free,Template-Free,3352,0.9999361
sample_0293.jpg,/path/to/meme-template-id/Social_Media/random_sampled/sample_0293.jpg,Template-Free,Template-Free,13977,0.9983321
sample_0294.jpg,/path/to/meme-template-id/Social_Media/random_sampled/sample_0294.jpg,Template-Free,Template-Free,1653,0.9999838
sample_0295.jpg,/path/to/meme-template-id/Social_Media/random_sampled/sample_0295.jpg,black-guy-crying-and-black-guy-laughing,Templated-Meme,9403,0.99630964
sample_0296.jpg,/path/to/meme-template-id/Social_Media/random_sampled/sample_0296.jpg,Non-Meme,Non-Meme,13441,0.997251
sample_0297.jpg,/path/to/meme-template-id/Social_Media/random_sampled/sample_0297.jpg,soldiers-hold-up-society,Templated-Meme,10685,1.000024
sample_0298.jpg,/path/to/meme-template-id/Social_Media/random_sampled/sample_0298.jpg,Template-Free,Template-Free,13315,0.9988155
sample_0299.jpg,/path/to/meme-template-id/Social_Media/random_sampled/sample_0299.jpg,Template-Free,Template-Free,12793,0.9968035
sample_0300.jpg,/path/to/meme-template-id/Social_Media/random_sampled/sample_0300.jpg,Template-Free,Template-Free,6286,0.9995132
sample_0301.jpg,/path/to/meme-template-id/Social_Media/random_sampled/sample_0301.jpg,Template-Free,Template-Free,8313,0.9998903
sample_0302.jpg,/path/to/meme-template-id/Social_Media/random_sampled/sample_0302.jpg,Template-Free,Template-Free,8168,0.9989115
sample_0303.jpg,/path/to/meme-template-id/Social_Media/random_sampled/sample_0303.jpg,headbanzer,Templated-Meme,6106,0.95806825
sample_0304.jpg,/path/to/meme-template-id/Social_Media/random_sampled/sample_0304.jpg,Template-Free,Template-Free,12739,0.9997531
sample_0305.jpg,/path/to/meme-template-id/Social_Media/random_sampled/sample_0305.jpg,Template-Free,Template-Free,10067,0.9998679
sample_0306.jpg,/path/to/meme-template-id/Social_Media/random_sampled/sample_0306.jpg,Template-Free,Template-Free,10376,0.99630463
sample_0307.jpg,/path/to/meme-template-id/Social_Media/random_sampled/sample_0307.jpg,Template-Free,Template-Free,5865,0.9974528
sample_0308.jpg,/path/to/meme-template-id/Social_Media/random_sampled/sample_0308.jpg,Template-Free,Template-Free,222,1.0000497
sample_0309.jpg,/path/to/meme-template-id/Social_Media/random_sampled/sample_0309.jpg,Template-Free,Template-Free,10290,0.9989417
sample_0310.jpg,/path/to/meme-template-id/Social_Media/random_sampled/sample_0310.jpg,Template-Free,Template-Free,8249,0.999785
sample_0311.jpg,/path/to/meme-template-id/Social_Media/random_sampled/sample_0311.jpg,all-my-homies-hate,Templated-Meme,9742,0.9985512
sample_0312.jpg,/path/to/meme-template-id/Social_Media/random_sampled/sample_0312.jpg,Template-Free,Template-Free,13161,0.9905475
sample_0313.jpg,/path/to/meme-template-id/Social_Media/random_sampled/sample_0313.jpg,Non-Meme,Non-Meme,13661,0.99729127
sample_0314.jpg,/path/to/meme-template-id/Social_Media/random_sampled/sample_0314.jpg,Template-Free,Template-Free,11367,0.99568915
sample_0315.jpg,/path/to/meme-template-id/Social_Media/random_sampled/sample_0315.jpg,thanos_smile,Templated-Meme,12645,0.9994349
sample_0316.jpg,/path/to/meme-template-id/Social_Media/random_sampled/sample_0316.jpg,Template-Free,Template-Free,6965,0.99856466
sample_0317.jpg,/path/to/meme-template-id/Social_Media/random_sampled/sample_0317.jpg,its-over-anakin-i-have-the-high-ground,Templated-Meme,11837,0.99975306
sample_0318.jpg,/path/to/meme-template-id/Social_Media/random_sampled/sample_0318.jpg,Non-Meme,Non-Meme,13639,0.99955595
sample_0319.jpg,/path/to/meme-template-id/Social_Media/random_sampled/sample_0319.jpg,ill-just-wait-here,Templated-Meme,10675,0.9926419
sample_0320.jpg,/path/to/meme-template-id/Social_Media/random_sampled/sample_0320.jpg,Template-Free,Template-Free,4014,0.9733529
sample_0321.jpg,/path/to/meme-template-id/Social_Media/random_sampled/sample_0321.jpg,guy-getting-beat-up,Templated-Meme,11170,0.9975671
sample_0322.jpg,/path/to/meme-template-id/Social_Media/random_sampled/sample_0322.jpg,Template-Free,Template-Free,7882,0.99803764
sample_0323.jpg,/path/to/meme-template-id/Social_Media/random_sampled/sample_0323.jpg,am-i-a-joke-to-you,Templated-Meme,10558,0.997871
sample_0324.jpg,/path/to/meme-template-id/Social_Media/random_sampled/sample_0324.jpg,Template-Free,Template-Free,7853,0.98982495
sample_0325.jpg,/path/to/meme-template-id/Social_Media/random_sampled/sample_0325.jpg,Template-Free,Template-Free,13515,0.9955594
sample_0326.jpg,/path/to/meme-template-id/Social_Media/random_sampled/sample_0326.jpg,Template-Free,Template-Free,12110,0.99896055
sample_0327.jpg,/path/to/meme-template-id/Social_Media/random_sampled/sample_0327.jpg,Template-Free,Template-Free,6616,0.999568
sample_0328.jpg,/path/to/meme-template-id/Social_Media/random_sampled/sample_0328.jpg,congratulations_you_are_being_rescued_please_do_not_resist,Templated-Meme,5488,1.0000714
sample_0329.jpg,/path/to/meme-template-id/Social_Media/random_sampled/sample_0329.jpg,Template-Free,Template-Free,8173,0.9990072
sample_0330.jpg,/path/to/meme-template-id/Social_Media/random_sampled/sample_0330.jpg,Template-Free,Template-Free,13256,0.9993568
sample_0331.jpg,/path/to/meme-template-id/Social_Media/random_sampled/sample_0331.jpg,Template-Free,Template-Free,13891,0.99898535
sample_0332.jpg,/path/to/meme-template-id/Social_Media/random_sampled/sample_0332.jpg,Non-Meme,Non-Meme,13640,1.000092
sample_0333.jpg,/path/to/meme-template-id/Social_Media/random_sampled/sample_0333.jpg,Template-Free,Template-Free,12911,0.9982265
sample_0334.jpg,/path/to/meme-template-id/Social_Media/random_sampled/sample_0334.jpg,krusty-krab-vs-chum-bucket-blank,Templated-Meme,9481,0.99846685
sample_0335.jpg,/path/to/meme-template-id/Social_Media/random_sampled/sample_0335.jpg,Template-Free,Template-Free,11617,0.9942379
sample_0336.jpg,/path/to/meme-template-id/Social_Media/random_sampled/sample_0336.jpg,Template-Free,Template-Free,718,0.9998108
sample_0337.jpg,/path/to/meme-template-id/Social_Media/random_sampled/sample_0337.jpg,guy-recording-a-fight,Templated-Meme,13933,0.9980522
sample_0338.jpg,/path/to/meme-template-id/Social_Media/random_sampled/sample_0338.jpg,society-if,Templated-Meme,2380,1.0000614
sample_0339.jpg,/path/to/meme-template-id/Social_Media/random_sampled/sample_0339.jpg,Template-Free,Template-Free,6171,0.9865485
sample_0340.jpg,/path/to/meme-template-id/Social_Media/random_sampled/sample_0340.jpg,im-in-danger,Templated-Meme,13387,0.99939555
sample_0341.jpg,/path/to/meme-template-id/Social_Media/random_sampled/sample_0341.jpg,monkey-looking-away,Templated-Meme,12242,0.9937316
sample_0342.jpg,/path/to/meme-template-id/Social_Media/random_sampled/sample_0342.jpg,umbrella_academy_car_passing,Templated-Meme,8270,0.98656905
sample_0343.jpg,/path/to/meme-template-id/Social_Media/random_sampled/sample_0343.jpg,Template-Free,Template-Free,157,1.0001068
sample_0344.jpg,/path/to/meme-template-id/Social_Media/random_sampled/sample_0344.jpg,Template-Free,Template-Free,2556,1.0000501
sample_0345.jpg,/path/to/meme-template-id/Social_Media/random_sampled/sample_0345.jpg,2nd-term-obama,Templated-Meme,9629,0.9992776
sample_0346.jpg,/path/to/meme-template-id/Social_Media/random_sampled/sample_0346.jpg,sad-cat-holding-dog,Templated-Meme,3998,0.99969965
sample_0347.jpg,/path/to/meme-template-id/Social_Media/random_sampled/sample_0347.jpg,Template-Free,Template-Free,1146,0.9999738
sample_0348.jpg,/path/to/meme-template-id/Social_Media/random_sampled/sample_0348.jpg,Non-Meme,Non-Meme,13640,0.9996771
sample_0349.jpg,/path/to/meme-template-id/Social_Media/random_sampled/sample_0349.jpg,spongebob_patrick_garbage_diapers,Templated-Meme,13918,0.9984942
sample_0350.jpg,/path/to/meme-template-id/Social_Media/random_sampled/sample_0350.jpg,Template-Free,Template-Free,9313,0.9917886
sample_0351.jpg,/path/to/meme-template-id/Social_Media/random_sampled/sample_0351.jpg,walter_white,Templated-Meme,9012,0.98380744
sample_0352.jpg,/path/to/meme-template-id/Social_Media/random_sampled/sample_0352.jpg,meme-man,Templated-Meme,2278,0.9993928
sample_0353.jpg,/path/to/meme-template-id/Social_Media/random_sampled/sample_0353.jpg,bernie-sanders-once-again-asking,Templated-Meme,9620,0.99927133
sample_0354.jpg,/path/to/meme-template-id/Social_Media/random_sampled/sample_0354.jpg,Template-Free,Template-Free,11127,0.9999717
sample_0355.jpg,/path/to/meme-template-id/Social_Media/random_sampled/sample_0355.jpg,kermit-window,Templated-Meme,9998,0.99998677
sample_0356.jpg,/path/to/meme-template-id/Social_Media/random_sampled/sample_0356.jpg,Non-Meme,Non-Meme,13578,0.99961406
sample_0357.jpg,/path/to/meme-template-id/Social_Media/random_sampled/sample_0357.jpg,Template-Free,Template-Free,7302,0.9940829
sample_0358.jpg,/path/to/meme-template-id/Social_Media/random_sampled/sample_0358.jpg,Template-Free,Template-Free,12046,0.9983604
sample_0359.jpg,/path/to/meme-template-id/Social_Media/random_sampled/sample_0359.jpg,not-stonks,Templated-Meme,2274,0.99985325
sample_0360.jpg,/path/to/meme-template-id/Social_Media/random_sampled/sample_0360.jpg,not-stonks,Templated-Meme,2274,0.99589914
sample_0361.jpg,/path/to/meme-template-id/Social_Media/random_sampled/sample_0361.jpg,Template-Free,Template-Free,13562,0.9997424
sample_0362.jpg,/path/to/meme-template-id/Social_Media/random_sampled/sample_0362.jpg,milking-the-cow,Templated-Meme,11823,0.9969239
sample_0363.jpg,/path/to/meme-template-id/Social_Media/random_sampled/sample_0363.jpg,Template-Free,Template-Free,9838,0.99785763
sample_0364.jpg,/path/to/meme-template-id/Social_Media/random_sampled/sample_0364.jpg,Template-Free,Template-Free,4194,0.98456615
sample_0365.jpg,/path/to/meme-template-id/Social_Media/random_sampled/sample_0365.jpg,Template-Free,Template-Free,10860,0.99786574
sample_0366.jpg,/path/to/meme-template-id/Social_Media/random_sampled/sample_0366.jpg,Template-Free,Template-Free,12832,0.9994093
sample_0367.jpg,/path/to/meme-template-id/Social_Media/random_sampled/sample_0367.jpg,Template-Free,Template-Free,3903,0.98006994
sample_0368.jpg,/path/to/meme-template-id/Social_Media/random_sampled/sample_0368.jpg,Template-Free,Template-Free,12609,0.99701464
sample_0369.jpg,/path/to/meme-template-id/Social_Media/random_sampled/sample_0369.jpg,Template-Free,Template-Free,4494,1.000077
sample_0370.jpg,/path/to/meme-template-id/Social_Media/random_sampled/sample_0370.jpg,Template-Free,Template-Free,13695,0.99809563
sample_0371.jpg,/path/to/meme-template-id/Social_Media/random_sampled/sample_0371.jpg,Non-Meme,Non-Meme,13657,0.9974575
sample_0372.jpg,/path/to/meme-template-id/Social_Media/random_sampled/sample_0372.jpg,Template-Free,Template-Free,13211,0.99194866
sample_0373.jpg,/path/to/meme-template-id/Social_Media/random_sampled/sample_0373.jpg,spiderman-presentation,Templated-Meme,1280,1.0001086
sample_0374.jpg,/path/to/meme-template-id/Social_Media/random_sampled/sample_0374.jpg,Template-Free,Template-Free,11000,0.99881595
sample_0375.jpg,/path/to/meme-template-id/Social_Media/random_sampled/sample_0375.jpg,strong-dog-vs-weak-dog,Templated-Meme,7471,0.99945706
sample_0376.jpg,/path/to/meme-template-id/Social_Media/random_sampled/sample_0376.jpg,Non-Meme,Non-Meme,13640,0.99990666
sample_0377.jpg,/path/to/meme-template-id/Social_Media/random_sampled/sample_0377.jpg,Template-Free,Template-Free,13821,0.99774605
sample_0378.jpg,/path/to/meme-template-id/Social_Media/random_sampled/sample_0378.jpg,Template-Free,Template-Free,2202,0.9998856
sample_0379.jpg,/path/to/meme-template-id/Social_Media/random_sampled/sample_0379.jpg,Template-Free,Template-Free,13457,0.99071896
sample_0380.jpg,/path/to/meme-template-id/Social_Media/random_sampled/sample_0380.jpg,Template-Free,Template-Free,405,0.99998105
sample_0381.jpg,/path/to/meme-template-id/Social_Media/random_sampled/sample_0381.jpg,foal_of_mine,Templated-Meme,11769,0.9980156
sample_0382.jpg,/path/to/meme-template-id/Social_Media/random_sampled/sample_0382.jpg,Non-Meme,Non-Meme,10111,0.9986872
sample_0383.jpg,/path/to/meme-template-id/Social_Media/random_sampled/sample_0383.jpg,Template-Free,Template-Free,2778,0.9991503
sample_0384.jpg,/path/to/meme-template-id/Social_Media/random_sampled/sample_0384.jpg,Non-Meme,Non-Meme,1026,1.0002044
sample_0385.jpg,/path/to/meme-template-id/Social_Media/random_sampled/sample_0385.jpg,Template-Free,Template-Free,13976,0.99924725
sample_0386.jpg,/path/to/meme-template-id/Social_Media/random_sampled/sample_0386.jpg,elon-musk-smoking-a-joint,Templated-Meme,1468,0.9982363
sample_0387.jpg,/path/to/meme-template-id/Social_Media/random_sampled/sample_0387.jpg,crying-wojak-vs-chad,Templated-Meme,12865,0.9976577
sample_0388.jpg,/path/to/meme-template-id/Social_Media/random_sampled/sample_0388.jpg,virgin-vs-chad,Templated-Meme,12842,1.0000098
sample_0389.jpg,/path/to/meme-template-id/Social_Media/random_sampled/sample_0389.jpg,Template-Free,Template-Free,9959,0.999257
sample_0390.jpg,/path/to/meme-template-id/Social_Media/random_sampled/sample_0390.jpg,m06_change_my_mind,Templated-Meme,9560,0.9995222
sample_0391.jpg,/path/to/meme-template-id/Social_Media/random_sampled/sample_0391.jpg,scared-hamster,Templated-Meme,9640,0.9875918
sample_0392.jpg,/path/to/meme-template-id/Social_Media/random_sampled/sample_0392.jpg,Non-Meme,Non-Meme,10106,0.9956909
sample_0393.jpg,/path/to/meme-template-id/Social_Media/random_sampled/sample_0393.jpg,Template-Free,Template-Free,3688,0.9978
sample_0394.jpg,/path/to/meme-template-id/Social_Media/random_sampled/sample_0394.jpg,Template-Free,Template-Free,12180,0.99284685
sample_0395.jpg,/path/to/meme-template-id/Social_Media/random_sampled/sample_0395.jpg,inspirational-quote,Templated-Meme,13973,0.99865705
sample_0396.jpg,/path/to/meme-template-id/Social_Media/random_sampled/sample_0396.jpg,travelonshark,Templated-Meme,11265,0.99644357
sample_0397.jpg,/path/to/meme-template-id/Social_Media/random_sampled/sample_0397.jpg,Template-Free,Template-Free,12046,0.9982682
sample_0398.jpg,/path/to/meme-template-id/Social_Media/random_sampled/sample_0398.jpg,Template-Free,Template-Free,8868,0.99183005
sample_0399.jpg,/path/to/meme-template-id/Social_Media/random_sampled/sample_0399.jpg,Template-Free,Template-Free,1880,0.957924
sample_0400.jpg,/path/to/meme-template-id/Social_Media/random_sampled/sample_0400.jpg,Non-Meme,Non-Meme,10078,0.99415123
sample_0401.jpg,/path/to/meme-template-id/Social_Media/random_sampled/sample_0401.jpg,Template-Free,Template-Free,13726,0.99954116
sample_0402.jpg,/path/to/meme-template-id/Social_Media/random_sampled/sample_0402.jpg,Template-Free,Template-Free,10519,0.99554783
sample_0403.jpg,/path/to/meme-template-id/Social_Media/random_sampled/sample_0403.jpg,i-bet-hes-thinking-about-other-women,Templated-Meme,10601,0.99859744
sample_0404.jpg,/path/to/meme-template-id/Social_Media/random_sampled/sample_0404.jpg,Template-Free,Template-Free,6747,0.9911042
sample_0405.jpg,/path/to/meme-template-id/Social_Media/random_sampled/sample_0405.jpg,Non-Meme,Non-Meme,12114,0.9939947
sample_0406.jpg,/path/to/meme-template-id/Social_Media/random_sampled/sample_0406.jpg,donald-trump,Templated-Meme,9614,0.9920885
sample_0407.jpg,/path/to/meme-template-id/Social_Media/random_sampled/sample_0407.jpg,Template-Free,Template-Free,4961,0.99929243
sample_0408.jpg,/path/to/meme-template-id/Social_Media/random_sampled/sample_0408.jpg,Template-Free,Template-Free,13499,0.99755186
sample_0409.jpg,/path/to/meme-template-id/Social_Media/random_sampled/sample_0409.jpg,Template-Free,Template-Free,5963,0.99068636
sample_0410.jpg,/path/to/meme-template-id/Social_Media/random_sampled/sample_0410.jpg,Template-Free,Template-Free,9904,0.99070466
sample_0411.jpg,/path/to/meme-template-id/Social_Media/random_sampled/sample_0411.jpg,gondor_calls_for_aid,Templated-Meme,12492,0.99592346
sample_0412.jpg,/path/to/meme-template-id/Social_Media/random_sampled/sample_0412.jpg,death-knocking-at-the-door,Templated-Meme,11174,0.9926663
sample_0413.jpg,/path/to/meme-template-id/Social_Media/random_sampled/sample_0413.jpg,Template-Free,Template-Free,12121,0.9797191
sample_0414.jpg,/path/to/meme-template-id/Social_Media/random_sampled/sample_0414.jpg,Non-Meme,Non-Meme,12718,0.99840915
sample_0415.jpg,/path/to/meme-template-id/Social_Media/random_sampled/sample_0415.jpg,Non-Meme,Non-Meme,9550,0.9983828
sample_0416.jpg,/path/to/meme-template-id/Social_Media/random_sampled/sample_0416.jpg,Template-Free,Template-Free,9655,1.0001107
sample_0417.jpg,/path/to/meme-template-id/Social_Media/random_sampled/sample_0417.jpg,meme-man,Templated-Meme,2278,0.99014425
sample_0418.jpg,/path/to/meme-template-id/Social_Media/random_sampled/sample_0418.jpg,Template-Free,Template-Free,7056,0.9981461
sample_0419.jpg,/path/to/meme-template-id/Social_Media/random_sampled/sample_0419.jpg,ah-shit-here-we-go-again,Templated-Meme,9736,0.99960244
sample_0420.jpg,/path/to/meme-template-id/Social_Media/random_sampled/sample_0420.jpg,Template-Free,Template-Free,11591,0.99404794
sample_0421.jpg,/path/to/meme-template-id/Social_Media/random_sampled/sample_0421.jpg,Non-Meme,Non-Meme,9773,0.99653447
sample_0422.jpg,/path/to/meme-template-id/Social_Media/random_sampled/sample_0422.jpg,Non-Meme,Non-Meme,13661,0.99697095
sample_0423.jpg,/path/to/meme-template-id/Social_Media/random_sampled/sample_0423.jpg,Template-Free,Template-Free,13295,0.9979491
sample_0424.jpg,/path/to/meme-template-id/Social_Media/random_sampled/sample_0424.jpg,Template-Free,Template-Free,11025,0.99100643
sample_0425.jpg,/path/to/meme-template-id/Social_Media/random_sampled/sample_0425.jpg,success-kid-original,Templated-Meme,7175,0.9745253
sample_0426.jpg,/path/to/meme-template-id/Social_Media/random_sampled/sample_0426.jpg,Template-Free,Template-Free,11058,0.99986196
sample_0427.jpg,/path/to/meme-template-id/Social_Media/random_sampled/sample_0427.jpg,Non-Meme,Non-Meme,10106,0.99702364
sample_0428.jpg,/path/to/meme-template-id/Social_Media/random_sampled/sample_0428.jpg,Non-Meme,Non-Meme,8446,1.00011
sample_0429.jpg,/path/to/meme-template-id/Social_Media/random_sampled/sample_0429.jpg,all-my-homies-hate,Templated-Meme,9742,0.9983262
sample_0430.jpg,/path/to/meme-template-id/Social_Media/random_sampled/sample_0430.jpg,Template-Free,Template-Free,9747,0.9974006
sample_0431.jpg,/path/to/meme-template-id/Social_Media/random_sampled/sample_0431.jpg,Template-Free,Template-Free,657,0.99777555
sample_0432.jpg,/path/to/meme-template-id/Social_Media/random_sampled/sample_0432.jpg,Template-Free,Template-Free,6085,0.99598813
sample_0433.jpg,/path/to/meme-template-id/Social_Media/random_sampled/sample_0433.jpg,Non-Meme,Non-Meme,10107,0.9945125
sample_0434.jpg,/path/to/meme-template-id/Social_Media/random_sampled/sample_0434.jpg,Template-Free,Template-Free,7911,0.98201776
sample_0435.jpg,/path/to/meme-template-id/Social_Media/random_sampled/sample_0435.jpg,Template-Free,Template-Free,9965,0.9898719
sample_0436.jpg,/path/to/meme-template-id/Social_Media/random_sampled/sample_0436.jpg,bugs-bunny-comunista,Templated-Meme,9859,0.99830025
sample_0437.jpg,/path/to/meme-template-id/Social_Media/random_sampled/sample_0437.jpg,Template-Free,Template-Free,9150,0.99558103
sample_0438.jpg,/path/to/meme-template-id/Social_Media/random_sampled/sample_0438.jpg,Template-Free,Template-Free,5852,1.0000279
sample_0439.jpg,/path/to/meme-template-id/Social_Media/random_sampled/sample_0439.jpg,Template-Free,Template-Free,11778,0.9987494
sample_0440.jpg,/path/to/meme-template-id/Social_Media/random_sampled/sample_0440.jpg,Template-Free,Template-Free,2083,0.99985576
sample_0441.jpg,/path/to/meme-template-id/Social_Media/random_sampled/sample_0441.jpg,Template-Free,Template-Free,12061,0.99646664
sample_0442.jpg,/path/to/meme-template-id/Social_Media/random_sampled/sample_0442.jpg,Template-Free,Template-Free,13950,0.99836296
sample_0443.jpg,/path/to/meme-template-id/Social_Media/random_sampled/sample_0443.jpg,eric-andre-let-me-in-meme,Templated-Meme,6426,0.9993775
sample_0444.jpg,/path/to/meme-template-id/Social_Media/random_sampled/sample_0444.jpg,drake_hotline_bling_normal,Templated-Meme,13928,0.9973017
sample_0445.jpg,/path/to/meme-template-id/Social_Media/random_sampled/sample_0445.jpg,Template-Free,Template-Free,13809,0.9987653
sample_0446.jpg,/path/to/meme-template-id/Social_Media/random_sampled/sample_0446.jpg,Template-Free,Template-Free,5514,1.0000353
sample_0447.jpg,/path/to/meme-template-id/Social_Media/random_sampled/sample_0447.jpg,Non-Meme,Non-Meme,9503,0.99977535
sample_0448.jpg,/path/to/meme-template-id/Social_Media/random_sampled/sample_0448.jpg,Template-Free,Template-Free,8771,0.9896039
sample_0449.jpg,/path/to/meme-template-id/Social_Media/random_sampled/sample_0449.jpg,Template-Free,Template-Free,12715,0.9979705
sample_0450.jpg,/path/to/meme-template-id/Social_Media/random_sampled/sample_0450.jpg,Template-Free,Template-Free,11197,0.9978466
sample_0451.jpg,/path/to/meme-template-id/Social_Media/random_sampled/sample_0451.jpg,bas_karo_bhai,Templated-Meme,8405,0.999037
sample_0452.jpg,/path/to/meme-template-id/Social_Media/random_sampled/sample_0452.jpg,hard-to-swallow-pills,Templated-Meme,3150,1.0000747
sample_0453.jpg,/path/to/meme-template-id/Social_Media/random_sampled/sample_0453.jpg,now-thats-a-name-i-havent-heard-since,Templated-Meme,4846,0.9979723
sample_0454.jpg,/path/to/meme-template-id/Social_Media/random_sampled/sample_0454.jpg,Non-Meme,Non-Meme,12355,0.99865496
sample_0455.jpg,/path/to/meme-template-id/Social_Media/random_sampled/sample_0455.jpg,Template-Free,Template-Free,3052,0.9959801
sample_0456.jpg,/path/to/meme-template-id/Social_Media/random_sampled/sample_0456.jpg,Template-Free,Template-Free,10736,0.9941425
sample_0457.jpg,/path/to/meme-template-id/Social_Media/random_sampled/sample_0457.jpg,Template-Free,Template-Free,13834,0.999958
sample_0458.jpg,/path/to/meme-template-id/Social_Media/random_sampled/sample_0458.jpg,Template-Free,Template-Free,9084,0.9805083
sample_0459.jpg,/path/to/meme-template-id/Social_Media/random_sampled/sample_0459.jpg,magic_8_ball,Templated-Meme,6963,0.9870796
sample_0460.jpg,/path/to/meme-template-id/Social_Media/random_sampled/sample_0460.jpg,drake_hotline_bling_normal,Templated-Meme,13851,0.997961
sample_0461.jpg,/path/to/meme-template-id/Social_Media/random_sampled/sample_0461.jpg,mother-ignoring-kid-drowning-in-a-pool,Templated-Meme,11909,0.9998876
sample_0462.jpg,/path/to/meme-template-id/Social_Media/random_sampled/sample_0462.jpg,i-will-find-you-and-i-will-kill-you,Templated-Meme,8549,0.99988896
sample_0463.jpg,/path/to/meme-template-id/Social_Media/random_sampled/sample_0463.jpg,Template-Free,Template-Free,2253,0.99997544
sample_0464.jpg,/path/to/meme-template-id/Social_Media/random_sampled/sample_0464.jpg,Template-Free,Template-Free,9949,0.99681723
sample_0465.jpg,/path/to/meme-template-id/Social_Media/random_sampled/sample_0465.jpg,Template-Free,Template-Free,3862,0.9763892
sample_0466.jpg,/path/to/meme-template-id/Social_Media/random_sampled/sample_0466.jpg,Template-Free,Template-Free,13891,0.9983375
sample_0467.jpg,/path/to/meme-template-id/Social_Media/random_sampled/sample_0467.jpg,adios,Templated-Meme,4714,0.99993724
sample_0468.jpg,/path/to/meme-template-id/Social_Media/random_sampled/sample_0468.jpg,Template-Free,Template-Free,5408,0.96299106
sample_0469.jpg,/path/to/meme-template-id/Social_Media/random_sampled/sample_0469.jpg,angry-flower,Templated-Meme,3281,0.99911135
sample_0470.jpg,/path/to/meme-template-id/Social_Media/random_sampled/sample_0470.jpg,Template-Free,Template-Free,4286,0.9780971
sample_0471.jpg,/path/to/meme-template-id/Social_Media/random_sampled/sample_0471.jpg,blank-pokemon-card,Templated-Meme,793,0.999247
sample_0472.jpg,/path/to/meme-template-id/Social_Media/random_sampled/sample_0472.jpg,flex-tape,Templated-Meme,13905,0.9976051
sample_0473.jpg,/path/to/meme-template-id/Social_Media/random_sampled/sample_0473.jpg,Template-Free,Template-Free,7244,0.983596
sample_0474.jpg,/path/to/meme-template-id/Social_Media/random_sampled/sample_0474.jpg,Template-Free,Template-Free,6316,0.9858922
sample_0475.jpg,/path/to/meme-template-id/Social_Media/random_sampled/sample_0475.jpg,Template-Free,Template-Free,10871,0.9999655
sample_0476.jpg,/path/to/meme-template-id/Social_Media/random_sampled/sample_0476.jpg,Template-Free,Template-Free,12419,0.9973418
sample_0477.jpg,/path/to/meme-template-id/Social_Media/random_sampled/sample_0477.jpg,did-you-mean,Templated-Meme,12706,0.9962731
sample_0478.jpg,/path/to/meme-template-id/Social_Media/random_sampled/sample_0478.jpg,Non-Meme,Non-Meme,10111,0.9973162
sample_0479.jpg,/path/to/meme-template-id/Social_Media/random_sampled/sample_0479.jpg,Template-Free,Template-Free,13786,0.99816465
sample_0480.jpg,/path/to/meme-template-id/Social_Media/random_sampled/sample_0480.jpg,surprised-pikachu,Templated-Meme,11142,0.9957322
sample_0481.jpg,/path/to/meme-template-id/Social_Media/random_sampled/sample_0481.jpg,Template-Free,Template-Free,2401,0.99992776
sample_0482.jpg,/path/to/meme-template-id/Social_Media/random_sampled/sample_0482.jpg,ew-i-stepped-in-shit,Templated-Meme,13243,0.9999128
sample_0483.jpg,/path/to/meme-template-id/Social_Media/random_sampled/sample_0483.jpg,Template-Free,Template-Free,8335,0.9949858
sample_0484.jpg,/path/to/meme-template-id/Social_Media/random_sampled/sample_0484.jpg,Template-Free,Template-Free,12211,0.99989015
sample_0485.jpg,/path/to/meme-template-id/Social_Media/random_sampled/sample_0485.jpg,Template-Free,Template-Free,9922,0.9945039
sample_0486.jpg,/path/to/meme-template-id/Social_Media/random_sampled/sample_0486.jpg,pink-guy-vs-bane,Templated-Meme,11791,0.9999525
sample_0487.jpg,/path/to/meme-template-id/Social_Media/random_sampled/sample_0487.jpg,Template-Free,Template-Free,6987,0.99999136
sample_0488.jpg,/path/to/meme-template-id/Social_Media/random_sampled/sample_0488.jpg,no_take_only_throw,Templated-Meme,13170,0.99288946
sample_0489.jpg,/path/to/meme-template-id/Social_Media/random_sampled/sample_0489.jpg,Non-Meme,Non-Meme,3131,0.98024213
sample_0490.jpg,/path/to/meme-template-id/Social_Media/random_sampled/sample_0490.jpg,Template-Free,Template-Free,12669,0.996011
sample_0491.jpg,/path/to/meme-template-id/Social_Media/random_sampled/sample_0491.jpg,lisa-simpsons-presentation,Templated-Meme,3337,0.99966174
sample_0492.jpg,/path/to/meme-template-id/Social_Media/random_sampled/sample_0492.jpg,Template-Free,Template-Free,8684,0.99450904
sample_0493.jpg,/path/to/meme-template-id/Social_Media/random_sampled/sample_0493.jpg,Non-Meme,Non-Meme,13578,0.99868995
sample_0494.jpg,/path/to/meme-template-id/Social_Media/random_sampled/sample_0494.jpg,angry-homer-simpson-in-bed,Templated-Meme,11171,0.99565876
sample_0495.jpg,/path/to/meme-template-id/Social_Media/random_sampled/sample_0495.jpg,and-thats-a-fact,Templated-Meme,11893,0.99988896
sample_0496.jpg,/path/to/meme-template-id/Social_Media/random_sampled/sample_0496.jpg,Template-Free,Template-Free,13645,0.9976881
sample_0497.jpg,/path/to/meme-template-id/Social_Media/random_sampled/sample_0497.jpg,Template-Free,Template-Free,1448,0.9996829
sample_0498.jpg,/path/to/meme-template-id/Social_Media/random_sampled/sample_0498.jpg,Non-Meme,Non-Meme,10099,0.9992831
sample_0499.jpg,/path/to/meme-template-id/Social_Media/random_sampled/sample_0499.jpg,Template-Free,Template-Free,817,0.9999611
sample_0500.jpg,/path/to/meme-template-id/Social_Media/random_sampled/sample_0500.jpg,Template-Free,Template-Free,12832,0.9963136
sample_0501.jpg,/path/to/meme-template-id/Social_Media/random_sampled/sample_0501.jpg,my-time-has-come,Templated-Meme,10174,0.9959853
sample_0502.jpg,/path/to/meme-template-id/Social_Media/random_sampled/sample_0502.jpg,skinner-pathetic,Templated-Meme,8328,0.9938345
sample_0503.jpg,/path/to/meme-template-id/Social_Media/random_sampled/sample_0503.jpg,Template-Free,Template-Free,12152,0.99958324
sample_0504.jpg,/path/to/meme-template-id/Social_Media/random_sampled/sample_0504.jpg,Template-Free,Template-Free,12147,0.9992386
sample_0505.jpg,/path/to/meme-template-id/Social_Media/random_sampled/sample_0505.jpg,meme-man,Templated-Meme,2279,0.99919707
sample_0506.jpg,/path/to/meme-template-id/Social_Media/random_sampled/sample_0506.jpg,Template-Free,Template-Free,13789,0.9979491
sample_0507.jpg,/path/to/meme-template-id/Social_Media/random_sampled/sample_0507.jpg,sad-baby,Templated-Meme,10070,0.997254
sample_0508.jpg,/path/to/meme-template-id/Social_Media/random_sampled/sample_0508.jpg,Non-Meme,Non-Meme,7678,0.9997966
sample_0509.jpg,/path/to/meme-template-id/Social_Media/random_sampled/sample_0509.jpg,Non-Meme,Non-Meme,13640,0.99965847
sample_0510.jpg,/path/to/meme-template-id/Social_Media/random_sampled/sample_0510.jpg,Template-Free,Template-Free,13300,0.9997774
sample_0511.jpg,/path/to/meme-template-id/Social_Media/random_sampled/sample_0511.jpg,Template-Free,Template-Free,8734,0.99875814
sample_0512.jpg,/path/to/meme-template-id/Social_Media/random_sampled/sample_0512.jpg,Template-Free,Template-Free,12200,0.99966997
sample_0513.jpg,/path/to/meme-template-id/Social_Media/random_sampled/sample_0513.jpg,nobody-is-born-cool,Templated-Meme,377,1.0000099
sample_0514.jpg,/path/to/meme-template-id/Social_Media/random_sampled/sample_0514.jpg,Template-Free,Template-Free,5890,0.9995316
sample_0515.jpg,/path/to/meme-template-id/Social_Media/random_sampled/sample_0515.jpg,m06_change_my_mind,Templated-Meme,689,1.000149
sample_0516.jpg,/path/to/meme-template-id/Social_Media/random_sampled/sample_0516.jpg,Template-Free,Template-Free,4261,0.98583406
sample_0517.jpg,/path/to/meme-template-id/Social_Media/random_sampled/sample_0517.jpg,Template-Free,Template-Free,1870,0.99919844
sample_0518.jpg,/path/to/meme-template-id/Social_Media/random_sampled/sample_0518.jpg,Template-Free,Template-Free,12722,0.99883926
sample_0519.jpg,/path/to/meme-template-id/Social_Media/random_sampled/sample_0519.jpg,Template-Free,Template-Free,12254,0.9906208
sample_0520.jpg,/path/to/meme-template-id/Social_Media/random_sampled/sample_0520.jpg,man_holding_sign,Templated-Meme,7829,0.9987039
sample_0521.jpg,/path/to/meme-template-id/Social_Media/random_sampled/sample_0521.jpg,Template-Free,Template-Free,1504,0.99949217
sample_0522.jpg,/path/to/meme-template-id/Social_Media/random_sampled/sample_0522.jpg,lisa-simpsons-presentation,Templated-Meme,3337,0.9997905
sample_0523.jpg,/path/to/meme-template-id/Social_Media/random_sampled/sample_0523.jpg,Template-Free,Template-Free,12097,0.99680954
sample_0524.jpg,/path/to/meme-template-id/Social_Media/random_sampled/sample_0524.jpg,Template-Free,Template-Free,12570,0.9972703
sample_0525.jpg,/path/to/meme-template-id/Social_Media/random_sampled/sample_0525.jpg,Template-Free,Template-Free,13988,0.9994498
sample_0526.jpg,/path/to/meme-template-id/Social_Media/random_sampled/sample_0526.jpg,now-all-of-china-knows-youre-here,Templated-Meme,9714,0.9987762
sample_0527.jpg,/path/to/meme-template-id/Social_Media/random_sampled/sample_0527.jpg,Template-Free,Template-Free,5678,0.9870498
sample_0528.jpg,/path/to/meme-template-id/Social_Media/random_sampled/sample_0528.jpg,Template-Free,Template-Free,9757,0.99936044
sample_0529.jpg,/path/to/meme-template-id/Social_Media/random_sampled/sample_0529.jpg,Template-Free,Template-Free,4372,0.9876261
sample_0530.jpg,/path/to/meme-template-id/Social_Media/random_sampled/sample_0530.jpg,Template-Free,Template-Free,13650,0.9977383
sample_0531.jpg,/path/to/meme-template-id/Social_Media/random_sampled/sample_0531.jpg,say-what-again,Templated-Meme,11990,0.9984267
sample_0532.jpg,/path/to/meme-template-id/Social_Media/random_sampled/sample_0532.jpg,Template-Free,Template-Free,7139,1.0001844
sample_0533.jpg,/path/to/meme-template-id/Social_Media/random_sampled/sample_0533.jpg,startrek,Templated-Meme,11983,0.99861205
sample_0534.jpg,/path/to/meme-template-id/Social_Media/random_sampled/sample_0534.jpg,well-yes-but-actually-no,Templated-Meme,13498,0.9998447
sample_0535.jpg,/path/to/meme-template-id/Social_Media/random_sampled/sample_0535.jpg,donald-trump,Templated-Meme,9614,0.99891573
sample_0536.jpg,/path/to/meme-template-id/Social_Media/random_sampled/sample_0536.jpg,Template-Free,Template-Free,4869,0.9998622
sample_0537.jpg,/path/to/meme-template-id/Social_Media/random_sampled/sample_0537.jpg,anime-girl-hiding-from-terminator,Templated-Meme,13259,0.9962329
sample_0538.jpg,/path/to/meme-template-id/Social_Media/random_sampled/sample_0538.jpg,Template-Free,Template-Free,13572,0.999177
sample_0539.jpg,/path/to/meme-template-id/Social_Media/random_sampled/sample_0539.jpg,Non-Meme,Non-Meme,13617,0.9993241
sample_0540.jpg,/path/to/meme-template-id/Social_Media/random_sampled/sample_0540.jpg,black-guy-crying-and-black-guy-laughing,Templated-Meme,9403,0.99646604
sample_0541.jpg,/path/to/meme-template-id/Social_Media/random_sampled/sample_0541.jpg,Template-Free,Template-Free,5538,0.99538326
sample_0542.jpg,/path/to/meme-template-id/Social_Media/random_sampled/sample_0542.jpg,bas_karo_bhai,Templated-Meme,8405,0.9986106
sample_0543.jpg,/path/to/meme-template-id/Social_Media/random_sampled/sample_0543.jpg,Template-Free,Template-Free,13737,0.9995384
sample_0544.jpg,/path/to/meme-template-id/Social_Media/random_sampled/sample_0544.jpg,Template-Free,Template-Free,13555,0.996886
sample_0545.jpg,/path/to/meme-template-id/Social_Media/random_sampled/sample_0545.jpg,Template-Free,Template-Free,11117,0.9944585
sample_0546.jpg,/path/to/meme-template-id/Social_Media/random_sampled/sample_0546.jpg,Template-Free,Template-Free,13976,0.9998868
sample_0547.jpg,/path/to/meme-template-id/Social_Media/random_sampled/sample_0547.jpg,Template-Free,Template-Free,9690,0.99787223
sample_0548.jpg,/path/to/meme-template-id/Social_Media/random_sampled/sample_0548.jpg,dad_belt_template,Templated-Meme,12276,0.9998404
sample_0549.jpg,/path/to/meme-template-id/Social_Media/random_sampled/sample_0549.jpg,afraid-to-ask-andy,Templated-Meme,11531,0.99999213
sample_0550.jpg,/path/to/meme-template-id/Social_Media/random_sampled/sample_0550.jpg,Template-Free,Template-Free,12053,0.99651134
sample_0551.jpg,/path/to/meme-template-id/Social_Media/random_sampled/sample_0551.jpg,Template-Free,Template-Free,13645,0.9969179
sample_0552.jpg,/path/to/meme-template-id/Social_Media/random_sampled/sample_0552.jpg,Non-Meme,Non-Meme,10107,0.9914359
sample_0553.jpg,/path/to/meme-template-id/Social_Media/random_sampled/sample_0553.jpg,Template-Free,Template-Free,9575,0.9956109
sample_0554.jpg,/path/to/meme-template-id/Social_Media/random_sampled/sample_0554.jpg,Template-Free,Template-Free,8000,0.99981993
sample_0555.jpg,/path/to/meme-template-id/Social_Media/random_sampled/sample_0555.jpg,Template-Free,Template-Free,13862,0.99495894
sample_0556.jpg,/path/to/meme-template-id/Social_Media/random_sampled/sample_0556.jpg,sad-cat-holding-dog,Templated-Meme,6195,0.9838476
sample_0557.jpg,/path/to/meme-template-id/Social_Media/random_sampled/sample_0557.jpg,Non-Meme,Non-Meme,10109,0.99254864
sample_0558.jpg,/path/to/meme-template-id/Social_Media/random_sampled/sample_0558.jpg,Template-Free,Template-Free,9438,0.9969986
sample_0559.jpg,/path/to/meme-template-id/Social_Media/random_sampled/sample_0559.jpg,Template-Free,Template-Free,11287,0.98881257
sample_0560.jpg,/path/to/meme-template-id/Social_Media/random_sampled/sample_0560.jpg,skeleton-computer,Templated-Meme,3603,0.9997096
sample_0561.jpg,/path/to/meme-template-id/Social_Media/random_sampled/sample_0561.jpg,Template-Free,Template-Free,8207,0.99987227
sample_0562.jpg,/path/to/meme-template-id/Social_Media/random_sampled/sample_0562.jpg,Template-Free,Template-Free,3623,0.9996019
sample_0563.jpg,/path/to/meme-template-id/Social_Media/random_sampled/sample_0563.jpg,Template-Free,Template-Free,11518,0.9961476
sample_0564.jpg,/path/to/meme-template-id/Social_Media/random_sampled/sample_0564.jpg,Template-Free,Template-Free,13584,0.9898328
sample_0565.jpg,/path/to/meme-template-id/Social_Media/random_sampled/sample_0565.jpg,Template-Free,Template-Free,12638,0.99967396
sample_0566.jpg,/path/to/meme-template-id/Social_Media/random_sampled/sample_0566.jpg,Template-Free,Template-Free,2450,0.9998387
sample_0567.jpg,/path/to/meme-template-id/Social_Media/random_sampled/sample_0567.jpg,Template-Free,Template-Free,8957,0.99445117
sample_0568.jpg,/path/to/meme-template-id/Social_Media/random_sampled/sample_0568.jpg,Template-Free,Template-Free,10581,0.9977509
sample_0569.jpg,/path/to/meme-template-id/Social_Media/random_sampled/sample_0569.jpg,Template-Free,Template-Free,10883,0.999936
sample_0570.jpg,/path/to/meme-template-id/Social_Media/random_sampled/sample_0570.jpg,Template-Free,Template-Free,4229,0.94326174
sample_0571.jpg,/path/to/meme-template-id/Social_Media/random_sampled/sample_0571.jpg,Non-Meme,Non-Meme,10107,0.99274343
sample_0572.jpg,/path/to/meme-template-id/Social_Media/random_sampled/sample_0572.jpg,Template-Free,Template-Free,12203,0.9992403
sample_0573.jpg,/path/to/meme-template-id/Social_Media/random_sampled/sample_0573.jpg,Template-Free,Template-Free,6755,0.9997749
sample_0574.jpg,/path/to/meme-template-id/Social_Media/random_sampled/sample_0574.jpg,Template-Free,Template-Free,7075,0.9948685
sample_0575.jpg,/path/to/meme-template-id/Social_Media/random_sampled/sample_0575.jpg,i-fear-no-man-but-that-thingit-scares-me,Templated-Meme,3374,0.99061936
sample_0576.jpg,/path/to/meme-template-id/Social_Media/random_sampled/sample_0576.jpg,Template-Free,Template-Free,13319,0.9957108
sample_0577.jpg,/path/to/meme-template-id/Social_Media/random_sampled/sample_0577.jpg,disaster-girl,Templated-Meme,3398,0.9991571
sample_0578.jpg,/path/to/meme-template-id/Social_Media/random_sampled/sample_0578.jpg,Template-Free,Template-Free,13537,0.9990492
sample_0579.jpg,/path/to/meme-template-id/Social_Media/random_sampled/sample_0579.jpg,Template-Free,Template-Free,5868,0.9998888
sample_0580.jpg,/path/to/meme-template-id/Social_Media/random_sampled/sample_0580.jpg,Template-Free,Template-Free,13076,0.9929663
sample_0581.jpg,/path/to/meme-template-id/Social_Media/random_sampled/sample_0581.jpg,Template-Free,Template-Free,8366,0.999655
sample_0582.jpg,/path/to/meme-template-id/Social_Media/random_sampled/sample_0582.jpg,Template-Free,Template-Free,8606,0.99511385
sample_0583.jpg,/path/to/meme-template-id/Social_Media/random_sampled/sample_0583.jpg,lisa-simpsons-presentation,Templated-Meme,3336,0.9988206
sample_0584.jpg,/path/to/meme-template-id/Social_Media/random_sampled/sample_0584.jpg,Template-Free,Template-Free,5983,0.9985058
sample_0585.jpg,/path/to/meme-template-id/Social_Media/random_sampled/sample_0585.jpg,Non-Meme,Non-Meme,9979,0.99732494
sample_0586.jpg,/path/to/meme-template-id/Social_Media/random_sampled/sample_0586.jpg,Template-Free,Template-Free,13980,0.9993792
sample_0587.jpg,/path/to/meme-template-id/Social_Media/random_sampled/sample_0587.jpg,Template-Free,Template-Free,9381,0.99963033
sample_0588.jpg,/path/to/meme-template-id/Social_Media/random_sampled/sample_0588.jpg,Template-Free,Template-Free,3702,0.9698584
sample_0589.jpg,/path/to/meme-template-id/Social_Media/random_sampled/sample_0589.jpg,Template-Free,Template-Free,7728,0.9928187
sample_0590.jpg,/path/to/meme-template-id/Social_Media/random_sampled/sample_0590.jpg,trumpet-boy,Templated-Meme,13917,0.9982912
sample_0591.jpg,/path/to/meme-template-id/Social_Media/random_sampled/sample_0591.jpg,but-it-was-me-dio,Templated-Meme,13264,0.99881226
sample_0592.jpg,/path/to/meme-template-id/Social_Media/random_sampled/sample_0592.jpg,Non-Meme,Non-Meme,10111,0.9934504
sample_0593.jpg,/path/to/meme-template-id/Social_Media/random_sampled/sample_0593.jpg,Non-Meme,Non-Meme,13641,0.99736017
sample_0594.jpg,/path/to/meme-template-id/Social_Media/random_sampled/sample_0594.jpg,dafuq-did-i-just-read,Templated-Meme,8208,0.9998836
sample_0595.jpg,/path/to/meme-template-id/Social_Media/random_sampled/sample_0595.jpg,sully-wazowski,Templated-Meme,12171,0.99913216
sample_0596.jpg,/path/to/meme-template-id/Social_Media/random_sampled/sample_0596.jpg,listen-here-you-little-shit-bird,Templated-Meme,12074,0.9985855
sample_0597.jpg,/path/to/meme-template-id/Social_Media/random_sampled/sample_0597.jpg,Non-Meme,Non-Meme,8661,0.9907264
sample_0598.jpg,/path/to/meme-template-id/Social_Media/random_sampled/sample_0598.jpg,captain-picard-facepalm,Templated-Meme,11954,0.9975554
sample_0599.jpg,/path/to/meme-template-id/Social_Media/random_sampled/sample_0599.jpg,too-weak-unlimited-power,Templated-Meme,9823,0.997161
sample_0600.jpg,/path/to/meme-template-id/Social_Media/random_sampled/sample_0600.jpg,Template-Free,Template-Free,13284,0.9998999
sample_0601.jpg,/path/to/meme-template-id/Social_Media/random_sampled/sample_0601.jpg,Template-Free,Template-Free,12323,0.9940958
sample_0602.jpg,/path/to/meme-template-id/Social_Media/random_sampled/sample_0602.jpg,Template-Free,Template-Free,8435,0.99825084
sample_0603.jpg,/path/to/meme-template-id/Social_Media/random_sampled/sample_0603.jpg,hey_sleep_waking_brain,Templated-Meme,13277,0.99653333
sample_0604.jpg,/path/to/meme-template-id/Social_Media/random_sampled/sample_0604.jpg,Template-Free,Template-Free,7920,0.9957018
sample_0605.jpg,/path/to/meme-template-id/Social_Media/random_sampled/sample_0605.jpg,Template-Free,Template-Free,13063,0.9984082
sample_0606.jpg,/path/to/meme-template-id/Social_Media/random_sampled/sample_0606.jpg,Template-Free,Template-Free,13061,0.998101
sample_0607.jpg,/path/to/meme-template-id/Social_Media/random_sampled/sample_0607.jpg,Template-Free,Template-Free,5498,0.9819121
sample_0608.jpg,/path/to/meme-template-id/Social_Media/random_sampled/sample_0608.jpg,scumbag-minecraft,Templated-Meme,12217,0.99835676
sample_0609.jpg,/path/to/meme-template-id/Social_Media/random_sampled/sample_0609.jpg,i-have-no-idea-what-i-am-doing-dog,Templated-Meme,3542,0.9987634
sample_0610.jpg,/path/to/meme-template-id/Social_Media/random_sampled/sample_0610.jpg,Template-Free,Template-Free,10045,0.9986943
sample_0611.jpg,/path/to/meme-template-id/Social_Media/random_sampled/sample_0611.jpg,Template-Free,Template-Free,10284,0.99971724
sample_0612.jpg,/path/to/meme-template-id/Social_Media/random_sampled/sample_0612.jpg,Template-Free,Template-Free,13727,0.9966147
sample_0613.jpg,/path/to/meme-template-id/Social_Media/random_sampled/sample_0613.jpg,im-in-danger,Templated-Meme,13387,0.9998895
sample_0614.jpg,/path/to/meme-template-id/Social_Media/random_sampled/sample_0614.jpg,Template-Free,Template-Free,2178,0.96648437
sample_0615.jpg,/path/to/meme-template-id/Social_Media/random_sampled/sample_0615.jpg,eric-andre-let-me-in-meme,Templated-Meme,10038,0.999457
sample_0616.jpg,/path/to/meme-template-id/Social_Media/random_sampled/sample_0616.jpg,Template-Free,Template-Free,13854,0.9998633
sample_0617.jpg,/path/to/meme-template-id/Social_Media/random_sampled/sample_0617.jpg,Template-Free,Template-Free,12239,0.9958015
sample_0618.jpg,/path/to/meme-template-id/Social_Media/random_sampled/sample_0618.jpg,Template-Free,Template-Free,9559,0.9992632
sample_0619.jpg,/path/to/meme-template-id/Social_Media/random_sampled/sample_0619.jpg,joe-biden-worries,Templated-Meme,9619,0.9987921
sample_0620.jpg,/path/to/meme-template-id/Social_Media/random_sampled/sample_0620.jpg,Template-Free,Template-Free,2794,0.99174047
sample_0621.jpg,/path/to/meme-template-id/Social_Media/random_sampled/sample_0621.jpg,Template-Free,Template-Free,13727,0.99696004
sample_0622.jpg,/path/to/meme-template-id/Social_Media/random_sampled/sample_0622.jpg,Non-Meme,Non-Meme,9773,0.99518096
sample_0623.jpg,/path/to/meme-template-id/Social_Media/random_sampled/sample_0623.jpg,Non-Meme,Non-Meme,12355,0.99521476
sample_0624.jpg,/path/to/meme-template-id/Social_Media/random_sampled/sample_0624.jpg,Template-Free,Template-Free,8864,0.99831766
sample_0625.jpg,/path/to/meme-template-id/Social_Media/random_sampled/sample_0625.jpg,Template-Free,Template-Free,2605,0.984916
sample_0626.jpg,/path/to/meme-template-id/Social_Media/random_sampled/sample_0626.jpg,Non-Meme,Non-Meme,1026,0.9995617
sample_0627.jpg,/path/to/meme-template-id/Social_Media/random_sampled/sample_0627.jpg,s09_blank_blue_colored_family,Templated-Meme,12435,0.99892515
sample_0628.jpg,/path/to/meme-template-id/Social_Media/random_sampled/sample_0628.jpg,Template-Free,Template-Free,11411,0.99348634
sample_0629.jpg,/path/to/meme-template-id/Social_Media/random_sampled/sample_0629.jpg,for-dummies-book,Templated-Meme,3348,0.99593866
sample_0630.jpg,/path/to/meme-template-id/Social_Media/random_sampled/sample_0630.jpg,Template-Free,Template-Free,11518,1.0000397
sample_0631.jpg,/path/to/meme-template-id/Social_Media/random_sampled/sample_0631.jpg,Template-Free,Template-Free,6671,0.99703884
sample_0632.jpg,/path/to/meme-template-id/Social_Media/random_sampled/sample_0632.jpg,Template-Free,Template-Free,12250,0.99796796
sample_0633.jpg,/path/to/meme-template-id/Social_Media/random_sampled/sample_0633.jpg,Template-Free,Template-Free,12036,0.9937225
sample_0634.jpg,/path/to/meme-template-id/Social_Media/random_sampled/sample_0634.jpg,kevin-hart,Templated-Meme,11554,0.98011494
sample_0635.jpg,/path/to/meme-template-id/Social_Media/random_sampled/sample_0635.jpg,actual-advice-mallard,Templated-Meme,11840,1.000055
sample_0636.jpg,/path/to/meme-template-id/Social_Media/random_sampled/sample_0636.jpg,what-if-you-wanted-to-go-to-heaven,Templated-Meme,1941,0.9999937
sample_0637.jpg,/path/to/meme-template-id/Social_Media/random_sampled/sample_0637.jpg,Template-Free,Template-Free,13783,0.99967265
sample_0638.jpg,/path/to/meme-template-id/Social_Media/random_sampled/sample_0638.jpg,Template-Free,Template-Free,13980,0.99888825
sample_0639.jpg,/path/to/meme-template-id/Social_Media/random_sampled/sample_0639.jpg,Non-Meme,Non-Meme,9503,0.99882525
sample_0640.jpg,/path/to/meme-template-id/Social_Media/random_sampled/sample_0640.jpg,dead-baby-voldemort-what-happened-to-him,Templated-Meme,320,1.0000433
sample_0641.jpg,/path/to/meme-template-id/Social_Media/random_sampled/sample_0641.jpg,skinner-out-of-touch,Templated-Meme,13038,0.9936144
sample_0642.jpg,/path/to/meme-template-id/Social_Media/random_sampled/sample_0642.jpg,Template-Free,Template-Free,10537,0.9979921
sample_0643.jpg,/path/to/meme-template-id/Social_Media/random_sampled/sample_0643.jpg,disloyal-boyfriend,Templated-Meme,13847,0.99967957
sample_0644.jpg,/path/to/meme-template-id/Social_Media/random_sampled/sample_0644.jpg,Template-Free,Template-Free,2253,0.9999199
sample_0645.jpg,/path/to/meme-template-id/Social_Media/random_sampled/sample_0645.jpg,minor-mistake-marvin,Templated-Meme,7574,0.9917266
sample_0646.jpg,/path/to/meme-template-id/Social_Media/random_sampled/sample_0646.jpg,Template-Free,Template-Free,9981,0.99769646
sample_0647.jpg,/path/to/meme-template-id/Social_Media/random_sampled/sample_0647.jpg,salt-bae,Templated-Meme,5606,0.99747187
sample_0648.jpg,/path/to/meme-template-id/Social_Media/random_sampled/sample_0648.jpg,panik-kalm-panik,Templated-Meme,553,1.0000138
sample_0649.jpg,/path/to/meme-template-id/Social_Media/random_sampled/sample_0649.jpg,panik-kalm-panik,Templated-Meme,553,1.0000358
sample_0650.jpg,/path/to/meme-template-id/Social_Media/random_sampled/sample_0650.jpg,Template-Free,Template-Free,5155,0.9999454
sample_0651.jpg,/path/to/meme-template-id/Social_Media/random_sampled/sample_0651.jpg,Non-Meme,Non-Meme,13641,0.9971998
sample_0652.jpg,/path/to/meme-template-id/Social_Media/random_sampled/sample_0652.jpg,Template-Free,Template-Free,13501,0.99323756
sample_0653.jpg,/path/to/meme-template-id/Social_Media/random_sampled/sample_0653.jpg,anime-girl-hiding-from-terminator,Templated-Meme,13200,0.9998392
sample_0654.jpg,/path/to/meme-template-id/Social_Media/random_sampled/sample_0654.jpg,Template-Free,Template-Free,10198,0.99755234
sample_0655.jpg,/path/to/meme-template-id/Social_Media/random_sampled/sample_0655.jpg,Template-Free,Template-Free,9956,0.9989974
sample_0656.jpg,/path/to/meme-template-id/Social_Media/random_sampled/sample_0656.jpg,blinking-guy,Templated-Meme,9849,0.9999262
sample_0657.jpg,/path/to/meme-template-id/Social_Media/random_sampled/sample_0657.jpg,interstellar_smoking,Templated-Meme,8853,0.99264103
sample_0658.jpg,/path/to/meme-template-id/Social_Media/random_sampled/sample_0658.jpg,Template-Free,Template-Free,9821,0.995696
sample_0659.jpg,/path/to/meme-template-id/Social_Media/random_sampled/sample_0659.jpg,Template-Free,Template-Free,7473,0.99981767
sample_0660.jpg,/path/to/meme-template-id/Social_Media/random_sampled/sample_0660.jpg,strong-dog-vs-weak-dog,Templated-Meme,7467,0.9969494
sample_0661.jpg,/path/to/meme-template-id/Social_Media/random_sampled/sample_0661.jpg,Non-Meme,Non-Meme,7677,0.9993363
sample_0662.jpg,/path/to/meme-template-id/Social_Media/random_sampled/sample_0662.jpg,Template-Free,Template-Free,9504,0.99728614
sample_0663.jpg,/path/to/meme-template-id/Social_Media/random_sampled/sample_0663.jpg,Template-Free,Template-Free,7297,0.9930086
sample_0664.jpg,/path/to/meme-template-id/Social_Media/random_sampled/sample_0664.jpg,Non-Meme,Non-Meme,10107,0.9921142
sample_0665.jpg,/path/to/meme-template-id/Social_Media/random_sampled/sample_0665.jpg,Template-Free,Template-Free,3580,0.9970714
sample_0666.jpg,/path/to/meme-template-id/Social_Media/random_sampled/sample_0666.jpg,Template-Free,Template-Free,13256,0.9995911
sample_0667.jpg,/path/to/meme-template-id/Social_Media/random_sampled/sample_0667.jpg,Non-Meme,Non-Meme,8955,0.9999635
sample_0668.jpg,/path/to/meme-template-id/Social_Media/random_sampled/sample_0668.jpg,Template-Free,Template-Free,7357,0.9811095
sample_0669.jpg,/path/to/meme-template-id/Social_Media/random_sampled/sample_0669.jpg,Non-Meme,Non-Meme,9822,0.99593395
sample_0670.jpg,/path/to/meme-template-id/Social_Media/random_sampled/sample_0670.jpg,Template-Free,Template-Free,1878,0.9988582
sample_0671.jpg,/path/to/meme-template-id/Social_Media/random_sampled/sample_0671.jpg,Template-Free,Template-Free,10691,0.9861795
sample_0672.jpg,/path/to/meme-template-id/Social_Media/random_sampled/sample_0672.jpg,Template-Free,Template-Free,9118,0.9715103
sample_0673.jpg,/path/to/meme-template-id/Social_Media/random_sampled/sample_0673.jpg,Template-Free,Template-Free,973,0.999998
sample_0674.jpg,/path/to/meme-template-id/Social_Media/random_sampled/sample_0674.jpg,realistic-red-angry-birds,Templated-Meme,2989,0.9866296
sample_0675.jpg,/path/to/meme-template-id/Social_Media/random_sampled/sample_0675.jpg,Template-Free,Template-Free,971,1.0000267
sample_0676.jpg,/path/to/meme-template-id/Social_Media/random_sampled/sample_0676.jpg,bill-murray-golf,Templated-Meme,7658,0.99144226
sample_0677.jpg,/path/to/meme-template-id/Social_Media/random_sampled/sample_0677.jpg,Non-Meme,Non-Meme,10111,0.99453527
sample_0678.jpg,/path/to/meme-template-id/Social_Media/random_sampled/sample_0678.jpg,doge,Templated-Meme,12058,0.99960023
sample_0679.jpg,/path/to/meme-template-id/Social_Media/random_sampled/sample_0679.jpg,monkey-looking-away,Templated-Meme,9744,0.9998174
sample_0680.jpg,/path/to/meme-template-id/Social_Media/random_sampled/sample_0680.jpg,Template-Free,Template-Free,13061,0.9982233
sample_0681.jpg,/path/to/meme-template-id/Social_Media/random_sampled/sample_0681.jpg,Non-Meme,Non-Meme,13661,0.998905
sample_0682.jpg,/path/to/meme-template-id/Social_Media/random_sampled/sample_0682.jpg,Non-Meme,Non-Meme,8036,1.0000968
sample_0683.jpg,/path/to/meme-template-id/Social_Media/random_sampled/sample_0683.jpg,Template-Free,Template-Free,10679,0.99720836
sample_0684.jpg,/path/to/meme-template-id/Social_Media/random_sampled/sample_0684.jpg,Template-Free,Template-Free,11233,0.9966479
sample_0685.jpg,/path/to/meme-template-id/Social_Media/random_sampled/sample_0685.jpg,Non-Meme,Non-Meme,10106,0.9950691
sample_0686.jpg,/path/to/meme-template-id/Social_Media/random_sampled/sample_0686.jpg,ted,Templated-Meme,9205,0.98701215
sample_0687.jpg,/path/to/meme-template-id/Social_Media/random_sampled/sample_0687.jpg,its-time-to-start-asking-yourself-the-big-questions-meme,Templated-Meme,13102,0.99871093
sample_0688.jpg,/path/to/meme-template-id/Social_Media/random_sampled/sample_0688.jpg,Template-Free,Template-Free,9728,0.9979514
sample_0689.jpg,/path/to/meme-template-id/Social_Media/random_sampled/sample_0689.jpg,Template-Free,Template-Free,9686,0.99818695
sample_0690.jpg,/path/to/meme-template-id/Social_Media/random_sampled/sample_0690.jpg,Template-Free,Template-Free,8937,0.992714
sample_0691.jpg,/path/to/meme-template-id/Social_Media/random_sampled/sample_0691.jpg,sad-baby,Templated-Meme,11881,0.99684376
sample_0692.jpg,/path/to/meme-template-id/Social_Media/random_sampled/sample_0692.jpg,Non-Meme,Non-Meme,13641,0.9996301
sample_0693.jpg,/path/to/meme-template-id/Social_Media/random_sampled/sample_0693.jpg,Non-Meme,Non-Meme,13641,0.99746263
sample_0694.jpg,/path/to/meme-template-id/Social_Media/random_sampled/sample_0694.jpg,Template-Free,Template-Free,9683,0.99695337
sample_0695.jpg,/path/to/meme-template-id/Social_Media/random_sampled/sample_0695.jpg,spongebob_patrick_garbage_diapers,Templated-Meme,13918,0.9955957
sample_0696.jpg,/path/to/meme-template-id/Social_Media/random_sampled/sample_0696.jpg,Template-Free,Template-Free,5379,0.9979792
sample_0697.jpg,/path/to/meme-template-id/Social_Media/random_sampled/sample_0697.jpg,Template-Free,Template-Free,9803,0.99537295
sample_0698.jpg,/path/to/meme-template-id/Social_Media/random_sampled/sample_0698.jpg,am-i-a-joke-to-you,Templated-Meme,13323,0.9959421
sample_0699.jpg,/path/to/meme-template-id/Social_Media/random_sampled/sample_0699.jpg,Template-Free,Template-Free,3073,1.0001824
sample_0700.jpg,/path/to/meme-template-id/Social_Media/random_sampled/sample_0700.jpg,bad-pun-dog,Templated-Meme,12348,0.99958926
sample_0701.jpg,/path/to/meme-template-id/Social_Media/random_sampled/sample_0701.jpg,blank-kermit-waiting,Templated-Meme,11922,0.99200076
sample_0702.jpg,/path/to/meme-template-id/Social_Media/random_sampled/sample_0702.jpg,what-the-hell-is-this,Templated-Meme,9404,0.98448676
sample_0703.jpg,/path/to/meme-template-id/Social_Media/random_sampled/sample_0703.jpg,Template-Free,Template-Free,8956,0.9965408
sample_0704.jpg,/path/to/meme-template-id/Social_Media/random_sampled/sample_0704.jpg,Non-Meme,Non-Meme,13636,0.99826676
sample_0705.jpg,/path/to/meme-template-id/Social_Media/random_sampled/sample_0705.jpg,meme-man,Templated-Meme,2279,0.9966861
sample_0706.jpg,/path/to/meme-template-id/Social_Media/random_sampled/sample_0706.jpg,obi-wan-of-course-i-know-him-hes-me,Templated-Meme,13354,0.9948314
sample_0707.jpg,/path/to/meme-template-id/Social_Media/random_sampled/sample_0707.jpg,Template-Free,Template-Free,1849,0.998663
sample_0708.jpg,/path/to/meme-template-id/Social_Media/random_sampled/sample_0708.jpg,Template-Free,Template-Free,11682,0.99721843
sample_0709.jpg,/path/to/meme-template-id/Social_Media/random_sampled/sample_0709.jpg,Template-Free,Template-Free,12028,0.99996084
sample_0710.jpg,/path/to/meme-template-id/Social_Media/random_sampled/sample_0710.jpg,Template-Free,Template-Free,13420,0.99738497
sample_0711.jpg,/path/to/meme-template-id/Social_Media/random_sampled/sample_0711.jpg,drake_hotline_bling_normal,Templated-Meme,13928,0.996679
sample_0712.jpg,/path/to/meme-template-id/Social_Media/random_sampled/sample_0712.jpg,Template-Free,Template-Free,9839,0.9997805
sample_0713.jpg,/path/to/meme-template-id/Social_Media/random_sampled/sample_0713.jpg,c01_grumpy_cat_base_reverse,Templated-Meme,10222,0.99909884
sample_0714.jpg,/path/to/meme-template-id/Social_Media/random_sampled/sample_0714.jpg,Template-Free,Template-Free,3613,0.9978334
sample_0715.jpg,/path/to/meme-template-id/Social_Media/random_sampled/sample_0715.jpg,pie-chart-meme,Templated-Meme,7932,0.99896604
sample_0716.jpg,/path/to/meme-template-id/Social_Media/random_sampled/sample_0716.jpg,george-bush,Templated-Meme,9590,0.9996188
sample_0717.jpg,/path/to/meme-template-id/Social_Media/random_sampled/sample_0717.jpg,Template-Free,Template-Free,7270,0.9914354
sample_0718.jpg,/path/to/meme-template-id/Social_Media/random_sampled/sample_0718.jpg,Non-Meme,Non-Meme,13640,0.99828804
sample_0719.jpg,/path/to/meme-template-id/Social_Media/random_sampled/sample_0719.jpg,jackie-chan-confused,Templated-Meme,10590,0.993076
sample_0720.jpg,/path/to/meme-template-id/Social_Media/random_sampled/sample_0720.jpg,Template-Free,Template-Free,12332,0.99739903
sample_0721.jpg,/path/to/meme-template-id/Social_Media/random_sampled/sample_0721.jpg,Template-Free,Template-Free,9753,0.97607034
sample_0722.jpg,/path/to/meme-template-id/Social_Media/random_sampled/sample_0722.jpg,Non-Meme,Non-Meme,9500,0.999976
sample_0723.jpg,/path/to/meme-template-id/Social_Media/random_sampled/sample_0723.jpg,Template-Free,Template-Free,10156,0.99565685
sample_0724.jpg,/path/to/meme-template-id/Social_Media/random_sampled/sample_0724.jpg,silent_protector_soldier_child,Templated-Meme,13700,0.99992025
sample_0725.jpg,/path/to/meme-template-id/Social_Media/random_sampled/sample_0725.jpg,silence_x_a_y_is_talking,Templated-Meme,871,0.99860835
sample_0726.jpg,/path/to/meme-template-id/Social_Media/random_sampled/sample_0726.jpg,Non-Meme,Non-Meme,11464,0.9985076
sample_0727.jpg,/path/to/meme-template-id/Social_Media/random_sampled/sample_0727.jpg,jammin-baby,Templated-Meme,7933,0.99433684
sample_0728.jpg,/path/to/meme-template-id/Social_Media/random_sampled/sample_0728.jpg,Template-Free,Template-Free,13146,0.9997968
sample_0729.jpg,/path/to/meme-template-id/Social_Media/random_sampled/sample_0729.jpg,running-away-balloon,Templated-Meme,13417,0.99830306
sample_0730.jpg,/path/to/meme-template-id/Social_Media/random_sampled/sample_0730.jpg,bill-murray-golf,Templated-Meme,7658,0.9942286
sample_0731.jpg,/path/to/meme-template-id/Social_Media/random_sampled/sample_0731.jpg,bernie-sanders-once-again-asking,Templated-Meme,9620,0.99970025
sample_0732.jpg,/path/to/meme-template-id/Social_Media/random_sampled/sample_0732.jpg,Template-Free,Template-Free,13949,0.9978825
sample_0733.jpg,/path/to/meme-template-id/Social_Media/random_sampled/sample_0733.jpg,Template-Free,Template-Free,7918,0.9979813
sample_0734.jpg,/path/to/meme-template-id/Social_Media/random_sampled/sample_0734.jpg,Template-Free,Template-Free,2169,0.9434459
sample_0735.jpg,/path/to/meme-template-id/Social_Media/random_sampled/sample_0735.jpg,Template-Free,Template-Free,9716,0.999848
sample_0736.jpg,/path/to/meme-template-id/Social_Media/random_sampled/sample_0736.jpg,panik-kalm-panik,Templated-Meme,553,1.0000356
sample_0737.jpg,/path/to/meme-template-id/Social_Media/random_sampled/sample_0737.jpg,skyrim-skill-meme,Templated-Meme,13508,0.9957612
sample_0738.jpg,/path/to/meme-template-id/Social_Media/random_sampled/sample_0738.jpg,spongebob_hype_stand,Templated-Meme,8732,1.0000503
sample_0739.jpg,/path/to/meme-template-id/Social_Media/random_sampled/sample_0739.jpg,Template-Free,Template-Free,13654,0.99977565
sample_0740.jpg,/path/to/meme-template-id/Social_Media/random_sampled/sample_0740.jpg,Template-Free,Template-Free,2102,0.97512466
sample_0741.jpg,/path/to/meme-template-id/Social_Media/random_sampled/sample_0741.jpg,Template-Free,Template-Free,544,1.0000212
sample_0742.jpg,/path/to/meme-template-id/Social_Media/random_sampled/sample_0742.jpg,Template-Free,Template-Free,5521,0.9723443
sample_0743.jpg,/path/to/meme-template-id/Social_Media/random_sampled/sample_0743.jpg,Non-Meme,Non-Meme,13303,0.9992854
sample_0744.jpg,/path/to/meme-template-id/Social_Media/random_sampled/sample_0744.jpg,Template-Free,Template-Free,8542,0.9919835
sample_0745.jpg,/path/to/meme-template-id/Social_Media/random_sampled/sample_0745.jpg,Template-Free,Template-Free,9165,0.99642795
sample_0746.jpg,/path/to/meme-template-id/Social_Media/random_sampled/sample_0746.jpg,batman-signal,Templated-Meme,12291,0.99772036
sample_0747.jpg,/path/to/meme-template-id/Social_Media/random_sampled/sample_0747.jpg,bas_karo_bhai,Templated-Meme,8405,0.99601066
sample_0748.jpg,/path/to/meme-template-id/Social_Media/random_sampled/sample_0748.jpg,Template-Free,Template-Free,13056,0.99946845
sample_0749.jpg,/path/to/meme-template-id/Social_Media/random_sampled/sample_0749.jpg,community-fire-pizza-meme,Templated-Meme,4445,0.99980617
sample_0750.jpg,/path/to/meme-template-id/Social_Media/random_sampled/sample_0750.jpg,Template-Free,Template-Free,10127,0.99975187
sample_0751.jpg,/path/to/meme-template-id/Social_Media/random_sampled/sample_0751.jpg,Template-Free,Template-Free,13601,1.0000068
sample_0752.jpg,/path/to/meme-template-id/Social_Media/random_sampled/sample_0752.jpg,baby-boss-relaxed-smug-content,Templated-Meme,11874,0.9931531
sample_0753.jpg,/path/to/meme-template-id/Social_Media/random_sampled/sample_0753.jpg,Template-Free,Template-Free,4535,0.98735833
sample_0754.jpg,/path/to/meme-template-id/Social_Media/random_sampled/sample_0754.jpg,a-ustedes-les-pagan,Templated-Meme,5243,0.9999464
sample_0755.jpg,/path/to/meme-template-id/Social_Media/random_sampled/sample_0755.jpg,batman-signal,Templated-Meme,12291,0.9979184
sample_0756.jpg,/path/to/meme-template-id/Social_Media/random_sampled/sample_0756.jpg,roblox_ban,Templated-Meme,12150,0.9988966
sample_0757.jpg,/path/to/meme-template-id/Social_Media/random_sampled/sample_0757.jpg,Template-Free,Template-Free,10166,0.99992967
sample_0758.jpg,/path/to/meme-template-id/Social_Media/random_sampled/sample_0758.jpg,Template-Free,Template-Free,5692,0.9922777
sample_0759.jpg,/path/to/meme-template-id/Social_Media/random_sampled/sample_0759.jpg,Template-Free,Template-Free,13271,0.99851567
sample_0760.jpg,/path/to/meme-template-id/Social_Media/random_sampled/sample_0760.jpg,Template-Free,Template-Free,13072,0.9948292
sample_0761.jpg,/path/to/meme-template-id/Social_Media/random_sampled/sample_0761.jpg,tuxedo-winnie-the-pooh,Templated-Meme,13196,0.99983066
sample_0762.jpg,/path/to/meme-template-id/Social_Media/random_sampled/sample_0762.jpg,Template-Free,Template-Free,9121,0.9986854
sample_0763.jpg,/path/to/meme-template-id/Social_Media/random_sampled/sample_0763.jpg,Template-Free,Template-Free,8667,0.9956748
sample_0764.jpg,/path/to/meme-template-id/Social_Media/random_sampled/sample_0764.jpg,i-fear-no-man-but-that-thingit-scares-me,Templated-Meme,5486,0.9996523
sample_0765.jpg,/path/to/meme-template-id/Social_Media/random_sampled/sample_0765.jpg,Template-Free,Template-Free,9833,0.99106896
sample_0766.jpg,/path/to/meme-template-id/Social_Media/random_sampled/sample_0766.jpg,Template-Free,Template-Free,6135,0.99014586
sample_0767.jpg,/path/to/meme-template-id/Social_Media/random_sampled/sample_0767.jpg,Template-Free,Template-Free,13399,0.9989023
sample_0768.jpg,/path/to/meme-template-id/Social_Media/random_sampled/sample_0768.jpg,skeletor-disturbing-facts,Templated-Meme,10462,0.99942446
sample_0769.jpg,/path/to/meme-template-id/Social_Media/random_sampled/sample_0769.jpg,Template-Free,Template-Free,3073,1.0000486
sample_0770.jpg,/path/to/meme-template-id/Social_Media/random_sampled/sample_0770.jpg,c01_grumpy_cat_base_reverse,Templated-Meme,12364,0.99846506
sample_0771.jpg,/path/to/meme-template-id/Social_Media/random_sampled/sample_0771.jpg,Non-Meme,Non-Meme,9925,0.99370307
sample_0772.jpg,/path/to/meme-template-id/Social_Media/random_sampled/sample_0772.jpg,Template-Free,Template-Free,2635,0.9975364
sample_0773.jpg,/path/to/meme-template-id/Social_Media/random_sampled/sample_0773.jpg,Template-Free,Template-Free,7044,0.9965543
sample_0774.jpg,/path/to/meme-template-id/Social_Media/random_sampled/sample_0774.jpg,Template-Free,Template-Free,11337,1.0000169
sample_0775.jpg,/path/to/meme-template-id/Social_Media/random_sampled/sample_0775.jpg,Non-Meme,Non-Meme,13674,0.9972303
sample_0776.jpg,/path/to/meme-template-id/Social_Media/random_sampled/sample_0776.jpg,damn-got-hands,Templated-Meme,3752,1.0000008
sample_0777.jpg,/path/to/meme-template-id/Social_Media/random_sampled/sample_0777.jpg,Template-Free,Template-Free,9836,0.9898968
sample_0778.jpg,/path/to/meme-template-id/Social_Media/random_sampled/sample_0778.jpg,Template-Free,Template-Free,3073,0.99993193
sample_0779.jpg,/path/to/meme-template-id/Social_Media/random_sampled/sample_0779.jpg,Template-Free,Template-Free,11395,0.99905473
sample_0780.jpg,/path/to/meme-template-id/Social_Media/random_sampled/sample_0780.jpg,oliver-twist-please-sir,Templated-Meme,11625,0.9952399
sample_0781.jpg,/path/to/meme-template-id/Social_Media/random_sampled/sample_0781.jpg,Template-Free,Template-Free,10868,0.99975324
sample_0782.jpg,/path/to/meme-template-id/Social_Media/random_sampled/sample_0782.jpg,Template-Free,Template-Free,4255,0.9970277
sample_0783.jpg,/path/to/meme-template-id/Social_Media/random_sampled/sample_0783.jpg,Template-Free,Template-Free,13568,1.0000266
sample_0784.jpg,/path/to/meme-template-id/Social_Media/random_sampled/sample_0784.jpg,Template-Free,Template-Free,7823,0.99254155
sample_0785.jpg,/path/to/meme-template-id/Social_Media/random_sampled/sample_0785.jpg,thanos_smile,Templated-Meme,12645,0.99941
sample_0786.jpg,/path/to/meme-template-id/Social_Media/random_sampled/sample_0786.jpg,obama-medal,Templated-Meme,9625,0.9999148
sample_0787.jpg,/path/to/meme-template-id/Social_Media/random_sampled/sample_0787.jpg,Template-Free,Template-Free,3690,0.99999547
sample_0788.jpg,/path/to/meme-template-id/Social_Media/random_sampled/sample_0788.jpg,Template-Free,Template-Free,9391,0.99652755
sample_0789.jpg,/path/to/meme-template-id/Social_Media/random_sampled/sample_0789.jpg,stonks,Templated-Meme,2276,0.99981344
sample_0790.jpg,/path/to/meme-template-id/Social_Media/random_sampled/sample_0790.jpg,Template-Free,Template-Free,8904,0.9845735
sample_0791.jpg,/path/to/meme-template-id/Social_Media/random_sampled/sample_0791.jpg,Non-Meme,Non-Meme,1026,0.99947876
sample_0792.jpg,/path/to/meme-template-id/Social_Media/random_sampled/sample_0792.jpg,7-tier-expanding-brain,Templated-Meme,13359,0.9994554
sample_0793.jpg,/path/to/meme-template-id/Social_Media/random_sampled/sample_0793.jpg,Non-Meme,Non-Meme,9979,0.99435174
sample_0794.jpg,/path/to/meme-template-id/Social_Media/random_sampled/sample_0794.jpg,gordon-ramsay-some-good-food,Templated-Meme,4944,0.9880331
sample_0795.jpg,/path/to/meme-template-id/Social_Media/random_sampled/sample_0795.jpg,Template-Free,Template-Free,13732,0.996351
sample_0796.jpg,/path/to/meme-template-id/Social_Media/random_sampled/sample_0796.jpg,you-wouldnt-get-it,Templated-Meme,7487,1.0000504
sample_0797.jpg,/path/to/meme-template-id/Social_Media/random_sampled/sample_0797.jpg,Template-Free,Template-Free,13685,0.9988223
sample_0798.jpg,/path/to/meme-template-id/Social_Media/random_sampled/sample_0798.jpg,Template-Free,Template-Free,5922,1.0001547
sample_0799.jpg,/path/to/meme-template-id/Social_Media/random_sampled/sample_0799.jpg,alright-gentlemen-we-need-a-new-idea,Templated-Meme,4364,0.9998582
sample_0800.jpg,/path/to/meme-template-id/Social_Media/random_sampled/sample_0800.jpg,Template-Free,Template-Free,13713,0.99906176
sample_0801.jpg,/path/to/meme-template-id/Social_Media/random_sampled/sample_0801.jpg,Template-Free,Template-Free,9726,0.99404556
sample_0802.jpg,/path/to/meme-template-id/Social_Media/random_sampled/sample_0802.jpg,Template-Free,Template-Free,9763,0.9968883
sample_0803.jpg,/path/to/meme-template-id/Social_Media/random_sampled/sample_0803.jpg,Template-Free,Template-Free,1112,1.0000242
sample_0804.jpg,/path/to/meme-template-id/Social_Media/random_sampled/sample_0804.jpg,because-race-car,Templated-Meme,3108,1.0000848
sample_0805.jpg,/path/to/meme-template-id/Social_Media/random_sampled/sample_0805.jpg,Non-Meme,Non-Meme,13639,0.99636596
sample_0806.jpg,/path/to/meme-template-id/Social_Media/random_sampled/sample_0806.jpg,vegeta-over,Templated-Meme,13263,0.9979372
sample_0807.jpg,/path/to/meme-template-id/Social_Media/random_sampled/sample_0807.jpg,Template-Free,Template-Free,5503,0.99983275
sample_0808.jpg,/path/to/meme-template-id/Social_Media/random_sampled/sample_0808.jpg,Template-Free,Template-Free,3431,0.9941236
sample_0809.jpg,/path/to/meme-template-id/Social_Media/random_sampled/sample_0809.jpg,bugs-bunny-no,Templated-Meme,6667,0.9894203
sample_0810.jpg,/path/to/meme-template-id/Social_Media/random_sampled/sample_0810.jpg,Non-Meme,Non-Meme,13663,0.99970174
sample_0811.jpg,/path/to/meme-template-id/Social_Media/random_sampled/sample_0811.jpg,Template-Free,Template-Free,13680,0.9980744
sample_0812.jpg,/path/to/meme-template-id/Social_Media/random_sampled/sample_0812.jpg,Template-Free,Template-Free,13957,0.9986258
sample_0813.jpg,/path/to/meme-template-id/Social_Media/random_sampled/sample_0813.jpg,genie_rules_meme,Templated-Meme,1844,0.9998036
sample_0814.jpg,/path/to/meme-template-id/Social_Media/random_sampled/sample_0814.jpg,Template-Free,Template-Free,9439,0.99409544
sample_0815.jpg,/path/to/meme-template-id/Social_Media/random_sampled/sample_0815.jpg,Non-Meme,Non-Meme,1026,0.9987119
sample_0816.jpg,/path/to/meme-template-id/Social_Media/random_sampled/sample_0816.jpg,Template-Free,Template-Free,13710,0.9991475
sample_0817.jpg,/path/to/meme-template-id/Social_Media/random_sampled/sample_0817.jpg,but-it-was-me-dio,Templated-Meme,13264,0.99805444
sample_0818.jpg,/path/to/meme-template-id/Social_Media/random_sampled/sample_0818.jpg,Template-Free,Template-Free,8963,0.99399924
sample_0819.jpg,/path/to/meme-template-id/Social_Media/random_sampled/sample_0819.jpg,Template-Free,Template-Free,10255,0.9938148
sample_0820.jpg,/path/to/meme-template-id/Social_Media/random_sampled/sample_0820.jpg,Template-Free,Template-Free,12143,0.99611413
sample_0821.jpg,/path/to/meme-template-id/Social_Media/random_sampled/sample_0821.jpg,Template-Free,Template-Free,11941,0.9983424
sample_0822.jpg,/path/to/meme-template-id/Social_Media/random_sampled/sample_0822.jpg,Template-Free,Template-Free,12379,0.9982109
sample_0823.jpg,/path/to/meme-template-id/Social_Media/random_sampled/sample_0823.jpg,Template-Free,Template-Free,3920,0.98233515
sample_0824.jpg,/path/to/meme-template-id/Social_Media/random_sampled/sample_0824.jpg,lisa-simpsons-presentation,Templated-Meme,3338,0.99926704
sample_0825.jpg,/path/to/meme-template-id/Social_Media/random_sampled/sample_0825.jpg,m08_math_is_math,Templated-Meme,6225,0.9971019
sample_0826.jpg,/path/to/meme-template-id/Social_Media/random_sampled/sample_0826.jpg,Template-Free,Template-Free,12807,0.99823886
sample_0827.jpg,/path/to/meme-template-id/Social_Media/random_sampled/sample_0827.jpg,Template-Free,Template-Free,6447,0.9998228
sample_0828.jpg,/path/to/meme-template-id/Social_Media/random_sampled/sample_0828.jpg,two-buttons,Templated-Meme,599,0.9999394
sample_0829.jpg,/path/to/meme-template-id/Social_Media/random_sampled/sample_0829.jpg,Template-Free,Template-Free,13293,0.9937071
sample_0830.jpg,/path/to/meme-template-id/Social_Media/random_sampled/sample_0830.jpg,left-exit-12-off-ramp,Templated-Meme,13887,1.0000168
sample_0831.jpg,/path/to/meme-template-id/Social_Media/random_sampled/sample_0831.jpg,Template-Free,Template-Free,7856,0.99455506
sample_0832.jpg,/path/to/meme-template-id/Social_Media/random_sampled/sample_0832.jpg,Template-Free,Template-Free,6283,0.9841464
sample_0833.jpg,/path/to/meme-template-id/Social_Media/random_sampled/sample_0833.jpg,s06_grus_plan_four_five_panel,Templated-Meme,13178,1.0000741
sample_0834.jpg,/path/to/meme-template-id/Social_Media/random_sampled/sample_0834.jpg,Template-Free,Template-Free,10045,0.99815077
sample_0835.jpg,/path/to/meme-template-id/Social_Media/random_sampled/sample_0835.jpg,Template-Free,Template-Free,8539,0.98921967
sample_0836.jpg,/path/to/meme-template-id/Social_Media/random_sampled/sample_0836.jpg,Template-Free,Template-Free,10668,0.99726266
sample_0837.jpg,/path/to/meme-template-id/Social_Media/random_sampled/sample_0837.jpg,Template-Free,Template-Free,12984,0.9994209
sample_0838.jpg,/path/to/meme-template-id/Social_Media/random_sampled/sample_0838.jpg,Template-Free,Template-Free,10842,0.99933654
sample_0839.jpg,/path/to/meme-template-id/Social_Media/random_sampled/sample_0839.jpg,Template-Free,Template-Free,13300,0.9997105
sample_0840.jpg,/path/to/meme-template-id/Social_Media/random_sampled/sample_0840.jpg,Template-Free,Template-Free,10656,0.99903923
sample_0841.jpg,/path/to/meme-template-id/Social_Media/random_sampled/sample_0841.jpg,Template-Free,Template-Free,4728,0.9961756
sample_0842.jpg,/path/to/meme-template-id/Social_Media/random_sampled/sample_0842.jpg,black-guy-crying-and-black-guy-laughing,Templated-Meme,13486,0.9975663
sample_0843.jpg,/path/to/meme-template-id/Social_Media/random_sampled/sample_0843.jpg,Template-Free,Template-Free,13872,0.9922956
sample_0844.jpg,/path/to/meme-template-id/Social_Media/random_sampled/sample_0844.jpg,but-it-was-me-dio,Templated-Meme,13264,0.99672645
sample_0845.jpg,/path/to/meme-template-id/Social_Media/random_sampled/sample_0845.jpg,Non-Meme,Non-Meme,10107,0.98958725
sample_0846.jpg,/path/to/meme-template-id/Social_Media/random_sampled/sample_0846.jpg,Non-Meme,Non-Meme,10106,0.99924
sample_0847.jpg,/path/to/meme-template-id/Social_Media/random_sampled/sample_0847.jpg,Template-Free,Template-Free,11071,0.99986845
sample_0848.jpg,/path/to/meme-template-id/Social_Media/random_sampled/sample_0848.jpg,Template-Free,Template-Free,816,0.82702106
sample_0849.jpg,/path/to/meme-template-id/Social_Media/random_sampled/sample_0849.jpg,Template-Free,Template-Free,127,1.0000137
sample_0850.jpg,/path/to/meme-template-id/Social_Media/random_sampled/sample_0850.jpg,you-wouldnt-get-it,Templated-Meme,7487,0.9998898
sample_0851.jpg,/path/to/meme-template-id/Social_Media/random_sampled/sample_0851.jpg,Template-Free,Template-Free,9809,0.99862957
sample_0852.jpg,/path/to/meme-template-id/Social_Media/random_sampled/sample_0852.jpg,Non-Meme,Non-Meme,7677,0.9995503
sample_0853.jpg,/path/to/meme-template-id/Social_Media/random_sampled/sample_0853.jpg,elmo-cocaine,Templated-Meme,13899,0.9998749
sample_0854.jpg,/path/to/meme-template-id/Social_Media/random_sampled/sample_0854.jpg,Non-Meme,Non-Meme,13487,0.9934866
sample_0855.jpg,/path/to/meme-template-id/Social_Media/random_sampled/sample_0855.jpg,Non-Meme,Non-Meme,8661,0.99048495
sample_0856.jpg,/path/to/meme-template-id/Social_Media/random_sampled/sample_0856.jpg,so-you-have-chosen-death,Templated-Meme,7411,0.9971055
sample_0857.jpg,/path/to/meme-template-id/Social_Media/random_sampled/sample_0857.jpg,Template-Free,Template-Free,9489,0.9945266
sample_0858.jpg,/path/to/meme-template-id/Social_Media/random_sampled/sample_0858.jpg,Template-Free,Template-Free,9098,0.989807
sample_0859.jpg,/path/to/meme-template-id/Social_Media/random_sampled/sample_0859.jpg,in-terms-of-money-we-have-no-money,Templated-Meme,9842,0.99987316
sample_0860.jpg,/path/to/meme-template-id/Social_Media/random_sampled/sample_0860.jpg,incoming-call,Templated-Meme,1529,0.99876094
sample_0861.jpg,/path/to/meme-template-id/Social_Media/random_sampled/sample_0861.jpg,shocked-black-guy,Templated-Meme,4737,0.99992025
sample_0862.jpg,/path/to/meme-template-id/Social_Media/random_sampled/sample_0862.jpg,jammin-baby,Templated-Meme,11875,0.99950254
sample_0863.jpg,/path/to/meme-template-id/Social_Media/random_sampled/sample_0863.jpg,skeleton-computer,Templated-Meme,3603,0.9988232
sample_0864.jpg,/path/to/meme-template-id/Social_Media/random_sampled/sample_0864.jpg,Non-Meme,Non-Meme,13303,0.9994258
sample_0865.jpg,/path/to/meme-template-id/Social_Media/random_sampled/sample_0865.jpg,Template-Free,Template-Free,9919,0.99749583
sample_0866.jpg,/path/to/meme-template-id/Social_Media/random_sampled/sample_0866.jpg,Template-Free,Template-Free,787,0.9998411
sample_0867.jpg,/path/to/meme-template-id/Social_Media/random_sampled/sample_0867.jpg,Template-Free,Template-Free,8717,0.9962385
sample_0868.jpg,/path/to/meme-template-id/Social_Media/random_sampled/sample_0868.jpg,Template-Free,Template-Free,10815,0.9977632
sample_0869.jpg,/path/to/meme-template-id/Social_Media/random_sampled/sample_0869.jpg,spongebob_patrick_garbage_diapers,Templated-Meme,13918,0.9973006
sample_0870.jpg,/path/to/meme-template-id/Social_Media/random_sampled/sample_0870.jpg,surprised-joey,Templated-Meme,12953,0.9998842
sample_0871.jpg,/path/to/meme-template-id/Social_Media/random_sampled/sample_0871.jpg,Template-Free,Template-Free,12335,0.99989665
sample_0872.jpg,/path/to/meme-template-id/Social_Media/random_sampled/sample_0872.jpg,Template-Free,Template-Free,11977,0.998412
sample_0873.jpg,/path/to/meme-template-id/Social_Media/random_sampled/sample_0873.jpg,Template-Free,Template-Free,11312,0.99244153
sample_0874.jpg,/path/to/meme-template-id/Social_Media/random_sampled/sample_0874.jpg,mr-incredible-uncanny,Templated-Meme,912,0.99975896
sample_0875.jpg,/path/to/meme-template-id/Social_Media/random_sampled/sample_0875.jpg,Template-Free,Template-Free,8575,0.9949216
sample_0876.jpg,/path/to/meme-template-id/Social_Media/random_sampled/sample_0876.jpg,Template-Free,Template-Free,10782,0.9991447
sample_0877.jpg,/path/to/meme-template-id/Social_Media/random_sampled/sample_0877.jpg,cat-likes-their-waffle,Templated-Meme,7304,0.98553276
sample_0878.jpg,/path/to/meme-template-id/Social_Media/random_sampled/sample_0878.jpg,Non-Meme,Non-Meme,10109,0.99491525
sample_0879.jpg,/path/to/meme-template-id/Social_Media/random_sampled/sample_0879.jpg,advice-dog,Templated-Meme,11109,0.9886917
sample_0880.jpg,/path/to/meme-template-id/Social_Media/random_sampled/sample_0880.jpg,Non-Meme,Non-Meme,10102,0.9984969
sample_0881.jpg,/path/to/meme-template-id/Social_Media/random_sampled/sample_0881.jpg,Template-Free,Template-Free,9422,0.989207
sample_0882.jpg,/path/to/meme-template-id/Social_Media/random_sampled/sample_0882.jpg,Template-Free,Template-Free,3073,0.99850565
sample_0883.jpg,/path/to/meme-template-id/Social_Media/random_sampled/sample_0883.jpg,Template-Free,Template-Free,13629,0.9961846
sample_0884.jpg,/path/to/meme-template-id/Social_Media/random_sampled/sample_0884.jpg,guess-ill-die,Templated-Meme,6429,0.99864304
sample_0885.jpg,/path/to/meme-template-id/Social_Media/random_sampled/sample_0885.jpg,Template-Free,Template-Free,13146,0.99712276
sample_0886.jpg,/path/to/meme-template-id/Social_Media/random_sampled/sample_0886.jpg,Template-Free,Template-Free,13512,0.9975044
sample_0887.jpg,/path/to/meme-template-id/Social_Media/random_sampled/sample_0887.jpg,Template-Free,Template-Free,6021,0.98296034
sample_0888.jpg,/path/to/meme-template-id/Social_Media/random_sampled/sample_0888.jpg,in-terms-of-money-we-have-no-money,Templated-Meme,9842,0.9991378
sample_0889.jpg,/path/to/meme-template-id/Social_Media/random_sampled/sample_0889.jpg,Non-Meme,Non-Meme,13123,0.9868641
sample_0890.jpg,/path/to/meme-template-id/Social_Media/random_sampled/sample_0890.jpg,black-guy-crying-and-black-guy-laughing,Templated-Meme,6172,0.9966259
sample_0891.jpg,/path/to/meme-template-id/Social_Media/random_sampled/sample_0891.jpg,drake_hotline_bling_normal,Templated-Meme,8367,0.99551874
sample_0892.jpg,/path/to/meme-template-id/Social_Media/random_sampled/sample_0892.jpg,Template-Free,Template-Free,11367,0.99786454
sample_0893.jpg,/path/to/meme-template-id/Social_Media/random_sampled/sample_0893.jpg,Template-Free,Template-Free,12151,0.9988901
sample_0894.jpg,/path/to/meme-template-id/Social_Media/random_sampled/sample_0894.jpg,Template-Free,Template-Free,11846,0.9916677
sample_0895.jpg,/path/to/meme-template-id/Social_Media/random_sampled/sample_0895.jpg,elon-musk-smoking-a-joint,Templated-Meme,1468,0.99998325
sample_0896.jpg,/path/to/meme-template-id/Social_Media/random_sampled/sample_0896.jpg,Template-Free,Template-Free,4594,0.99543035
sample_0897.jpg,/path/to/meme-template-id/Social_Media/random_sampled/sample_0897.jpg,Template-Free,Template-Free,7195,0.99813646
sample_0898.jpg,/path/to/meme-template-id/Social_Media/random_sampled/sample_0898.jpg,dw-sign-wont-stop-me-because-i-cant-read,Templated-Meme,9073,0.99949485
sample_0899.jpg,/path/to/meme-template-id/Social_Media/random_sampled/sample_0899.jpg,meg-family-guy-better-than-me,Templated-Meme,13022,0.99846494
sample_0900.jpg,/path/to/meme-template-id/Social_Media/random_sampled/sample_0900.jpg,hard-to-swallow-pills,Templated-Meme,3150,1.0000405
sample_0901.jpg,/path/to/meme-template-id/Social_Media/random_sampled/sample_0901.jpg,Non-Meme,Non-Meme,13303,0.9977147
sample_0902.jpg,/path/to/meme-template-id/Social_Media/random_sampled/sample_0902.jpg,spiderman-presentation,Templated-Meme,1280,0.9999856
sample_0903.jpg,/path/to/meme-template-id/Social_Media/random_sampled/sample_0903.jpg,boy-and-girl-texting,Templated-Meme,13248,0.9988155
sample_0904.jpg,/path/to/meme-template-id/Social_Media/random_sampled/sample_0904.jpg,surprised-pikachu,Templated-Meme,12685,0.99972665
sample_0905.jpg,/path/to/meme-template-id/Social_Media/random_sampled/sample_0905.jpg,Template-Free,Template-Free,7868,0.999702
sample_0906.jpg,/path/to/meme-template-id/Social_Media/random_sampled/sample_0906.jpg,table-flip-guy,Templated-Meme,13233,0.997351
sample_0907.jpg,/path/to/meme-template-id/Social_Media/random_sampled/sample_0907.jpg,Template-Free,Template-Free,12519,0.9962061
sample_0908.jpg,/path/to/meme-template-id/Social_Media/random_sampled/sample_0908.jpg,laughing-leo,Templated-Meme,8660,0.99967283
sample_0909.jpg,/path/to/meme-template-id/Social_Media/random_sampled/sample_0909.jpg,darth-maul,Templated-Meme,13226,0.99594736
sample_0910.jpg,/path/to/meme-template-id/Social_Media/random_sampled/sample_0910.jpg,Template-Free,Template-Free,13235,0.9980128
sample_0911.jpg,/path/to/meme-template-id/Social_Media/random_sampled/sample_0911.jpg,Template-Free,Template-Free,13932,0.99852055
sample_0912.jpg,/path/to/meme-template-id/Social_Media/random_sampled/sample_0912.jpg,panzer-of-the-lake,Templated-Meme,4359,0.99992734
sample_0913.jpg,/path/to/meme-template-id/Social_Media/random_sampled/sample_0913.jpg,Template-Free,Template-Free,11442,0.993363
sample_0914.jpg,/path/to/meme-template-id/Social_Media/random_sampled/sample_0914.jpg,Template-Free,Template-Free,9735,0.9998255
sample_0915.jpg,/path/to/meme-template-id/Social_Media/random_sampled/sample_0915.jpg,Template-Free,Template-Free,8947,0.99933743
sample_0916.jpg,/path/to/meme-template-id/Social_Media/random_sampled/sample_0916.jpg,Template-Free,Template-Free,750,0.99999756
sample_0917.jpg,/path/to/meme-template-id/Social_Media/random_sampled/sample_0917.jpg,Template-Free,Template-Free,10764,1.0000663
sample_0918.jpg,/path/to/meme-template-id/Social_Media/random_sampled/sample_0918.jpg,Template-Free,Template-Free,3073,1.0001507
sample_0919.jpg,/path/to/meme-template-id/Social_Media/random_sampled/sample_0919.jpg,Template-Free,Template-Free,5348,0.9883953
sample_0920.jpg,/path/to/meme-template-id/Social_Media/random_sampled/sample_0920.jpg,Template-Free,Template-Free,13076,0.99574333
sample_0921.jpg,/path/to/meme-template-id/Social_Media/random_sampled/sample_0921.jpg,Template-Free,Template-Free,5080,0.9810586
sample_0922.jpg,/path/to/meme-template-id/Social_Media/random_sampled/sample_0922.jpg,Template-Free,Template-Free,4055,0.9979852
sample_0923.jpg,/path/to/meme-template-id/Social_Media/random_sampled/sample_0923.jpg,Template-Free,Template-Free,13256,0.9987274
sample_0924.jpg,/path/to/meme-template-id/Social_Media/random_sampled/sample_0924.jpg,Template-Free,Template-Free,4450,0.9938923
sample_0925.jpg,/path/to/meme-template-id/Social_Media/random_sampled/sample_0925.jpg,no_i_dont_think_i_will,Templated-Meme,11332,0.9996192
sample_0926.jpg,/path/to/meme-template-id/Social_Media/random_sampled/sample_0926.jpg,Template-Free,Template-Free,13621,0.9968756
sample_0927.jpg,/path/to/meme-template-id/Social_Media/random_sampled/sample_0927.jpg,Template-Free,Template-Free,6445,0.99365324
sample_0928.jpg,/path/to/meme-template-id/Social_Media/random_sampled/sample_0928.jpg,Template-Free,Template-Free,13932,0.9972873
sample_0929.jpg,/path/to/meme-template-id/Social_Media/random_sampled/sample_0929.jpg,Template-Free,Template-Free,7032,0.98951983
sample_0930.jpg,/path/to/meme-template-id/Social_Media/random_sampled/sample_0930.jpg,Template-Free,Template-Free,12115,0.9899808
sample_0931.jpg,/path/to/meme-template-id/Social_Media/random_sampled/sample_0931.jpg,Template-Free,Template-Free,7906,0.99944663
sample_0932.jpg,/path/to/meme-template-id/Social_Media/random_sampled/sample_0932.jpg,Template-Free,Template-Free,11416,0.9999965
sample_0933.jpg,/path/to/meme-template-id/Social_Media/random_sampled/sample_0933.jpg,Non-Meme,Non-Meme,13632,0.99885625
sample_0934.jpg,/path/to/meme-template-id/Social_Media/random_sampled/sample_0934.jpg,Template-Free,Template-Free,13853,0.99600893
sample_0935.jpg,/path/to/meme-template-id/Social_Media/random_sampled/sample_0935.jpg,not-sure-if-fry,Templated-Meme,11862,0.9980388
sample_0936.jpg,/path/to/meme-template-id/Social_Media/random_sampled/sample_0936.jpg,alignment-chart,Templated-Meme,13168,0.9963783
sample_0937.jpg,/path/to/meme-template-id/Social_Media/random_sampled/sample_0937.jpg,Non-Meme,Non-Meme,9500,0.9998327
sample_0938.jpg,/path/to/meme-template-id/Social_Media/random_sampled/sample_0938.jpg,Template-Free,Template-Free,10220,0.99638534
sample_0939.jpg,/path/to/meme-template-id/Social_Media/random_sampled/sample_0939.jpg,Template-Free,Template-Free,10852,0.99992335
sample_0940.jpg,/path/to/meme-template-id/Social_Media/random_sampled/sample_0940.jpg,Non-Meme,Non-Meme,13639,0.9993647
sample_0941.jpg,/path/to/meme-template-id/Social_Media/random_sampled/sample_0941.jpg,Template-Free,Template-Free,10167,0.99829894
sample_0942.jpg,/path/to/meme-template-id/Social_Media/random_sampled/sample_0942.jpg,one-girl-five-guys,Templated-Meme,12318,0.9943922
sample_0943.jpg,/path/to/meme-template-id/Social_Media/random_sampled/sample_0943.jpg,Template-Free,Template-Free,8689,0.9994663
sample_0944.jpg,/path/to/meme-template-id/Social_Media/random_sampled/sample_0944.jpg,Template-Free,Template-Free,5946,0.999309
sample_0945.jpg,/path/to/meme-template-id/Social_Media/random_sampled/sample_0945.jpg,Template-Free,Template-Free,11347,0.9925805
sample_0946.jpg,/path/to/meme-template-id/Social_Media/random_sampled/sample_0946.jpg,cross-eyed-spongebob,Templated-Meme,13901,0.99859625
sample_0947.jpg,/path/to/meme-template-id/Social_Media/random_sampled/sample_0947.jpg,good-guy-putin,Templated-Meme,9863,0.9987308
sample_0948.jpg,/path/to/meme-template-id/Social_Media/random_sampled/sample_0948.jpg,Template-Free,Template-Free,8356,0.9999949
sample_0949.jpg,/path/to/meme-template-id/Social_Media/random_sampled/sample_0949.jpg,Template-Free,Template-Free,4553,1.0000871
sample_0950.jpg,/path/to/meme-template-id/Social_Media/random_sampled/sample_0950.jpg,Non-Meme,Non-Meme,13640,0.9965963
sample_0951.jpg,/path/to/meme-template-id/Social_Media/random_sampled/sample_0951.jpg,Template-Free,Template-Free,12338,0.9993926
sample_0952.jpg,/path/to/meme-template-id/Social_Media/random_sampled/sample_0952.jpg,Template-Free,Template-Free,7523,0.9975808
sample_0953.jpg,/path/to/meme-template-id/Social_Media/random_sampled/sample_0953.jpg,say-it-again-dexter,Templated-Meme,6769,0.9855804
sample_0954.jpg,/path/to/meme-template-id/Social_Media/random_sampled/sample_0954.jpg,Template-Free,Template-Free,7071,0.99909246
sample_0955.jpg,/path/to/meme-template-id/Social_Media/random_sampled/sample_0955.jpg,Template-Free,Template-Free,10028,0.99804616
sample_0956.jpg,/path/to/meme-template-id/Social_Media/random_sampled/sample_0956.jpg,crying_kid_with_gun,Templated-Meme,6517,0.99538654
sample_0957.jpg,/path/to/meme-template-id/Social_Media/random_sampled/sample_0957.jpg,what-do-we-want,Templated-Meme,11942,1.0001315
sample_0958.jpg,/path/to/meme-template-id/Social_Media/random_sampled/sample_0958.jpg,Template-Free,Template-Free,4548,0.9829987
sample_0959.jpg,/path/to/meme-template-id/Social_Media/random_sampled/sample_0959.jpg,Template-Free,Template-Free,9969,0.99978155
sample_0960.jpg,/path/to/meme-template-id/Social_Media/random_sampled/sample_0960.jpg,Template-Free,Template-Free,2042,0.9356896
sample_0961.jpg,/path/to/meme-template-id/Social_Media/random_sampled/sample_0961.jpg,Template-Free,Template-Free,13497,0.9984741
sample_0962.jpg,/path/to/meme-template-id/Social_Media/random_sampled/sample_0962.jpg,lisa-simpsons-presentation,Templated-Meme,3337,1.000053
sample_0963.jpg,/path/to/meme-template-id/Social_Media/random_sampled/sample_0963.jpg,Non-Meme,Non-Meme,859,0.9998684
sample_0964.jpg,/path/to/meme-template-id/Social_Media/random_sampled/sample_0964.jpg,ol-reliable,Templated-Meme,13163,0.98593354
sample_0965.jpg,/path/to/meme-template-id/Social_Media/random_sampled/sample_0965.jpg,Template-Free,Template-Free,4189,0.9999404
sample_0966.jpg,/path/to/meme-template-id/Social_Media/random_sampled/sample_0966.jpg,Template-Free,Template-Free,6226,0.9975127
sample_0967.jpg,/path/to/meme-template-id/Social_Media/random_sampled/sample_0967.jpg,Template-Free,Template-Free,13059,1.0000472
sample_0968.jpg,/path/to/meme-template-id/Social_Media/random_sampled/sample_0968.jpg,obi-wan-of-course-i-know-him-hes-me,Templated-Meme,13354,0.99564046
sample_0969.jpg,/path/to/meme-template-id/Social_Media/random_sampled/sample_0969.jpg,Template-Free,Template-Free,5241,0.9993413
sample_0970.jpg,/path/to/meme-template-id/Social_Media/random_sampled/sample_0970.jpg,you-wouldnt-get-it,Templated-Meme,7487,0.99983925
sample_0971.jpg,/path/to/meme-template-id/Social_Media/random_sampled/sample_0971.jpg,drake_hotline_bling_normal,Templated-Meme,13926,0.99813884
sample_0972.jpg,/path/to/meme-template-id/Social_Media/random_sampled/sample_0972.jpg,Template-Free,Template-Free,10903,0.9932683
sample_0973.jpg,/path/to/meme-template-id/Social_Media/random_sampled/sample_0973.jpg,Template-Free,Template-Free,5433,0.9998606
sample_0974.jpg,/path/to/meme-template-id/Social_Media/random_sampled/sample_0974.jpg,Template-Free,Template-Free,13971,0.9978164
sample_0975.jpg,/path/to/meme-template-id/Social_Media/random_sampled/sample_0975.jpg,Template-Free,Template-Free,12388,0.99753994
sample_0976.jpg,/path/to/meme-template-id/Social_Media/random_sampled/sample_0976.jpg,avengers_assemble,Templated-Meme,12536,0.99654526
sample_0977.jpg,/path/to/meme-template-id/Social_Media/random_sampled/sample_0977.jpg,Template-Free,Template-Free,11828,0.9996596
sample_0978.jpg,/path/to/meme-template-id/Social_Media/random_sampled/sample_0978.jpg,Template-Free,Template-Free,13986,0.99989516
sample_0979.jpg,/path/to/meme-template-id/Social_Media/random_sampled/sample_0979.jpg,Template-Free,Template-Free,7569,0.9991228
sample_0980.jpg,/path/to/meme-template-id/Social_Media/random_sampled/sample_0980.jpg,blank-kermit-waiting,Templated-Meme,9990,0.99660826
sample_0981.jpg,/path/to/meme-template-id/Social_Media/random_sampled/sample_0981.jpg,Template-Free,Template-Free,7250,1.0000486
sample_0982.jpg,/path/to/meme-template-id/Social_Media/random_sampled/sample_0982.jpg,Template-Free,Template-Free,12466,0.9968952
sample_0983.jpg,/path/to/meme-template-id/Social_Media/random_sampled/sample_0983.jpg,low_key_just_a_chill_guy,Templated-Meme,4569,0.9855056
sample_0984.jpg,/path/to/meme-template-id/Social_Media/random_sampled/sample_0984.jpg,Template-Free,Template-Free,5033,0.9914175
sample_0985.jpg,/path/to/meme-template-id/Social_Media/random_sampled/sample_0985.jpg,Non-Meme,Non-Meme,13640,0.9992897
sample_0986.jpg,/path/to/meme-template-id/Social_Media/random_sampled/sample_0986.jpg,ah-shit-here-we-go-again,Templated-Meme,6908,1.0000075
sample_0987.jpg,/path/to/meme-template-id/Social_Media/random_sampled/sample_0987.jpg,Template-Free,Template-Free,8375,0.99589056
sample_0988.jpg,/path/to/meme-template-id/Social_Media/random_sampled/sample_0988.jpg,Template-Free,Template-Free,12013,0.9977236
sample_0989.jpg,/path/to/meme-template-id/Social_Media/random_sampled/sample_0989.jpg,Template-Free,Template-Free,13376,0.9982505
sample_0990.jpg,/path/to/meme-template-id/Social_Media/random_sampled/sample_0990.jpg,Template-Free,Template-Free,13789,0.99822354
sample_0991.jpg,/path/to/meme-template-id/Social_Media/random_sampled/sample_0991.jpg,Template-Free,Template-Free,5099,0.9982704
sample_0992.jpg,/path/to/meme-template-id/Social_Media/random_sampled/sample_0992.jpg,Template-Free,Template-Free,9718,0.9997904
sample_0993.jpg,/path/to/meme-template-id/Social_Media/random_sampled/sample_0993.jpg,Template-Free,Template-Free,9533,0.99580353
sample_0994.jpg,/path/to/meme-template-id/Social_Media/random_sampled/sample_0994.jpg,idiot-skull,Templated-Meme,586,1.0000213
sample_0995.jpg,/path/to/meme-template-id/Social_Media/random_sampled/sample_0995.jpg,little-miss-sunshine,Templated-Meme,12206,0.99698406
sample_0996.jpg,/path/to/meme-template-id/Social_Media/random_sampled/sample_0996.jpg,guy-recording-a-fight,Templated-Meme,13933,0.9975653
sample_0997.jpg,/path/to/meme-template-id/Social_Media/random_sampled/sample_0997.jpg,but-it-was-me-dio,Templated-Meme,13264,0.99863535
sample_0998.jpg,/path/to/meme-template-id/Social_Media/random_sampled/sample_0998.jpg,bas_karo_bhai,Templated-Meme,8405,0.9981283
sample_0999.jpg,/path/to/meme-template-id/Social_Media/random_sampled/sample_0999.jpg,Template-Free,Template-Free,3073,0.99996346
sample_1000.jpg,/path/to/meme-template-id/Social_Media/random_sampled/sample_1000.jpg,Template-Free,Template-Free,11016,0.9976278
