image_id,image_path,model,prediction,confidence
sample_0001.jpg,images/sample_0001.jpg,DenseNet121,Non-Meme,0.999999
sample_0002.jpg,images/sample_0002.jpg,DenseNet121,Non-Meme,0.504784
sample_0003.jpg,images/sample_0003.jpg,DenseNet121,Non-Meme,1.000000
sample_0004.jpg,images/sample_0004.jpg,DenseNet121,did-you-mean,0.917152
sample_0005.jpg,images/sample_0005.jpg,DenseNet121,im_doing_my_part,0.876855
sample_0006.jpg,images/sample_0006.jpg,DenseNet121,breaking-bad-smile-frown,0.993047
sample_0007.jpg,images/sample_0007.jpg,DenseNet121,Non-Meme,1.000000
sample_0008.jpg,images/sample_0008.jpg,DenseNet121,Non-Meme,1.000000
sample_0009.jpg,images/sample_0009.jpg,DenseNet121,smilin-biden,1.000000
sample_0010.jpg,images/sample_0010.jpg,DenseNet121,you_made_thisi_made_this,1.000000
sample_0011.jpg,images/sample_0011.jpg,DenseNet121,meme-man,1.000000
sample_0012.jpg,images/sample_0012.jpg,DenseNet121,why-would-x-do-this,0.999999
sample_0013.jpg,images/sample_0013.jpg,DenseNet121,Non-Meme,1.000000
sample_0014.jpg,images/sample_0014.jpg,DenseNet121,Non-Meme,0.999849
sample_0015.jpg,images/sample_0015.jpg,DenseNet121,Non-Meme,0.646286
sample_0016.jpg,images/sample_0016.jpg,DenseNet121,Non-Meme,0.999850
sample_0017.jpg,images/sample_0017.jpg,DenseNet121,Non-Meme,0.999919
sample_0018.jpg,images/sample_0018.jpg,DenseNet121,Non-Meme,0.980876
sample_0019.jpg,images/sample_0019.jpg,DenseNet121,stan_meter,0.798944
sample_0020.jpg,images/sample_0020.jpg,DenseNet121,Non-Meme,0.999730
sample_0021.jpg,images/sample_0021.jpg,DenseNet121,Non-Meme,1.000000
sample_0022.jpg,images/sample_0022.jpg,DenseNet121,Non-Meme,1.000000
sample_0023.jpg,images/sample_0023.jpg,DenseNet121,who-would-win,0.998451
sample_0024.jpg,images/sample_0024.jpg,DenseNet121,weak-vs-strong-spongebob,0.930255
sample_0025.jpg,images/sample_0025.jpg,DenseNet121,Non-Meme,1.000000
sample_0026.jpg,images/sample_0026.jpg,DenseNet121,Non-Meme,1.000000
sample_0027.jpg,images/sample_0027.jpg,DenseNet121,Non-Meme,1.000000
sample_0028.jpg,images/sample_0028.jpg,DenseNet121,Non-Meme,1.000000
sample_0029.jpg,images/sample_0029.jpg,DenseNet121,Non-Meme,0.999996
sample_0030.jpg,images/sample_0030.jpg,DenseNet121,Non-Meme,1.000000
sample_0031.jpg,images/sample_0031.jpg,DenseNet121,Non-Meme,0.999927
sample_0032.jpg,images/sample_0032.jpg,DenseNet121,s09_blank_blue_colored_family,1.000000
sample_0033.jpg,images/sample_0033.jpg,DenseNet121,patrick-smart-dumb,1.000000
sample_0034.jpg,images/sample_0034.jpg,DenseNet121,be-like-bill,1.000000
sample_0035.jpg,images/sample_0035.jpg,DenseNet121,oliver-twist-please-sir,0.994167
sample_0036.jpg,images/sample_0036.jpg,DenseNet121,Template-Free,0.672852
sample_0037.jpg,images/sample_0037.jpg,DenseNet121,Non-Meme,1.000000
sample_0038.jpg,images/sample_0038.jpg,DenseNet121,Non-Meme,1.000000
sample_0039.jpg,images/sample_0039.jpg,DenseNet121,ted,0.748438
sample_0040.jpg,images/sample_0040.jpg,DenseNet121,Non-Meme,1.000000
sample_0041.jpg,images/sample_0041.jpg,DenseNet121,why-would-x-do-this,0.965603
sample_0042.jpg,images/sample_0042.jpg,DenseNet121,Non-Meme,1.000000
sample_0043.jpg,images/sample_0043.jpg,DenseNet121,elon-musk-blank-tweet,1.000000
sample_0044.jpg,images/sample_0044.jpg,DenseNet121,Non-Meme,0.999876
sample_0045.jpg,images/sample_0045.jpg,DenseNet121,Non-Meme,1.000000
sample_0046.jpg,images/sample_0046.jpg,DenseNet121,suspicious_dog,0.979118
sample_0047.jpg,images/sample_0047.jpg,DenseNet121,Non-Meme,1.000000
sample_0048.jpg,images/sample_0048.jpg,DenseNet121,Template-Free,0.671626
sample_0049.jpg,images/sample_0049.jpg,DenseNet121,Non-Meme,1.000000
sample_0050.jpg,images/sample_0050.jpg,DenseNet121,Non-Meme,1.000000
sample_0051.jpg,images/sample_0051.jpg,DenseNet121,Non-Meme,1.000000
sample_0052.jpg,images/sample_0052.jpg,DenseNet121,im-in-danger,1.000000
sample_0053.jpg,images/sample_0053.jpg,DenseNet121,Non-Meme,1.000000
sample_0054.jpg,images/sample_0054.jpg,DenseNet121,Non-Meme,1.000000
sample_0055.jpg,images/sample_0055.jpg,DenseNet121,Non-Meme,1.000000
sample_0056.jpg,images/sample_0056.jpg,DenseNet121,crying-cat,1.000000
sample_0057.jpg,images/sample_0057.jpg,DenseNet121,Non-Meme,0.999999
sample_0058.jpg,images/sample_0058.jpg,DenseNet121,well-yes-but-actually-no,0.999526
sample_0059.jpg,images/sample_0059.jpg,DenseNet121,Non-Meme,0.999963
sample_0060.jpg,images/sample_0060.jpg,DenseNet121,nooo-haha-go-brrr,0.999999
sample_0061.jpg,images/sample_0061.jpg,DenseNet121,Non-Meme,1.000000
sample_0062.jpg,images/sample_0062.jpg,DenseNet121,mr-incredible-uncanny,1.000000
sample_0063.jpg,images/sample_0063.jpg,DenseNet121,Non-Meme,0.956470
sample_0064.jpg,images/sample_0064.jpg,DenseNet121,mr-incredible-uncanny,1.000000
sample_0065.jpg,images/sample_0065.jpg,DenseNet121,minion_in_dark_forest,0.943137
sample_0066.jpg,images/sample_0066.jpg,DenseNet121,Non-Meme,1.000000
sample_0067.jpg,images/sample_0067.jpg,DenseNet121,Non-Meme,0.999667
sample_0068.jpg,images/sample_0068.jpg,DenseNet121,be-like-bill,0.999164
sample_0069.jpg,images/sample_0069.jpg,DenseNet121,Non-Meme,0.991545
sample_0070.jpg,images/sample_0070.jpg,DenseNet121,Non-Meme,0.901004
sample_0071.jpg,images/sample_0071.jpg,DenseNet121,Non-Meme,0.860814
sample_0072.jpg,images/sample_0072.jpg,DenseNet121,Non-Meme,1.000000
sample_0073.jpg,images/sample_0073.jpg,DenseNet121,Non-Meme,1.000000
sample_0074.jpg,images/sample_0074.jpg,DenseNet121,bazooka-squirrel,0.997135
sample_0075.jpg,images/sample_0075.jpg,DenseNet121,Non-Meme,0.998868
sample_0076.jpg,images/sample_0076.jpg,DenseNet121,they-dont-know,1.000000
sample_0077.jpg,images/sample_0077.jpg,DenseNet121,m15_homer_bush,0.991077
sample_0078.jpg,images/sample_0078.jpg,DenseNet121,genie_rules_meme,0.999883
sample_0079.jpg,images/sample_0079.jpg,DenseNet121,all_right_then_keep_your_secrets,0.822374
sample_0080.jpg,images/sample_0080.jpg,DenseNet121,Non-Meme,1.000000
sample_0081.jpg,images/sample_0081.jpg,DenseNet121,Non-Meme,1.000000
sample_0082.jpg,images/sample_0082.jpg,DenseNet121,Non-Meme,1.000000
sample_0083.jpg,images/sample_0083.jpg,DenseNet121,Non-Meme,1.000000
sample_0084.jpg,images/sample_0084.jpg,DenseNet121,me-and-the-boys,0.994514
sample_0085.jpg,images/sample_0085.jpg,DenseNet121,Non-Meme,1.000000
sample_0086.jpg,images/sample_0086.jpg,DenseNet121,Non-Meme,1.000000
sample_0087.jpg,images/sample_0087.jpg,DenseNet121,Non-Meme,1.000000
sample_0088.jpg,images/sample_0088.jpg,DenseNet121,Template-Free,0.601513
sample_0089.jpg,images/sample_0089.jpg,DenseNet121,Non-Meme,1.000000
sample_0090.jpg,images/sample_0090.jpg,DenseNet121,Non-Meme,0.999873
sample_0091.jpg,images/sample_0091.jpg,DenseNet121,bestbetter-blurst,1.000000
sample_0092.jpg,images/sample_0092.jpg,DenseNet121,Non-Meme,1.000000
sample_0093.jpg,images/sample_0093.jpg,DenseNet121,four-horsemen,0.999996
sample_0094.jpg,images/sample_0094.jpg,DenseNet121,Non-Meme,0.965345
sample_0095.jpg,images/sample_0095.jpg,DenseNet121,Non-Meme,1.000000
sample_0096.jpg,images/sample_0096.jpg,DenseNet121,Non-Meme,1.000000
sample_0097.jpg,images/sample_0097.jpg,DenseNet121,Non-Meme,0.999981
sample_0098.jpg,images/sample_0098.jpg,DenseNet121,grave_funeral,0.997668
sample_0099.jpg,images/sample_0099.jpg,DenseNet121,nobody-absolutely-no-one,1.000000
sample_0100.jpg,images/sample_0100.jpg,DenseNet121,nobody-absolutely-no-one,0.913632
sample_0101.jpg,images/sample_0101.jpg,DenseNet121,Non-Meme,0.644056
sample_0102.jpg,images/sample_0102.jpg,DenseNet121,the-scroll-of-truth,1.000000
sample_0103.jpg,images/sample_0103.jpg,DenseNet121,Non-Meme,1.000000
sample_0104.jpg,images/sample_0104.jpg,DenseNet121,Non-Meme,1.000000
sample_0105.jpg,images/sample_0105.jpg,DenseNet121,Non-Meme,1.000000
sample_0106.jpg,images/sample_0106.jpg,DenseNet121,Non-Meme,1.000000
sample_0107.jpg,images/sample_0107.jpg,DenseNet121,elon-musk-blank-tweet,0.920050
sample_0108.jpg,images/sample_0108.jpg,DenseNet121,elon-musk-blank-tweet,1.000000
sample_0109.jpg,images/sample_0109.jpg,DenseNet121,Non-Meme,0.999992
sample_0110.jpg,images/sample_0110.jpg,DenseNet121,four-horsemen,1.000000
sample_0111.jpg,images/sample_0111.jpg,DenseNet121,elon-musk-blank-tweet,0.981413
sample_0112.jpg,images/sample_0112.jpg,DenseNet121,m06_change_my_mind,1.000000
sample_0113.jpg,images/sample_0113.jpg,DenseNet121,Non-Meme,1.000000
sample_0114.jpg,images/sample_0114.jpg,DenseNet121,free,0.999984
sample_0115.jpg,images/sample_0115.jpg,DenseNet121,elmo-nuclear-explosion,0.994645
sample_0116.jpg,images/sample_0116.jpg,DenseNet121,Template-Free,0.657147
sample_0117.jpg,images/sample_0117.jpg,DenseNet121,happy-picard,0.979152
sample_0118.jpg,images/sample_0118.jpg,DenseNet121,be-like-bill,0.999994
sample_0119.jpg,images/sample_0119.jpg,DenseNet121,Non-Meme,1.000000
sample_0120.jpg,images/sample_0120.jpg,DenseNet121,running-away-balloon,0.999139
sample_0121.jpg,images/sample_0121.jpg,DenseNet121,Non-Meme,1.000000
sample_0122.jpg,images/sample_0122.jpg,DenseNet121,Non-Meme,1.000000
sample_0123.jpg,images/sample_0123.jpg,DenseNet121,Non-Meme,1.000000
sample_0124.jpg,images/sample_0124.jpg,DenseNet121,Non-Meme,1.000000
sample_0125.jpg,images/sample_0125.jpg,DenseNet121,Non-Meme,0.890193
sample_0126.jpg,images/sample_0126.jpg,DenseNet121,Non-Meme,0.999469
sample_0127.jpg,images/sample_0127.jpg,DenseNet121,Non-Meme,0.824718
sample_0128.jpg,images/sample_0128.jpg,DenseNet121,be-like-bill,1.000000
sample_0129.jpg,images/sample_0129.jpg,DenseNet121,elon-musk-blank-tweet,1.000000
sample_0130.jpg,images/sample_0130.jpg,DenseNet121,Non-Meme,1.000000
sample_0131.jpg,images/sample_0131.jpg,DenseNet121,Non-Meme,1.000000
sample_0132.jpg,images/sample_0132.jpg,DenseNet121,yo-dawg-heard-you,1.000000
sample_0133.jpg,images/sample_0133.jpg,DenseNet121,Non-Meme,0.999664
sample_0134.jpg,images/sample_0134.jpg,DenseNet121,bad-advice-cat,0.995564
sample_0135.jpg,images/sample_0135.jpg,DenseNet121,Non-Meme,1.000000
sample_0136.jpg,images/sample_0136.jpg,DenseNet121,Non-Meme,0.999402
sample_0137.jpg,images/sample_0137.jpg,DenseNet121,blank_yellow_sign,1.000000
sample_0138.jpg,images/sample_0138.jpg,DenseNet121,Non-Meme,0.496044
sample_0139.jpg,images/sample_0139.jpg,DenseNet121,chuck-norris-finger,0.814649
sample_0140.jpg,images/sample_0140.jpg,DenseNet121,Non-Meme,0.999995
sample_0141.jpg,images/sample_0141.jpg,DenseNet121,mr-incredible-uncanny,1.000000
sample_0142.jpg,images/sample_0142.jpg,DenseNet121,deep-thoughts,0.999998
sample_0143.jpg,images/sample_0143.jpg,DenseNet121,Non-Meme,0.770669
sample_0144.jpg,images/sample_0144.jpg,DenseNet121,Template-Free,0.612986
sample_0145.jpg,images/sample_0145.jpg,DenseNet121,Non-Meme,1.000000
sample_0146.jpg,images/sample_0146.jpg,DenseNet121,Non-Meme,1.000000
sample_0147.jpg,images/sample_0147.jpg,DenseNet121,smilin-biden,0.999647
sample_0148.jpg,images/sample_0148.jpg,DenseNet121,why-would-x-do-this,0.985036
sample_0149.jpg,images/sample_0149.jpg,DenseNet121,Non-Meme,1.000000
sample_0150.jpg,images/sample_0150.jpg,DenseNet121,the_daily_struggle,0.999997
sample_0151.jpg,images/sample_0151.jpg,DenseNet121,blank-starter-pack,0.987749
sample_0152.jpg,images/sample_0152.jpg,DenseNet121,Non-Meme,0.840003
sample_0153.jpg,images/sample_0153.jpg,DenseNet121,Template-Free,0.602958
sample_0154.jpg,images/sample_0154.jpg,DenseNet121,Non-Meme,1.000000
sample_0155.jpg,images/sample_0155.jpg,DenseNet121,nobody-absolutely-no-one,1.000000
sample_0156.jpg,images/sample_0156.jpg,DenseNet121,mr-krabs-money,1.000000
sample_0157.jpg,images/sample_0157.jpg,DenseNet121,did-you-mean,0.835300
sample_0158.jpg,images/sample_0158.jpg,DenseNet121,Non-Meme,1.000000
sample_0159.jpg,images/sample_0159.jpg,DenseNet121,Non-Meme,0.999970
sample_0160.jpg,images/sample_0160.jpg,DenseNet121,Non-Meme,0.999971
sample_0161.jpg,images/sample_0161.jpg,DenseNet121,Non-Meme,1.000000
sample_0162.jpg,images/sample_0162.jpg,DenseNet121,elon-musk-blank-tweet,0.962913
sample_0163.jpg,images/sample_0163.jpg,DenseNet121,Non-Meme,1.000000
sample_0164.jpg,images/sample_0164.jpg,DenseNet121,genie_rules_meme,0.997672
sample_0165.jpg,images/sample_0165.jpg,DenseNet121,Non-Meme,1.000000
sample_0166.jpg,images/sample_0166.jpg,DenseNet121,Non-Meme,1.000000
sample_0167.jpg,images/sample_0167.jpg,DenseNet121,Non-Meme,0.999938
sample_0168.jpg,images/sample_0168.jpg,DenseNet121,superman_starman_meme,0.953595
sample_0169.jpg,images/sample_0169.jpg,DenseNet121,Non-Meme,0.896522
sample_0170.jpg,images/sample_0170.jpg,DenseNet121,Non-Meme,1.000000
sample_0171.jpg,images/sample_0171.jpg,DenseNet121,yu-gi-oh,1.000000
sample_0172.jpg,images/sample_0172.jpg,DenseNet121,why-is-my-sisters-name-rose,0.780295
sample_0173.jpg,images/sample_0173.jpg,DenseNet121,Non-Meme,1.000000
sample_0174.jpg,images/sample_0174.jpg,DenseNet121,shocked-batman,0.938305
sample_0175.jpg,images/sample_0175.jpg,DenseNet121,oliver-twist-please-sir,0.999973
sample_0176.jpg,images/sample_0176.jpg,DenseNet121,lisa-simpsons-presentation,1.000000
sample_0177.jpg,images/sample_0177.jpg,DenseNet121,genie_rules_meme,1.000000
sample_0178.jpg,images/sample_0178.jpg,DenseNet121,oliver-twist-please-sir,0.996907
sample_0179.jpg,images/sample_0179.jpg,DenseNet121,Non-Meme,1.000000
sample_0180.jpg,images/sample_0180.jpg,DenseNet121,Non-Meme,1.000000
sample_0181.jpg,images/sample_0181.jpg,DenseNet121,Non-Meme,0.994794
sample_0182.jpg,images/sample_0182.jpg,DenseNet121,Non-Meme,0.973545
sample_0183.jpg,images/sample_0183.jpg,DenseNet121,Non-Meme,0.968150
sample_0184.jpg,images/sample_0184.jpg,DenseNet121,Non-Meme,0.982976
sample_0185.jpg,images/sample_0185.jpg,DenseNet121,elmo-nuclear-explosion,0.856334
sample_0186.jpg,images/sample_0186.jpg,DenseNet121,this-is-worthless,1.000000
sample_0187.jpg,images/sample_0187.jpg,DenseNet121,drake_hotline_bling_normal,1.000000
sample_0188.jpg,images/sample_0188.jpg,DenseNet121,second-breakfast,1.000000
sample_0189.jpg,images/sample_0189.jpg,DenseNet121,be-like-bill,0.984404
sample_0190.jpg,images/sample_0190.jpg,DenseNet121,nobody-is-born-cool,1.000000
sample_0191.jpg,images/sample_0191.jpg,DenseNet121,Non-Meme,1.000000
sample_0192.jpg,images/sample_0192.jpg,DenseNet121,elon-musk-blank-tweet,0.786210
sample_0193.jpg,images/sample_0193.jpg,DenseNet121,Non-Meme,1.000000
sample_0194.jpg,images/sample_0194.jpg,DenseNet121,Non-Meme,0.964208
sample_0195.jpg,images/sample_0195.jpg,DenseNet121,Non-Meme,1.000000
sample_0196.jpg,images/sample_0196.jpg,DenseNet121,squidward-chair,1.000000
sample_0197.jpg,images/sample_0197.jpg,DenseNet121,so-much-drama,0.999906
sample_0198.jpg,images/sample_0198.jpg,DenseNet121,Non-Meme,1.000000
sample_0199.jpg,images/sample_0199.jpg,DenseNet121,Non-Meme,1.000000
sample_0200.jpg,images/sample_0200.jpg,DenseNet121,Non-Meme,0.999986
sample_0201.jpg,images/sample_0201.jpg,DenseNet121,m08_math_is_math,1.000000
sample_0202.jpg,images/sample_0202.jpg,DenseNet121,Non-Meme,1.000000
sample_0203.jpg,images/sample_0203.jpg,DenseNet121,Non-Meme,1.000000
sample_0204.jpg,images/sample_0204.jpg,DenseNet121,be-like-bill,0.943215
sample_0205.jpg,images/sample_0205.jpg,DenseNet121,blank_comic_panel_2x2,0.845434
sample_0206.jpg,images/sample_0206.jpg,DenseNet121,Non-Meme,1.000000
sample_0207.jpg,images/sample_0207.jpg,DenseNet121,not-bad-obama,0.706123
sample_0208.jpg,images/sample_0208.jpg,DenseNet121,Non-Meme,1.000000
sample_0209.jpg,images/sample_0209.jpg,DenseNet121,Non-Meme,1.000000
sample_0210.jpg,images/sample_0210.jpg,DenseNet121,yo-dawg-heard-you,0.798775
sample_0211.jpg,images/sample_0211.jpg,DenseNet121,Non-Meme,1.000000
sample_0212.jpg,images/sample_0212.jpg,DenseNet121,thor-is-he-though,0.996400
sample_0213.jpg,images/sample_0213.jpg,DenseNet121,reaction-guys,1.000000
sample_0214.jpg,images/sample_0214.jpg,DenseNet121,Non-Meme,0.679836
sample_0215.jpg,images/sample_0215.jpg,DenseNet121,Non-Meme,1.000000
sample_0216.jpg,images/sample_0216.jpg,DenseNet121,the-scroll-of-truth,1.000000
sample_0217.jpg,images/sample_0217.jpg,DenseNet121,Non-Meme,0.978442
sample_0218.jpg,images/sample_0218.jpg,DenseNet121,Non-Meme,1.000000
sample_0219.jpg,images/sample_0219.jpg,DenseNet121,Non-Meme,1.000000
sample_0220.jpg,images/sample_0220.jpg,DenseNet121,Non-Meme,1.000000
sample_0221.jpg,images/sample_0221.jpg,DenseNet121,Non-Meme,1.000000
sample_0222.jpg,images/sample_0222.jpg,DenseNet121,did-you-mean,1.000000
sample_0223.jpg,images/sample_0223.jpg,DenseNet121,drake_hotline_bling_normal,1.000000
sample_0224.jpg,images/sample_0224.jpg,DenseNet121,Non-Meme,0.889543
sample_0225.jpg,images/sample_0225.jpg,DenseNet121,Non-Meme,1.000000
sample_0226.jpg,images/sample_0226.jpg,DenseNet121,Non-Meme,1.000000
sample_0227.jpg,images/sample_0227.jpg,DenseNet121,Non-Meme,1.000000
sample_0228.jpg,images/sample_0228.jpg,DenseNet121,Non-Meme,1.000000
sample_0229.jpg,images/sample_0229.jpg,DenseNet121,Non-Meme,0.943224
sample_0230.jpg,images/sample_0230.jpg,DenseNet121,chuck-norris,0.803117
sample_0231.jpg,images/sample_0231.jpg,DenseNet121,Non-Meme,1.000000
sample_0232.jpg,images/sample_0232.jpg,DenseNet121,Non-Meme,0.987462
sample_0233.jpg,images/sample_0233.jpg,DenseNet121,Non-Meme,1.000000
sample_0234.jpg,images/sample_0234.jpg,DenseNet121,girl-putting-tuba-on-girls-head,1.000000
sample_0235.jpg,images/sample_0235.jpg,DenseNet121,blank_white_template,0.999844
sample_0236.jpg,images/sample_0236.jpg,DenseNet121,well-yes-but-actually-no,0.999811
sample_0237.jpg,images/sample_0237.jpg,DenseNet121,Non-Meme,1.000000
sample_0238.jpg,images/sample_0238.jpg,DenseNet121,angry-npc-wojak,0.952684
sample_0239.jpg,images/sample_0239.jpg,DenseNet121,smilin-biden,0.794731
sample_0240.jpg,images/sample_0240.jpg,DenseNet121,Non-Meme,1.000000
sample_0241.jpg,images/sample_0241.jpg,DenseNet121,genie_rules_meme,0.963994
sample_0242.jpg,images/sample_0242.jpg,DenseNet121,Non-Meme,1.000000
sample_0243.jpg,images/sample_0243.jpg,DenseNet121,kermit-sipping-tea,1.000000
sample_0244.jpg,images/sample_0244.jpg,DenseNet121,Non-Meme,1.000000
sample_0245.jpg,images/sample_0245.jpg,DenseNet121,Template-Free,0.524366
sample_0246.jpg,images/sample_0246.jpg,DenseNet121,Non-Meme,1.000000
sample_0247.jpg,images/sample_0247.jpg,DenseNet121,Non-Meme,1.000000
sample_0248.jpg,images/sample_0248.jpg,DenseNet121,genie_rules_meme,0.861213
sample_0249.jpg,images/sample_0249.jpg,DenseNet121,nobody-absolutely-no-one,0.999992
sample_0250.jpg,images/sample_0250.jpg,DenseNet121,Template-Free,0.653012
sample_0251.jpg,images/sample_0251.jpg,DenseNet121,Non-Meme,1.000000
sample_0252.jpg,images/sample_0252.jpg,DenseNet121,Non-Meme,1.000000
sample_0253.jpg,images/sample_0253.jpg,DenseNet121,Non-Meme,0.992363
sample_0254.jpg,images/sample_0254.jpg,DenseNet121,Non-Meme,1.000000
sample_0255.jpg,images/sample_0255.jpg,DenseNet121,Non-Meme,0.999334
sample_0256.jpg,images/sample_0256.jpg,DenseNet121,Non-Meme,1.000000
sample_0257.jpg,images/sample_0257.jpg,DenseNet121,depends-on-the-context,1.000000
sample_0258.jpg,images/sample_0258.jpg,DenseNet121,Non-Meme,1.000000
sample_0259.jpg,images/sample_0259.jpg,DenseNet121,we-are-the-millers,1.000000
sample_0260.jpg,images/sample_0260.jpg,DenseNet121,Non-Meme,1.000000
sample_0261.jpg,images/sample_0261.jpg,DenseNet121,i-fear-no-man-but-that-thingit-scares-me,0.998055
sample_0262.jpg,images/sample_0262.jpg,DenseNet121,Non-Meme,1.000000
sample_0263.jpg,images/sample_0263.jpg,DenseNet121,Non-Meme,1.000000
sample_0264.jpg,images/sample_0264.jpg,DenseNet121,Non-Meme,1.000000
sample_0265.jpg,images/sample_0265.jpg,DenseNet121,always-has-been,0.975703
sample_0266.jpg,images/sample_0266.jpg,DenseNet121,Non-Meme,1.000000
sample_0267.jpg,images/sample_0267.jpg,DenseNet121,thor-is-he-though,0.996151
sample_0268.jpg,images/sample_0268.jpg,DenseNet121,Non-Meme,1.000000
sample_0269.jpg,images/sample_0269.jpg,DenseNet121,Non-Meme,1.000000
sample_0270.jpg,images/sample_0270.jpg,DenseNet121,Template-Free,0.593885
sample_0271.jpg,images/sample_0271.jpg,DenseNet121,Non-Meme,1.000000
sample_0272.jpg,images/sample_0272.jpg,DenseNet121,Non-Meme,1.000000
sample_0273.jpg,images/sample_0273.jpg,DenseNet121,Non-Meme,1.000000
sample_0274.jpg,images/sample_0274.jpg,DenseNet121,Non-Meme,1.000000
sample_0275.jpg,images/sample_0275.jpg,DenseNet121,black_background,1.000000
sample_0276.jpg,images/sample_0276.jpg,DenseNet121,Template-Free,0.483456
sample_0277.jpg,images/sample_0277.jpg,DenseNet121,Non-Meme,1.000000
sample_0278.jpg,images/sample_0278.jpg,DenseNet121,Non-Meme,1.000000
sample_0279.jpg,images/sample_0279.jpg,DenseNet121,redneck_randal,0.864097
sample_0280.jpg,images/sample_0280.jpg,DenseNet121,Non-Meme,0.864153
sample_0281.jpg,images/sample_0281.jpg,DenseNet121,Non-Meme,1.000000
sample_0282.jpg,images/sample_0282.jpg,DenseNet121,unsettled-tom,1.000000
sample_0283.jpg,images/sample_0283.jpg,DenseNet121,guy-getting-beat-up,0.999999
sample_0284.jpg,images/sample_0284.jpg,DenseNet121,spider-man-triple,1.000000
sample_0285.jpg,images/sample_0285.jpg,DenseNet121,smokey-the-bear,0.999999
sample_0286.jpg,images/sample_0286.jpg,DenseNet121,Non-Meme,0.999992
sample_0287.jpg,images/sample_0287.jpg,DenseNet121,Non-Meme,1.000000
sample_0288.jpg,images/sample_0288.jpg,DenseNet121,gollum,0.959064
sample_0289.jpg,images/sample_0289.jpg,DenseNet121,we-are-the-millers,1.000000
sample_0290.jpg,images/sample_0290.jpg,DenseNet121,Non-Meme,0.999999
sample_0291.jpg,images/sample_0291.jpg,DenseNet121,Non-Meme,0.999930
sample_0292.jpg,images/sample_0292.jpg,DenseNet121,be-like-bill,0.993286
sample_0293.jpg,images/sample_0293.jpg,DenseNet121,be-like-bill,0.995670
sample_0294.jpg,images/sample_0294.jpg,DenseNet121,Non-Meme,1.000000
sample_0295.jpg,images/sample_0295.jpg,DenseNet121,Template-Free,0.332425
sample_0296.jpg,images/sample_0296.jpg,DenseNet121,Non-Meme,1.000000
sample_0297.jpg,images/sample_0297.jpg,DenseNet121,Non-Meme,1.000000
sample_0298.jpg,images/sample_0298.jpg,DenseNet121,Non-Meme,1.000000
sample_0299.jpg,images/sample_0299.jpg,DenseNet121,dad_belt_template,0.826234
sample_0300.jpg,images/sample_0300.jpg,DenseNet121,Non-Meme,1.000000
sample_0301.jpg,images/sample_0301.jpg,DenseNet121,confused-gandalf,0.999985
sample_0302.jpg,images/sample_0302.jpg,DenseNet121,angry-npc-wojak,0.999954
sample_0303.jpg,images/sample_0303.jpg,DenseNet121,Non-Meme,0.999800
sample_0304.jpg,images/sample_0304.jpg,DenseNet121,Non-Meme,0.906316
sample_0305.jpg,images/sample_0305.jpg,DenseNet121,Template-Free,0.649101
sample_0306.jpg,images/sample_0306.jpg,DenseNet121,Template-Free,0.680738
sample_0307.jpg,images/sample_0307.jpg,DenseNet121,Non-Meme,0.981961
sample_0308.jpg,images/sample_0308.jpg,DenseNet121,free,0.815244
sample_0309.jpg,images/sample_0309.jpg,DenseNet121,Non-Meme,1.000000
sample_0310.jpg,images/sample_0310.jpg,DenseNet121,Non-Meme,1.000000
sample_0311.jpg,images/sample_0311.jpg,DenseNet121,Non-Meme,1.000000
sample_0312.jpg,images/sample_0312.jpg,DenseNet121,Non-Meme,1.000000
sample_0313.jpg,images/sample_0313.jpg,DenseNet121,Non-Meme,1.000000
sample_0314.jpg,images/sample_0314.jpg,DenseNet121,Non-Meme,1.000000
sample_0315.jpg,images/sample_0315.jpg,DenseNet121,i-am-inevitable,1.000000
sample_0316.jpg,images/sample_0316.jpg,DenseNet121,nobody-absolutely-no-one,0.765706
sample_0317.jpg,images/sample_0317.jpg,DenseNet121,kurt_angle_stare,0.935353
sample_0318.jpg,images/sample_0318.jpg,DenseNet121,Non-Meme,1.000000
sample_0319.jpg,images/sample_0319.jpg,DenseNet121,Non-Meme,1.000000
sample_0320.jpg,images/sample_0320.jpg,DenseNet121,Non-Meme,1.000000
sample_0321.jpg,images/sample_0321.jpg,DenseNet121,Non-Meme,0.989478
sample_0322.jpg,images/sample_0322.jpg,DenseNet121,Template-Free,0.531908
sample_0323.jpg,images/sample_0323.jpg,DenseNet121,am-i-a-joke-to-you,1.000000
sample_0324.jpg,images/sample_0324.jpg,DenseNet121,giga-chad,0.999713
sample_0325.jpg,images/sample_0325.jpg,DenseNet121,Non-Meme,1.000000
sample_0326.jpg,images/sample_0326.jpg,DenseNet121,Non-Meme,0.999835
sample_0327.jpg,images/sample_0327.jpg,DenseNet121,happy-then-sad,1.000000
sample_0328.jpg,images/sample_0328.jpg,DenseNet121,talking-to-wall,1.000000
sample_0329.jpg,images/sample_0329.jpg,DenseNet121,Template-Free,0.611931
sample_0330.jpg,images/sample_0330.jpg,DenseNet121,genie_rules_meme,0.999997
sample_0331.jpg,images/sample_0331.jpg,DenseNet121,Non-Meme,0.999590
sample_0332.jpg,images/sample_0332.jpg,DenseNet121,Non-Meme,1.000000
sample_0333.jpg,images/sample_0333.jpg,DenseNet121,bonjour,0.998970
sample_0334.jpg,images/sample_0334.jpg,DenseNet121,Non-Meme,0.999984
sample_0335.jpg,images/sample_0335.jpg,DenseNet121,Non-Meme,1.000000
sample_0336.jpg,images/sample_0336.jpg,DenseNet121,dallas-cowboys,0.999999
sample_0337.jpg,images/sample_0337.jpg,DenseNet121,Non-Meme,1.000000
sample_0338.jpg,images/sample_0338.jpg,DenseNet121,Non-Meme,1.000000
sample_0339.jpg,images/sample_0339.jpg,DenseNet121,Non-Meme,1.000000
sample_0340.jpg,images/sample_0340.jpg,DenseNet121,well-yes-but-actually-no,1.000000
sample_0341.jpg,images/sample_0341.jpg,DenseNet121,wtf,0.964233
sample_0342.jpg,images/sample_0342.jpg,DenseNet121,Non-Meme,1.000000
sample_0343.jpg,images/sample_0343.jpg,DenseNet121,black_background,1.000000
sample_0344.jpg,images/sample_0344.jpg,DenseNet121,genie_rules_meme,0.999991
sample_0345.jpg,images/sample_0345.jpg,DenseNet121,gollum,0.993675
sample_0346.jpg,images/sample_0346.jpg,DenseNet121,sad-cat-holding-dog,1.000000
sample_0347.jpg,images/sample_0347.jpg,DenseNet121,Non-Meme,0.999633
sample_0348.jpg,images/sample_0348.jpg,DenseNet121,Non-Meme,1.000000
sample_0349.jpg,images/sample_0349.jpg,DenseNet121,spongebob-vs-squidward-alarm-clocks,1.000000
sample_0350.jpg,images/sample_0350.jpg,DenseNet121,Non-Meme,0.920348
sample_0351.jpg,images/sample_0351.jpg,DenseNet121,Non-Meme,0.997775
sample_0352.jpg,images/sample_0352.jpg,DenseNet121,Non-Meme,0.999992
sample_0353.jpg,images/sample_0353.jpg,DenseNet121,bernie-sanders-once-again-asking,1.000000
sample_0354.jpg,images/sample_0354.jpg,DenseNet121,Template-Free,0.406938
sample_0355.jpg,images/sample_0355.jpg,DenseNet121,kermit-window,0.897806
sample_0356.jpg,images/sample_0356.jpg,DenseNet121,Non-Meme,1.000000
sample_0357.jpg,images/sample_0357.jpg,DenseNet121,nobody-absolutely-no-one,0.999980
sample_0358.jpg,images/sample_0358.jpg,DenseNet121,black_background,0.999861
sample_0359.jpg,images/sample_0359.jpg,DenseNet121,stonks,1.000000
sample_0360.jpg,images/sample_0360.jpg,DenseNet121,Non-Meme,0.936997
sample_0361.jpg,images/sample_0361.jpg,DenseNet121,angry-chihuahua-happy-chihuahua,0.998667
sample_0362.jpg,images/sample_0362.jpg,DenseNet121,milking-the-cow,1.000000
sample_0363.jpg,images/sample_0363.jpg,DenseNet121,two-buttons-1-blue,0.937658
sample_0364.jpg,images/sample_0364.jpg,DenseNet121,Non-Meme,0.846748
sample_0365.jpg,images/sample_0365.jpg,DenseNet121,Non-Meme,1.000000
sample_0366.jpg,images/sample_0366.jpg,DenseNet121,Non-Meme,1.000000
sample_0367.jpg,images/sample_0367.jpg,DenseNet121,Non-Meme,1.000000
sample_0368.jpg,images/sample_0368.jpg,DenseNet121,thumbs-up-rambo,0.809937
sample_0369.jpg,images/sample_0369.jpg,DenseNet121,Non-Meme,0.999740
sample_0370.jpg,images/sample_0370.jpg,DenseNet121,Non-Meme,1.000000
sample_0371.jpg,images/sample_0371.jpg,DenseNet121,Non-Meme,1.000000
sample_0372.jpg,images/sample_0372.jpg,DenseNet121,Non-Meme,1.000000
sample_0373.jpg,images/sample_0373.jpg,DenseNet121,spiderman-presentation,1.000000
sample_0374.jpg,images/sample_0374.jpg,DenseNet121,comparison-table,0.833792
sample_0375.jpg,images/sample_0375.jpg,DenseNet121,strong-dog-vs-weak-dog,1.000000
sample_0376.jpg,images/sample_0376.jpg,DenseNet121,Non-Meme,1.000000
sample_0377.jpg,images/sample_0377.jpg,DenseNet121,running-away-balloon,1.000000
sample_0378.jpg,images/sample_0378.jpg,DenseNet121,Non-Meme,0.999998
sample_0379.jpg,images/sample_0379.jpg,DenseNet121,Non-Meme,1.000000
sample_0380.jpg,images/sample_0380.jpg,DenseNet121,Non-Meme,0.999862
sample_0381.jpg,images/sample_0381.jpg,DenseNet121,Non-Meme,0.514325
sample_0382.jpg,images/sample_0382.jpg,DenseNet121,Non-Meme,1.000000
sample_0383.jpg,images/sample_0383.jpg,DenseNet121,be-like-bill,0.995247
sample_0384.jpg,images/sample_0384.jpg,DenseNet121,computer-nerd,0.844134
sample_0385.jpg,images/sample_0385.jpg,DenseNet121,Non-Meme,1.000000
sample_0386.jpg,images/sample_0386.jpg,DenseNet121,Non-Meme,1.000000
sample_0387.jpg,images/sample_0387.jpg,DenseNet121,chad_we_know,0.999997
sample_0388.jpg,images/sample_0388.jpg,DenseNet121,four-horsemen,1.000000
sample_0389.jpg,images/sample_0389.jpg,DenseNet121,Non-Meme,0.999982
sample_0390.jpg,images/sample_0390.jpg,DenseNet121,Non-Meme,0.999807
sample_0391.jpg,images/sample_0391.jpg,DenseNet121,Non-Meme,1.000000
sample_0392.jpg,images/sample_0392.jpg,DenseNet121,Non-Meme,1.000000
sample_0393.jpg,images/sample_0393.jpg,DenseNet121,Non-Meme,1.000000
sample_0394.jpg,images/sample_0394.jpg,DenseNet121,Non-Meme,1.000000
sample_0395.jpg,images/sample_0395.jpg,DenseNet121,be-like-bill,0.938122
sample_0396.jpg,images/sample_0396.jpg,DenseNet121,Non-Meme,0.893989
sample_0397.jpg,images/sample_0397.jpg,DenseNet121,Non-Meme,0.988763
sample_0398.jpg,images/sample_0398.jpg,DenseNet121,well-yes-but-actually-no,0.999993
sample_0399.jpg,images/sample_0399.jpg,DenseNet121,Non-Meme,1.000000
sample_0400.jpg,images/sample_0400.jpg,DenseNet121,Non-Meme,1.000000
sample_0401.jpg,images/sample_0401.jpg,DenseNet121,four-horsemen,0.945052
sample_0402.jpg,images/sample_0402.jpg,DenseNet121,Non-Meme,0.997629
sample_0403.jpg,images/sample_0403.jpg,DenseNet121,i-bet-hes-thinking-about-other-women,1.000000
sample_0404.jpg,images/sample_0404.jpg,DenseNet121,elmo-nuclear-explosion,0.996814
sample_0405.jpg,images/sample_0405.jpg,DenseNet121,Non-Meme,1.000000
sample_0406.jpg,images/sample_0406.jpg,DenseNet121,elon-musk-blank-tweet,1.000000
sample_0407.jpg,images/sample_0407.jpg,DenseNet121,nobody-absolutely-no-one,0.997331
sample_0408.jpg,images/sample_0408.jpg,DenseNet121,Non-Meme,0.970859
sample_0409.jpg,images/sample_0409.jpg,DenseNet121,captain-america-elevator-fight,0.998898
sample_0410.jpg,images/sample_0410.jpg,DenseNet121,Non-Meme,1.000000
sample_0411.jpg,images/sample_0411.jpg,DenseNet121,Non-Meme,1.000000
sample_0412.jpg,images/sample_0412.jpg,DenseNet121,spongebob-time-card-background,0.999911
sample_0413.jpg,images/sample_0413.jpg,DenseNet121,Non-Meme,1.000000
sample_0414.jpg,images/sample_0414.jpg,DenseNet121,Non-Meme,0.871234
sample_0415.jpg,images/sample_0415.jpg,DenseNet121,spiderman-hospital,0.994942
sample_0416.jpg,images/sample_0416.jpg,DenseNet121,Template-Free,0.529837
sample_0417.jpg,images/sample_0417.jpg,DenseNet121,Non-Meme,0.996172
sample_0418.jpg,images/sample_0418.jpg,DenseNet121,marvel-civil-war,0.999999
sample_0419.jpg,images/sample_0419.jpg,DenseNet121,Non-Meme,1.000000
sample_0420.jpg,images/sample_0420.jpg,DenseNet121,minion_in_dark_forest,1.000000
sample_0421.jpg,images/sample_0421.jpg,DenseNet121,Non-Meme,1.000000
sample_0422.jpg,images/sample_0422.jpg,DenseNet121,Non-Meme,1.000000
sample_0423.jpg,images/sample_0423.jpg,DenseNet121,Non-Meme,1.000000
sample_0424.jpg,images/sample_0424.jpg,DenseNet121,Non-Meme,0.999998
sample_0425.jpg,images/sample_0425.jpg,DenseNet121,Non-Meme,1.000000
sample_0426.jpg,images/sample_0426.jpg,DenseNet121,Template-Free,0.641907
sample_0427.jpg,images/sample_0427.jpg,DenseNet121,Non-Meme,1.000000
sample_0428.jpg,images/sample_0428.jpg,DenseNet121,Non-Meme,1.000000
sample_0429.jpg,images/sample_0429.jpg,DenseNet121,expanding-brain,0.999964
sample_0430.jpg,images/sample_0430.jpg,DenseNet121,Non-Meme,1.000000
sample_0431.jpg,images/sample_0431.jpg,DenseNet121,Non-Meme,1.000000
sample_0432.jpg,images/sample_0432.jpg,DenseNet121,genie_rules_meme,0.728128
sample_0433.jpg,images/sample_0433.jpg,DenseNet121,Non-Meme,1.000000
sample_0434.jpg,images/sample_0434.jpg,DenseNet121,Non-Meme,0.995908
sample_0435.jpg,images/sample_0435.jpg,DenseNet121,Non-Meme,1.000000
sample_0436.jpg,images/sample_0436.jpg,DenseNet121,communist_cat,1.000000
sample_0437.jpg,images/sample_0437.jpg,DenseNet121,drake_hotline_bling_normal,1.000000
sample_0438.jpg,images/sample_0438.jpg,DenseNet121,where-monkey,0.974022
sample_0439.jpg,images/sample_0439.jpg,DenseNet121,Non-Meme,1.000000
sample_0440.jpg,images/sample_0440.jpg,DenseNet121,grave_funeral,0.999595
sample_0441.jpg,images/sample_0441.jpg,DenseNet121,Template-Free,0.588537
sample_0442.jpg,images/sample_0442.jpg,DenseNet121,keep-calm-and-carry-on-purple,0.999331
sample_0443.jpg,images/sample_0443.jpg,DenseNet121,four-horsemen,1.000000
sample_0444.jpg,images/sample_0444.jpg,DenseNet121,drake_hotline_bling_normal,1.000000
sample_0445.jpg,images/sample_0445.jpg,DenseNet121,ted,0.998544
sample_0446.jpg,images/sample_0446.jpg,DenseNet121,Non-Meme,1.000000
sample_0447.jpg,images/sample_0447.jpg,DenseNet121,Non-Meme,1.000000
sample_0448.jpg,images/sample_0448.jpg,DenseNet121,Non-Meme,1.000000
sample_0449.jpg,images/sample_0449.jpg,DenseNet121,m23_close_enough_rage_face,0.986069
sample_0450.jpg,images/sample_0450.jpg,DenseNet121,elon-musk-blank-tweet,0.999998
sample_0451.jpg,images/sample_0451.jpg,DenseNet121,nobody-absolutely-no-one,0.999985
sample_0452.jpg,images/sample_0452.jpg,DenseNet121,Template-Free,0.663560
sample_0453.jpg,images/sample_0453.jpg,DenseNet121,Non-Meme,0.720100
sample_0454.jpg,images/sample_0454.jpg,DenseNet121,Non-Meme,1.000000
sample_0455.jpg,images/sample_0455.jpg,DenseNet121,always-has-been,0.737327
sample_0456.jpg,images/sample_0456.jpg,DenseNet121,Non-Meme,1.000000
sample_0457.jpg,images/sample_0457.jpg,DenseNet121,Non-Meme,0.999998
sample_0458.jpg,images/sample_0458.jpg,DenseNet121,Non-Meme,1.000000
sample_0459.jpg,images/sample_0459.jpg,DenseNet121,Non-Meme,0.999976
sample_0460.jpg,images/sample_0460.jpg,DenseNet121,drake_hotline_bling_normal,1.000000
sample_0461.jpg,images/sample_0461.jpg,DenseNet121,mother-ignoring-kid-drowning-in-a-pool,1.000000
sample_0462.jpg,images/sample_0462.jpg,DenseNet121,tuxedo-winnie-the-pooh-3-panel,0.730132
sample_0463.jpg,images/sample_0463.jpg,DenseNet121,x-x-everywhere,0.997333
sample_0464.jpg,images/sample_0464.jpg,DenseNet121,Non-Meme,0.999339
sample_0465.jpg,images/sample_0465.jpg,DenseNet121,bird-box,0.997231
sample_0466.jpg,images/sample_0466.jpg,DenseNet121,you-like-krabby-patties,1.000000
sample_0467.jpg,images/sample_0467.jpg,DenseNet121,adios,1.000000
sample_0468.jpg,images/sample_0468.jpg,DenseNet121,Non-Meme,0.617649
sample_0469.jpg,images/sample_0469.jpg,DenseNet121,angry-flower,1.000000
sample_0470.jpg,images/sample_0470.jpg,DenseNet121,Non-Meme,1.000000
sample_0471.jpg,images/sample_0471.jpg,DenseNet121,Non-Meme,0.999370
sample_0472.jpg,images/sample_0472.jpg,DenseNet121,Non-Meme,1.000000
sample_0473.jpg,images/sample_0473.jpg,DenseNet121,Non-Meme,0.999879
sample_0474.jpg,images/sample_0474.jpg,DenseNet121,its-free-real-estate,1.000000
sample_0475.jpg,images/sample_0475.jpg,DenseNet121,afraid-to-ask-andy,0.973960
sample_0476.jpg,images/sample_0476.jpg,DenseNet121,Non-Meme,1.000000
sample_0477.jpg,images/sample_0477.jpg,DenseNet121,Non-Meme,1.000000
sample_0478.jpg,images/sample_0478.jpg,DenseNet121,Non-Meme,1.000000
sample_0479.jpg,images/sample_0479.jpg,DenseNet121,Non-Meme,1.000000
sample_0480.jpg,images/sample_0480.jpg,DenseNet121,Non-Meme,1.000000
sample_0481.jpg,images/sample_0481.jpg,DenseNet121,Non-Meme,1.000000
sample_0482.jpg,images/sample_0482.jpg,DenseNet121,ew-i-stepped-in-shit,1.000000
sample_0483.jpg,images/sample_0483.jpg,DenseNet121,mr-krabs-blur-meme,0.811228
sample_0484.jpg,images/sample_0484.jpg,DenseNet121,Non-Meme,0.736953
sample_0485.jpg,images/sample_0485.jpg,DenseNet121,blinking-guy,1.000000
sample_0486.jpg,images/sample_0486.jpg,DenseNet121,pink-guy-vs-bane,1.000000
sample_0487.jpg,images/sample_0487.jpg,DenseNet121,ted,0.999669
sample_0488.jpg,images/sample_0488.jpg,DenseNet121,Non-Meme,0.995364
sample_0489.jpg,images/sample_0489.jpg,DenseNet121,Non-Meme,1.000000
sample_0490.jpg,images/sample_0490.jpg,DenseNet121,tom-the-cat-shooting-himself,0.999983
sample_0491.jpg,images/sample_0491.jpg,DenseNet121,lisa-simpsons-presentation,1.000000
sample_0492.jpg,images/sample_0492.jpg,DenseNet121,Non-Meme,1.000000
sample_0493.jpg,images/sample_0493.jpg,DenseNet121,Non-Meme,1.000000
sample_0494.jpg,images/sample_0494.jpg,DenseNet121,huell-money,0.999878
sample_0495.jpg,images/sample_0495.jpg,DenseNet121,and-thats-a-fact,0.999832
sample_0496.jpg,images/sample_0496.jpg,DenseNet121,elon-musk-blank-tweet,0.999786
sample_0497.jpg,images/sample_0497.jpg,DenseNet121,blank_white_template,0.730897
sample_0498.jpg,images/sample_0498.jpg,DenseNet121,Non-Meme,1.000000
sample_0499.jpg,images/sample_0499.jpg,DenseNet121,huell-money,0.999949
sample_0500.jpg,images/sample_0500.jpg,DenseNet121,Non-Meme,1.000000
sample_0501.jpg,images/sample_0501.jpg,DenseNet121,master_oogway,0.947942
sample_0502.jpg,images/sample_0502.jpg,DenseNet121,blinking-guy,1.000000
sample_0503.jpg,images/sample_0503.jpg,DenseNet121,four-horsemen,0.999342
sample_0504.jpg,images/sample_0504.jpg,DenseNet121,Non-Meme,1.000000
sample_0505.jpg,images/sample_0505.jpg,DenseNet121,Non-Meme,1.000000
sample_0506.jpg,images/sample_0506.jpg,DenseNet121,Non-Meme,1.000000
sample_0507.jpg,images/sample_0507.jpg,DenseNet121,computer-guy-facepalm,0.855979
sample_0508.jpg,images/sample_0508.jpg,DenseNet121,Non-Meme,0.999997
sample_0509.jpg,images/sample_0509.jpg,DenseNet121,Non-Meme,1.000000
sample_0510.jpg,images/sample_0510.jpg,DenseNet121,iceberg,0.999695
sample_0511.jpg,images/sample_0511.jpg,DenseNet121,Non-Meme,1.000000
sample_0512.jpg,images/sample_0512.jpg,DenseNet121,Non-Meme,1.000000
sample_0513.jpg,images/sample_0513.jpg,DenseNet121,nobody-is-born-cool,0.997707
sample_0514.jpg,images/sample_0514.jpg,DenseNet121,all_right_then_keep_your_secrets,0.764386
sample_0515.jpg,images/sample_0515.jpg,DenseNet121,m06_change_my_mind,1.000000
sample_0516.jpg,images/sample_0516.jpg,DenseNet121,Non-Meme,1.000000
sample_0517.jpg,images/sample_0517.jpg,DenseNet121,Non-Meme,0.999997
sample_0518.jpg,images/sample_0518.jpg,DenseNet121,Non-Meme,1.000000
sample_0519.jpg,images/sample_0519.jpg,DenseNet121,windows-error-message,0.915142
sample_0520.jpg,images/sample_0520.jpg,DenseNet121,chocolate_spongebob,0.901396
sample_0521.jpg,images/sample_0521.jpg,DenseNet121,Non-Meme,0.999941
sample_0522.jpg,images/sample_0522.jpg,DenseNet121,lisa-simpsons-presentation,1.000000
sample_0523.jpg,images/sample_0523.jpg,DenseNet121,bad_wife_worse_mom,0.998695
sample_0524.jpg,images/sample_0524.jpg,DenseNet121,Non-Meme,1.000000
sample_0525.jpg,images/sample_0525.jpg,DenseNet121,Non-Meme,0.838272
sample_0526.jpg,images/sample_0526.jpg,DenseNet121,Non-Meme,1.000000
sample_0527.jpg,images/sample_0527.jpg,DenseNet121,george-bush,0.999786
sample_0528.jpg,images/sample_0528.jpg,DenseNet121,Non-Meme,1.000000
sample_0529.jpg,images/sample_0529.jpg,DenseNet121,Non-Meme,1.000000
sample_0530.jpg,images/sample_0530.jpg,DenseNet121,Non-Meme,0.999931
sample_0531.jpg,images/sample_0531.jpg,DenseNet121,Non-Meme,0.999982
sample_0532.jpg,images/sample_0532.jpg,DenseNet121,Non-Meme,1.000000
sample_0533.jpg,images/sample_0533.jpg,DenseNet121,creepy-condescending-wonka,1.000000
sample_0534.jpg,images/sample_0534.jpg,DenseNet121,well-yes-but-actually-no,1.000000
sample_0535.jpg,images/sample_0535.jpg,DenseNet121,trap_card,0.999994
sample_0536.jpg,images/sample_0536.jpg,DenseNet121,Non-Meme,1.000000
sample_0537.jpg,images/sample_0537.jpg,DenseNet121,drake_hotline_bling_normal,1.000000
sample_0538.jpg,images/sample_0538.jpg,DenseNet121,did-you-mean,1.000000
sample_0539.jpg,images/sample_0539.jpg,DenseNet121,Non-Meme,1.000000
sample_0540.jpg,images/sample_0540.jpg,DenseNet121,Non-Meme,0.499901
sample_0541.jpg,images/sample_0541.jpg,DenseNet121,banned-from-roblox,1.000000
sample_0542.jpg,images/sample_0542.jpg,DenseNet121,yo-dawg-heard-you,0.999994
sample_0543.jpg,images/sample_0543.jpg,DenseNet121,Non-Meme,0.999992
sample_0544.jpg,images/sample_0544.jpg,DenseNet121,elon-musk-blank-tweet,0.999985
sample_0545.jpg,images/sample_0545.jpg,DenseNet121,minion_in_dark_forest,0.999746
sample_0546.jpg,images/sample_0546.jpg,DenseNet121,Non-Meme,1.000000
sample_0547.jpg,images/sample_0547.jpg,DenseNet121,nobody-absolutely-no-one,0.990724
sample_0548.jpg,images/sample_0548.jpg,DenseNet121,spongebob-vs-squidward-alarm-clocks,0.958743
sample_0549.jpg,images/sample_0549.jpg,DenseNet121,afraid-to-ask-andy,1.000000
sample_0550.jpg,images/sample_0550.jpg,DenseNet121,Non-Meme,1.000000
sample_0551.jpg,images/sample_0551.jpg,DenseNet121,Non-Meme,0.995850
sample_0552.jpg,images/sample_0552.jpg,DenseNet121,Non-Meme,1.000000
sample_0553.jpg,images/sample_0553.jpg,DenseNet121,unsettled-tom,1.000000
sample_0554.jpg,images/sample_0554.jpg,DenseNet121,Non-Meme,1.000000
sample_0555.jpg,images/sample_0555.jpg,DenseNet121,squidward-chair,1.000000
sample_0556.jpg,images/sample_0556.jpg,DenseNet121,blinking-guy,0.999964
sample_0557.jpg,images/sample_0557.jpg,DenseNet121,Non-Meme,1.000000
sample_0558.jpg,images/sample_0558.jpg,DenseNet121,make_your_own_meme,0.996187
sample_0559.jpg,images/sample_0559.jpg,DenseNet121,free,0.996982
sample_0560.jpg,images/sample_0560.jpg,DenseNet121,jackie-chan-wtf,0.912385
sample_0561.jpg,images/sample_0561.jpg,DenseNet121,oliver-twist-please-sir,0.932268
sample_0562.jpg,images/sample_0562.jpg,DenseNet121,Non-Meme,1.000000
sample_0563.jpg,images/sample_0563.jpg,DenseNet121,Non-Meme,1.000000
sample_0564.jpg,images/sample_0564.jpg,DenseNet121,michael-jackson-eating-popcorn,0.988182
sample_0565.jpg,images/sample_0565.jpg,DenseNet121,be-like-bill,0.930236
sample_0566.jpg,images/sample_0566.jpg,DenseNet121,smilin-biden,1.000000
sample_0567.jpg,images/sample_0567.jpg,DenseNet121,Non-Meme,1.000000
sample_0568.jpg,images/sample_0568.jpg,DenseNet121,am-i-a-joke-to-you,0.881584
sample_0569.jpg,images/sample_0569.jpg,DenseNet121,chuck-norris-finger,0.999779
sample_0570.jpg,images/sample_0570.jpg,DenseNet121,Non-Meme,1.000000
sample_0571.jpg,images/sample_0571.jpg,DenseNet121,Non-Meme,1.000000
sample_0572.jpg,images/sample_0572.jpg,DenseNet121,Non-Meme,1.000000
sample_0573.jpg,images/sample_0573.jpg,DenseNet121,Template-Free,0.643038
sample_0574.jpg,images/sample_0574.jpg,DenseNet121,Template-Free,0.507427
sample_0575.jpg,images/sample_0575.jpg,DenseNet121,Non-Meme,1.000000
sample_0576.jpg,images/sample_0576.jpg,DenseNet121,Non-Meme,1.000000
sample_0577.jpg,images/sample_0577.jpg,DenseNet121,Non-Meme,1.000000
sample_0578.jpg,images/sample_0578.jpg,DenseNet121,Non-Meme,0.564359
sample_0579.jpg,images/sample_0579.jpg,DenseNet121,blank-starter-pack,1.000000
sample_0580.jpg,images/sample_0580.jpg,DenseNet121,nerd-emoji,0.841741
sample_0581.jpg,images/sample_0581.jpg,DenseNet121,no_yes_lady,0.999999
sample_0582.jpg,images/sample_0582.jpg,DenseNet121,Non-Meme,0.997800
sample_0583.jpg,images/sample_0583.jpg,DenseNet121,lisa-simpsons-presentation,1.000000
sample_0584.jpg,images/sample_0584.jpg,DenseNet121,Template-Free,0.665725
sample_0585.jpg,images/sample_0585.jpg,DenseNet121,Non-Meme,1.000000
sample_0586.jpg,images/sample_0586.jpg,DenseNet121,Non-Meme,1.000000
sample_0587.jpg,images/sample_0587.jpg,DenseNet121,Template-Free,0.543448
sample_0588.jpg,images/sample_0588.jpg,DenseNet121,Non-Meme,1.000000
sample_0589.jpg,images/sample_0589.jpg,DenseNet121,today-was-a-good-day,0.999972
sample_0590.jpg,images/sample_0590.jpg,DenseNet121,Non-Meme,1.000000
sample_0591.jpg,images/sample_0591.jpg,DenseNet121,Non-Meme,0.982324
sample_0592.jpg,images/sample_0592.jpg,DenseNet121,Non-Meme,1.000000
sample_0593.jpg,images/sample_0593.jpg,DenseNet121,Non-Meme,1.000000
sample_0594.jpg,images/sample_0594.jpg,DenseNet121,mozart_not_sure,0.966224
sample_0595.jpg,images/sample_0595.jpg,DenseNet121,Non-Meme,0.998942
sample_0596.jpg,images/sample_0596.jpg,DenseNet121,listen-here-you-little-shit-bird,1.000000
sample_0597.jpg,images/sample_0597.jpg,DenseNet121,Non-Meme,1.000000
sample_0598.jpg,images/sample_0598.jpg,DenseNet121,sitting_wolf,0.969284
sample_0599.jpg,images/sample_0599.jpg,DenseNet121,Non-Meme,1.000000
sample_0600.jpg,images/sample_0600.jpg,DenseNet121,Non-Meme,1.000000
sample_0601.jpg,images/sample_0601.jpg,DenseNet121,Non-Meme,1.000000
sample_0602.jpg,images/sample_0602.jpg,DenseNet121,Non-Meme,1.000000
sample_0603.jpg,images/sample_0603.jpg,DenseNet121,genie_rules_meme,0.999585
sample_0604.jpg,images/sample_0604.jpg,DenseNet121,no_yes_lady,0.956320
sample_0605.jpg,images/sample_0605.jpg,DenseNet121,Non-Meme,0.983444
sample_0606.jpg,images/sample_0606.jpg,DenseNet121,patrick-smart-dumb,0.969266
sample_0607.jpg,images/sample_0607.jpg,DenseNet121,blank-nut-button,1.000000
sample_0608.jpg,images/sample_0608.jpg,DenseNet121,what-do-we-want,0.999878
sample_0609.jpg,images/sample_0609.jpg,DenseNet121,i-have-no-idea-what-i-am-doing-dog,1.000000
sample_0610.jpg,images/sample_0610.jpg,DenseNet121,Non-Meme,0.999975
sample_0611.jpg,images/sample_0611.jpg,DenseNet121,Non-Meme,1.000000
sample_0612.jpg,images/sample_0612.jpg,DenseNet121,Template-Free,0.512745
sample_0613.jpg,images/sample_0613.jpg,DenseNet121,nobody-absolutely-no-one,1.000000
sample_0614.jpg,images/sample_0614.jpg,DenseNet121,Non-Meme,1.000000
sample_0615.jpg,images/sample_0615.jpg,DenseNet121,eric-andre-let-me-in-meme,0.964286
sample_0616.jpg,images/sample_0616.jpg,DenseNet121,Non-Meme,0.999994
sample_0617.jpg,images/sample_0617.jpg,DenseNet121,Non-Meme,1.000000
sample_0618.jpg,images/sample_0618.jpg,DenseNet121,nobody-absolutely-no-one,0.751651
sample_0619.jpg,images/sample_0619.jpg,DenseNet121,Non-Meme,0.999357
sample_0620.jpg,images/sample_0620.jpg,DenseNet121,Non-Meme,1.000000
sample_0621.jpg,images/sample_0621.jpg,DenseNet121,Non-Meme,0.999967
sample_0622.jpg,images/sample_0622.jpg,DenseNet121,Non-Meme,1.000000
sample_0623.jpg,images/sample_0623.jpg,DenseNet121,Non-Meme,1.000000
sample_0624.jpg,images/sample_0624.jpg,DenseNet121,Non-Meme,1.000000
sample_0625.jpg,images/sample_0625.jpg,DenseNet121,what-are-you-in-for,0.933039
sample_0626.jpg,images/sample_0626.jpg,DenseNet121,grave_funeral,0.999789
sample_0627.jpg,images/sample_0627.jpg,DenseNet121,nobody-absolutely-no-one,0.988509
sample_0628.jpg,images/sample_0628.jpg,DenseNet121,Non-Meme,1.000000
sample_0629.jpg,images/sample_0629.jpg,DenseNet121,Non-Meme,0.987365
sample_0630.jpg,images/sample_0630.jpg,DenseNet121,bonjour,0.988759
sample_0631.jpg,images/sample_0631.jpg,DenseNet121,Non-Meme,1.000000
sample_0632.jpg,images/sample_0632.jpg,DenseNet121,Non-Meme,1.000000
sample_0633.jpg,images/sample_0633.jpg,DenseNet121,Non-Meme,0.903775
sample_0634.jpg,images/sample_0634.jpg,DenseNet121,licking_lips,0.998975
sample_0635.jpg,images/sample_0635.jpg,DenseNet121,actual-advice-mallard,1.000000
sample_0636.jpg,images/sample_0636.jpg,DenseNet121,Template-Free,0.649623
sample_0637.jpg,images/sample_0637.jpg,DenseNet121,Template-Free,0.579402
sample_0638.jpg,images/sample_0638.jpg,DenseNet121,Non-Meme,0.999453
sample_0639.jpg,images/sample_0639.jpg,DenseNet121,Non-Meme,1.000000
sample_0640.jpg,images/sample_0640.jpg,DenseNet121,dead-baby-voldemort-what-happened-to-him,1.000000
sample_0641.jpg,images/sample_0641.jpg,DenseNet121,m15_homer_bush,1.000000
sample_0642.jpg,images/sample_0642.jpg,DenseNet121,Non-Meme,1.000000
sample_0643.jpg,images/sample_0643.jpg,DenseNet121,disloyal-boyfriend,1.000000
sample_0644.jpg,images/sample_0644.jpg,DenseNet121,Non-Meme,1.000000
sample_0645.jpg,images/sample_0645.jpg,DenseNet121,disappearing,1.000000
sample_0646.jpg,images/sample_0646.jpg,DenseNet121,Non-Meme,0.985320
sample_0647.jpg,images/sample_0647.jpg,DenseNet121,arthur-fist,0.999991
sample_0648.jpg,images/sample_0648.jpg,DenseNet121,panik-kalm-panik,1.000000
sample_0649.jpg,images/sample_0649.jpg,DenseNet121,panik-kalm-panik,1.000000
sample_0650.jpg,images/sample_0650.jpg,DenseNet121,Non-Meme,0.994963
sample_0651.jpg,images/sample_0651.jpg,DenseNet121,Non-Meme,1.000000
sample_0652.jpg,images/sample_0652.jpg,DenseNet121,genie_rules_meme,0.997874
sample_0653.jpg,images/sample_0653.jpg,DenseNet121,anime-girl-hiding-from-terminator,1.000000
sample_0654.jpg,images/sample_0654.jpg,DenseNet121,Non-Meme,0.795026
sample_0655.jpg,images/sample_0655.jpg,DenseNet121,Non-Meme,0.999943
sample_0656.jpg,images/sample_0656.jpg,DenseNet121,Non-Meme,1.000000
sample_0657.jpg,images/sample_0657.jpg,DenseNet121,smilin-biden,0.998624
sample_0658.jpg,images/sample_0658.jpg,DenseNet121,Non-Meme,1.000000
sample_0659.jpg,images/sample_0659.jpg,DenseNet121,black_box_meme,1.000000
sample_0660.jpg,images/sample_0660.jpg,DenseNet121,angry-npc-wojak,0.998686
sample_0661.jpg,images/sample_0661.jpg,DenseNet121,Non-Meme,1.000000
sample_0662.jpg,images/sample_0662.jpg,DenseNet121,genie_rules_meme,0.926269
sample_0663.jpg,images/sample_0663.jpg,DenseNet121,Non-Meme,1.000000
sample_0664.jpg,images/sample_0664.jpg,DenseNet121,Non-Meme,1.000000
sample_0665.jpg,images/sample_0665.jpg,DenseNet121,Non-Meme,0.999999
sample_0666.jpg,images/sample_0666.jpg,DenseNet121,darth-vader,0.999781
sample_0667.jpg,images/sample_0667.jpg,DenseNet121,Non-Meme,1.000000
sample_0668.jpg,images/sample_0668.jpg,DenseNet121,Template-Free,0.479373
sample_0669.jpg,images/sample_0669.jpg,DenseNet121,Non-Meme,1.000000
sample_0670.jpg,images/sample_0670.jpg,DenseNet121,Non-Meme,1.000000
sample_0671.jpg,images/sample_0671.jpg,DenseNet121,Non-Meme,1.000000
sample_0672.jpg,images/sample_0672.jpg,DenseNet121,bad-advice-cat,1.000000
sample_0673.jpg,images/sample_0673.jpg,DenseNet121,Non-Meme,0.889671
sample_0674.jpg,images/sample_0674.jpg,DenseNet121,realistic-red-angry-birds,0.870006
sample_0675.jpg,images/sample_0675.jpg,DenseNet121,Non-Meme,1.000000
sample_0676.jpg,images/sample_0676.jpg,DenseNet121,Non-Meme,1.000000
sample_0677.jpg,images/sample_0677.jpg,DenseNet121,Non-Meme,1.000000
sample_0678.jpg,images/sample_0678.jpg,DenseNet121,doge,1.000000
sample_0679.jpg,images/sample_0679.jpg,DenseNet121,well-yes-but-actually-no,0.995151
sample_0680.jpg,images/sample_0680.jpg,DenseNet121,Non-Meme,1.000000
sample_0681.jpg,images/sample_0681.jpg,DenseNet121,Non-Meme,1.000000
sample_0682.jpg,images/sample_0682.jpg,DenseNet121,Non-Meme,1.000000
sample_0683.jpg,images/sample_0683.jpg,DenseNet121,Non-Meme,0.953193
sample_0684.jpg,images/sample_0684.jpg,DenseNet121,expanding-brain-3-panels,0.999992
sample_0685.jpg,images/sample_0685.jpg,DenseNet121,Non-Meme,1.000000
sample_0686.jpg,images/sample_0686.jpg,DenseNet121,annoyed-bird,0.787591
sample_0687.jpg,images/sample_0687.jpg,DenseNet121,genie_rules_meme,0.936998
sample_0688.jpg,images/sample_0688.jpg,DenseNet121,Non-Meme,0.999964
sample_0689.jpg,images/sample_0689.jpg,DenseNet121,make_your_own_meme,1.000000
sample_0690.jpg,images/sample_0690.jpg,DenseNet121,all_right_then_keep_your_secrets,0.992443
sample_0691.jpg,images/sample_0691.jpg,DenseNet121,success-kid-original,0.999993
sample_0692.jpg,images/sample_0692.jpg,DenseNet121,Non-Meme,1.000000
sample_0693.jpg,images/sample_0693.jpg,DenseNet121,Non-Meme,1.000000
sample_0694.jpg,images/sample_0694.jpg,DenseNet121,Non-Meme,1.000000
sample_0695.jpg,images/sample_0695.jpg,DenseNet121,grave-spongebob,1.000000
sample_0696.jpg,images/sample_0696.jpg,DenseNet121,Non-Meme,1.000000
sample_0697.jpg,images/sample_0697.jpg,DenseNet121,Non-Meme,1.000000
sample_0698.jpg,images/sample_0698.jpg,DenseNet121,Non-Meme,1.000000
sample_0699.jpg,images/sample_0699.jpg,DenseNet121,Non-Meme,1.000000
sample_0700.jpg,images/sample_0700.jpg,DenseNet121,Non-Meme,1.000000
sample_0701.jpg,images/sample_0701.jpg,DenseNet121,tuxedo-winnie-the-pooh,0.999976
sample_0702.jpg,images/sample_0702.jpg,DenseNet121,Non-Meme,0.999969
sample_0703.jpg,images/sample_0703.jpg,DenseNet121,Non-Meme,0.999999
sample_0704.jpg,images/sample_0704.jpg,DenseNet121,Non-Meme,1.000000
sample_0705.jpg,images/sample_0705.jpg,DenseNet121,Template-Free,0.588438
sample_0706.jpg,images/sample_0706.jpg,DenseNet121,Non-Meme,0.989162
sample_0707.jpg,images/sample_0707.jpg,DenseNet121,huell-money,0.817548
sample_0708.jpg,images/sample_0708.jpg,DenseNet121,Template-Free,0.455775
sample_0709.jpg,images/sample_0709.jpg,DenseNet121,Non-Meme,1.000000
sample_0710.jpg,images/sample_0710.jpg,DenseNet121,Non-Meme,0.999615
sample_0711.jpg,images/sample_0711.jpg,DenseNet121,drake_hotline_bling_normal,0.999997
sample_0712.jpg,images/sample_0712.jpg,DenseNet121,happy-then-sad,1.000000
sample_0713.jpg,images/sample_0713.jpg,DenseNet121,be-like-bill,1.000000
sample_0714.jpg,images/sample_0714.jpg,DenseNet121,Non-Meme,0.909825
sample_0715.jpg,images/sample_0715.jpg,DenseNet121,nobody-absolutely-no-one,0.999143
sample_0716.jpg,images/sample_0716.jpg,DenseNet121,four-horsemen,0.993032
sample_0717.jpg,images/sample_0717.jpg,DenseNet121,Non-Meme,0.980907
sample_0718.jpg,images/sample_0718.jpg,DenseNet121,Non-Meme,1.000000
sample_0719.jpg,images/sample_0719.jpg,DenseNet121,Non-Meme,0.657991
sample_0720.jpg,images/sample_0720.jpg,DenseNet121,assassination-chain,1.000000
sample_0721.jpg,images/sample_0721.jpg,DenseNet121,Non-Meme,1.000000
sample_0722.jpg,images/sample_0722.jpg,DenseNet121,Non-Meme,1.000000
sample_0723.jpg,images/sample_0723.jpg,DenseNet121,Non-Meme,0.808893
sample_0724.jpg,images/sample_0724.jpg,DenseNet121,iceberg,1.000000
sample_0725.jpg,images/sample_0725.jpg,DenseNet121,Non-Meme,0.999042
sample_0726.jpg,images/sample_0726.jpg,DenseNet121,Non-Meme,1.000000
sample_0727.jpg,images/sample_0727.jpg,DenseNet121,bart-hitting-homer-with-a-chair,0.999519
sample_0728.jpg,images/sample_0728.jpg,DenseNet121,Non-Meme,0.999999
sample_0729.jpg,images/sample_0729.jpg,DenseNet121,Non-Meme,1.000000
sample_0730.jpg,images/sample_0730.jpg,DenseNet121,Non-Meme,1.000000
sample_0731.jpg,images/sample_0731.jpg,DenseNet121,vince-mcmahon-reaction-wglowing-eyes,1.000000
sample_0732.jpg,images/sample_0732.jpg,DenseNet121,be-like-bill,1.000000
sample_0733.jpg,images/sample_0733.jpg,DenseNet121,Template-Free,0.517737
sample_0734.jpg,images/sample_0734.jpg,DenseNet121,Non-Meme,0.999766
sample_0735.jpg,images/sample_0735.jpg,DenseNet121,Non-Meme,1.000000
sample_0736.jpg,images/sample_0736.jpg,DenseNet121,panik-kalm-panik,1.000000
sample_0737.jpg,images/sample_0737.jpg,DenseNet121,Non-Meme,1.000000
sample_0738.jpg,images/sample_0738.jpg,DenseNet121,spongebob_hype_stand,1.000000
sample_0739.jpg,images/sample_0739.jpg,DenseNet121,black_background,0.999912
sample_0740.jpg,images/sample_0740.jpg,DenseNet121,Non-Meme,0.656301
sample_0741.jpg,images/sample_0741.jpg,DenseNet121,Non-Meme,0.999516
sample_0742.jpg,images/sample_0742.jpg,DenseNet121,Non-Meme,0.999997
sample_0743.jpg,images/sample_0743.jpg,DenseNet121,Non-Meme,0.999372
sample_0744.jpg,images/sample_0744.jpg,DenseNet121,Non-Meme,0.989315
sample_0745.jpg,images/sample_0745.jpg,DenseNet121,Non-Meme,0.999992
sample_0746.jpg,images/sample_0746.jpg,DenseNet121,Non-Meme,0.996417
sample_0747.jpg,images/sample_0747.jpg,DenseNet121,s09_blank_blue_colored_family,0.999718
sample_0748.jpg,images/sample_0748.jpg,DenseNet121,Non-Meme,0.999999
sample_0749.jpg,images/sample_0749.jpg,DenseNet121,Template-Free,0.661638
sample_0750.jpg,images/sample_0750.jpg,DenseNet121,Non-Meme,0.978674
sample_0751.jpg,images/sample_0751.jpg,DenseNet121,did-you-mean,0.978098
sample_0752.jpg,images/sample_0752.jpg,DenseNet121,Non-Meme,1.000000
sample_0753.jpg,images/sample_0753.jpg,DenseNet121,its-not-going-to-happen,1.000000
sample_0754.jpg,images/sample_0754.jpg,DenseNet121,a-ustedes-les-pagan,1.000000
sample_0755.jpg,images/sample_0755.jpg,DenseNet121,Non-Meme,1.000000
sample_0756.jpg,images/sample_0756.jpg,DenseNet121,Non-Meme,1.000000
sample_0757.jpg,images/sample_0757.jpg,DenseNet121,four-horsemen,0.999646
sample_0758.jpg,images/sample_0758.jpg,DenseNet121,Non-Meme,1.000000
sample_0759.jpg,images/sample_0759.jpg,DenseNet121,Non-Meme,0.999997
sample_0760.jpg,images/sample_0760.jpg,DenseNet121,goku_staring,0.961548
sample_0761.jpg,images/sample_0761.jpg,DenseNet121,tuxedo-winnie-the-pooh,1.000000
sample_0762.jpg,images/sample_0762.jpg,DenseNet121,blinking-guy,1.000000
sample_0763.jpg,images/sample_0763.jpg,DenseNet121,Non-Meme,1.000000
sample_0764.jpg,images/sample_0764.jpg,DenseNet121,Non-Meme,0.999991
sample_0765.jpg,images/sample_0765.jpg,DenseNet121,Non-Meme,1.000000
sample_0766.jpg,images/sample_0766.jpg,DenseNet121,Non-Meme,0.978750
sample_0767.jpg,images/sample_0767.jpg,DenseNet121,Non-Meme,0.831455
sample_0768.jpg,images/sample_0768.jpg,DenseNet121,skeletor-disturbing-facts,1.000000
sample_0769.jpg,images/sample_0769.jpg,DenseNet121,Non-Meme,1.000000
sample_0770.jpg,images/sample_0770.jpg,DenseNet121,Non-Meme,1.000000
sample_0771.jpg,images/sample_0771.jpg,DenseNet121,Non-Meme,0.996002
sample_0772.jpg,images/sample_0772.jpg,DenseNet121,la-vieja-confiable,1.000000
sample_0773.jpg,images/sample_0773.jpg,DenseNet121,Non-Meme,0.999993
sample_0774.jpg,images/sample_0774.jpg,DenseNet121,Non-Meme,1.000000
sample_0775.jpg,images/sample_0775.jpg,DenseNet121,Non-Meme,1.000000
sample_0776.jpg,images/sample_0776.jpg,DenseNet121,damn-got-hands,1.000000
sample_0777.jpg,images/sample_0777.jpg,DenseNet121,Non-Meme,1.000000
sample_0778.jpg,images/sample_0778.jpg,DenseNet121,Non-Meme,1.000000
sample_0779.jpg,images/sample_0779.jpg,DenseNet121,pepe-the-frog,0.989353
sample_0780.jpg,images/sample_0780.jpg,DenseNet121,persian_cat_room_guardian,0.998920
sample_0781.jpg,images/sample_0781.jpg,DenseNet121,Non-Meme,0.915018
sample_0782.jpg,images/sample_0782.jpg,DenseNet121,drake_hotline_bling_normal,1.000000
sample_0783.jpg,images/sample_0783.jpg,DenseNet121,Non-Meme,1.000000
sample_0784.jpg,images/sample_0784.jpg,DenseNet121,Non-Meme,1.000000
sample_0785.jpg,images/sample_0785.jpg,DenseNet121,limmy-waking-up,0.969067
sample_0786.jpg,images/sample_0786.jpg,DenseNet121,Non-Meme,0.999984
sample_0787.jpg,images/sample_0787.jpg,DenseNet121,Non-Meme,1.000000
sample_0788.jpg,images/sample_0788.jpg,DenseNet121,Non-Meme,1.000000
sample_0789.jpg,images/sample_0789.jpg,DenseNet121,stonks,1.000000
sample_0790.jpg,images/sample_0790.jpg,DenseNet121,Non-Meme,1.000000
sample_0791.jpg,images/sample_0791.jpg,DenseNet121,Non-Meme,1.000000
sample_0792.jpg,images/sample_0792.jpg,DenseNet121,expanding-brain,1.000000
sample_0793.jpg,images/sample_0793.jpg,DenseNet121,Non-Meme,1.000000
sample_0794.jpg,images/sample_0794.jpg,DenseNet121,Non-Meme,0.914951
sample_0795.jpg,images/sample_0795.jpg,DenseNet121,Non-Meme,1.000000
sample_0796.jpg,images/sample_0796.jpg,DenseNet121,Non-Meme,0.999829
sample_0797.jpg,images/sample_0797.jpg,DenseNet121,Non-Meme,0.994853
sample_0798.jpg,images/sample_0798.jpg,DenseNet121,genie_rules_meme,0.940398
sample_0799.jpg,images/sample_0799.jpg,DenseNet121,omg_hi,0.978562
sample_0800.jpg,images/sample_0800.jpg,DenseNet121,Non-Meme,0.999313
sample_0801.jpg,images/sample_0801.jpg,DenseNet121,Non-Meme,0.997218
sample_0802.jpg,images/sample_0802.jpg,DenseNet121,Template-Free,0.548172
sample_0803.jpg,images/sample_0803.jpg,DenseNet121,nobody-absolutely-no-one,0.999999
sample_0804.jpg,images/sample_0804.jpg,DenseNet121,Non-Meme,1.000000
sample_0805.jpg,images/sample_0805.jpg,DenseNet121,Non-Meme,1.000000
sample_0806.jpg,images/sample_0806.jpg,DenseNet121,peter-parker-cry,0.991818
sample_0807.jpg,images/sample_0807.jpg,DenseNet121,Non-Meme,1.000000
sample_0808.jpg,images/sample_0808.jpg,DenseNet121,Non-Meme,0.991177
sample_0809.jpg,images/sample_0809.jpg,DenseNet121,who-would-win,0.998845
sample_0810.jpg,images/sample_0810.jpg,DenseNet121,Non-Meme,1.000000
sample_0811.jpg,images/sample_0811.jpg,DenseNet121,Non-Meme,0.999999
sample_0812.jpg,images/sample_0812.jpg,DenseNet121,Non-Meme,1.000000
sample_0813.jpg,images/sample_0813.jpg,DenseNet121,genie_rules_meme,1.000000
sample_0814.jpg,images/sample_0814.jpg,DenseNet121,Non-Meme,1.000000
sample_0815.jpg,images/sample_0815.jpg,DenseNet121,Non-Meme,1.000000
sample_0816.jpg,images/sample_0816.jpg,DenseNet121,Non-Meme,1.000000
sample_0817.jpg,images/sample_0817.jpg,DenseNet121,Non-Meme,1.000000
sample_0818.jpg,images/sample_0818.jpg,DenseNet121,umbrella_academy_car_passing,0.994225
sample_0819.jpg,images/sample_0819.jpg,DenseNet121,unsettled-tom,1.000000
sample_0820.jpg,images/sample_0820.jpg,DenseNet121,Non-Meme,0.999998
sample_0821.jpg,images/sample_0821.jpg,DenseNet121,doge-bonk,0.996037
sample_0822.jpg,images/sample_0822.jpg,DenseNet121,be-like-bill,0.926091
sample_0823.jpg,images/sample_0823.jpg,DenseNet121,be-like-bill,0.990717
sample_0824.jpg,images/sample_0824.jpg,DenseNet121,lisa-simpsons-presentation,1.000000
sample_0825.jpg,images/sample_0825.jpg,DenseNet121,Non-Meme,1.000000
sample_0826.jpg,images/sample_0826.jpg,DenseNet121,Non-Meme,0.998592
sample_0827.jpg,images/sample_0827.jpg,DenseNet121,Non-Meme,0.999966
sample_0828.jpg,images/sample_0828.jpg,DenseNet121,the_daily_struggle,1.000000
sample_0829.jpg,images/sample_0829.jpg,DenseNet121,Template-Free,0.651909
sample_0830.jpg,images/sample_0830.jpg,DenseNet121,left-exit-12-off-ramp,1.000000
sample_0831.jpg,images/sample_0831.jpg,DenseNet121,Non-Meme,1.000000
sample_0832.jpg,images/sample_0832.jpg,DenseNet121,Non-Meme,1.000000
sample_0833.jpg,images/sample_0833.jpg,DenseNet121,s06_grus_plan_four_five_panel,1.000000
sample_0834.jpg,images/sample_0834.jpg,DenseNet121,annoyed-bird,0.826566
sample_0835.jpg,images/sample_0835.jpg,DenseNet121,captain-america-elevator-fight,0.999977
sample_0836.jpg,images/sample_0836.jpg,DenseNet121,Non-Meme,1.000000
sample_0837.jpg,images/sample_0837.jpg,DenseNet121,Non-Meme,0.999585
sample_0838.jpg,images/sample_0838.jpg,DenseNet121,Non-Meme,1.000000
sample_0839.jpg,images/sample_0839.jpg,DenseNet121,nobody-absolutely-no-one,0.985762
sample_0840.jpg,images/sample_0840.jpg,DenseNet121,Non-Meme,1.000000
sample_0841.jpg,images/sample_0841.jpg,DenseNet121,Non-Meme,0.991890
sample_0842.jpg,images/sample_0842.jpg,DenseNet121,black-guy-crying-and-black-guy-laughing,1.000000
sample_0843.jpg,images/sample_0843.jpg,DenseNet121,little-miss-sunshine,0.985637
sample_0844.jpg,images/sample_0844.jpg,DenseNet121,Non-Meme,0.999999
sample_0845.jpg,images/sample_0845.jpg,DenseNet121,Non-Meme,1.000000
sample_0846.jpg,images/sample_0846.jpg,DenseNet121,Non-Meme,1.000000
sample_0847.jpg,images/sample_0847.jpg,DenseNet121,keep-calm-and-carry-on-purple,0.999499
sample_0848.jpg,images/sample_0848.jpg,DenseNet121,s09_blank_blue_colored_family,0.975205
sample_0849.jpg,images/sample_0849.jpg,DenseNet121,Non-Meme,0.999998
sample_0850.jpg,images/sample_0850.jpg,DenseNet121,you-wouldnt-get-it,1.000000
sample_0851.jpg,images/sample_0851.jpg,DenseNet121,little-miss-sunshine,0.928794
sample_0852.jpg,images/sample_0852.jpg,DenseNet121,Non-Meme,1.000000
sample_0853.jpg,images/sample_0853.jpg,DenseNet121,elmo-cocaine,0.999997
sample_0854.jpg,images/sample_0854.jpg,DenseNet121,Non-Meme,1.000000
sample_0855.jpg,images/sample_0855.jpg,DenseNet121,Non-Meme,1.000000
sample_0856.jpg,images/sample_0856.jpg,DenseNet121,Non-Meme,0.963576
sample_0857.jpg,images/sample_0857.jpg,DenseNet121,bonjour,0.953392
sample_0858.jpg,images/sample_0858.jpg,DenseNet121,Non-Meme,0.999995
sample_0859.jpg,images/sample_0859.jpg,DenseNet121,thinking-black-guy,1.000000
sample_0860.jpg,images/sample_0860.jpg,DenseNet121,breaking-bad-smile-frown,0.998653
sample_0861.jpg,images/sample_0861.jpg,DenseNet121,shocked-black-guy,1.000000
sample_0862.jpg,images/sample_0862.jpg,DenseNet121,Non-Meme,1.000000
sample_0863.jpg,images/sample_0863.jpg,DenseNet121,Non-Meme,0.999313
sample_0864.jpg,images/sample_0864.jpg,DenseNet121,all_right_then_keep_your_secrets,1.000000
sample_0865.jpg,images/sample_0865.jpg,DenseNet121,Non-Meme,1.000000
sample_0866.jpg,images/sample_0866.jpg,DenseNet121,Non-Meme,0.999999
sample_0867.jpg,images/sample_0867.jpg,DenseNet121,Non-Meme,1.000000
sample_0868.jpg,images/sample_0868.jpg,DenseNet121,Non-Meme,0.950783
sample_0869.jpg,images/sample_0869.jpg,DenseNet121,write_that_down,1.000000
sample_0870.jpg,images/sample_0870.jpg,DenseNet121,tuxedo-winnie-the-pooh-3-panel,1.000000
sample_0871.jpg,images/sample_0871.jpg,DenseNet121,Template-Free,0.336015
sample_0872.jpg,images/sample_0872.jpg,DenseNet121,Non-Meme,0.999991
sample_0873.jpg,images/sample_0873.jpg,DenseNet121,Non-Meme,0.606220
sample_0874.jpg,images/sample_0874.jpg,DenseNet121,robert_downey_jrs_comments,0.999882
sample_0875.jpg,images/sample_0875.jpg,DenseNet121,Non-Meme,0.954407
sample_0876.jpg,images/sample_0876.jpg,DenseNet121,x-all-the-y,0.993536
sample_0877.jpg,images/sample_0877.jpg,DenseNet121,Non-Meme,0.635054
sample_0878.jpg,images/sample_0878.jpg,DenseNet121,Non-Meme,1.000000
sample_0879.jpg,images/sample_0879.jpg,DenseNet121,doge,1.000000
sample_0880.jpg,images/sample_0880.jpg,DenseNet121,Non-Meme,1.000000
sample_0881.jpg,images/sample_0881.jpg,DenseNet121,darth-vader,0.999760
sample_0882.jpg,images/sample_0882.jpg,DenseNet121,Non-Meme,1.000000
sample_0883.jpg,images/sample_0883.jpg,DenseNet121,Non-Meme,1.000000
sample_0884.jpg,images/sample_0884.jpg,DenseNet121,guess-ill-die,1.000000
sample_0885.jpg,images/sample_0885.jpg,DenseNet121,Non-Meme,1.000000
sample_0886.jpg,images/sample_0886.jpg,DenseNet121,genie_rules_meme,0.915525
sample_0887.jpg,images/sample_0887.jpg,DenseNet121,Non-Meme,1.000000
sample_0888.jpg,images/sample_0888.jpg,DenseNet121,monkey-looking-away,1.000000
sample_0889.jpg,images/sample_0889.jpg,DenseNet121,nobody-absolutely-no-one,0.788147
sample_0890.jpg,images/sample_0890.jpg,DenseNet121,Non-Meme,1.000000
sample_0891.jpg,images/sample_0891.jpg,DenseNet121,Non-Meme,0.795028
sample_0892.jpg,images/sample_0892.jpg,DenseNet121,darth-vader,0.997725
sample_0893.jpg,images/sample_0893.jpg,DenseNet121,Non-Meme,1.000000
sample_0894.jpg,images/sample_0894.jpg,DenseNet121,Non-Meme,1.000000
sample_0895.jpg,images/sample_0895.jpg,DenseNet121,robotnik-button,0.998920
sample_0896.jpg,images/sample_0896.jpg,DenseNet121,elmo-nuclear-explosion,0.755546
sample_0897.jpg,images/sample_0897.jpg,DenseNet121,blank-starter-pack,0.996513
sample_0898.jpg,images/sample_0898.jpg,DenseNet121,Non-Meme,0.997454
sample_0899.jpg,images/sample_0899.jpg,DenseNet121,patrick-smart-dumb,0.835639
sample_0900.jpg,images/sample_0900.jpg,DenseNet121,Non-Meme,1.000000
sample_0901.jpg,images/sample_0901.jpg,DenseNet121,fuze-elbow-dropping-a-hostage,1.000000
sample_0902.jpg,images/sample_0902.jpg,DenseNet121,spiderman-presentation,1.000000
sample_0903.jpg,images/sample_0903.jpg,DenseNet121,Non-Meme,1.000000
sample_0904.jpg,images/sample_0904.jpg,DenseNet121,surprised-pikachu,1.000000
sample_0905.jpg,images/sample_0905.jpg,DenseNet121,elon-musk-blank-tweet,0.993398
sample_0906.jpg,images/sample_0906.jpg,DenseNet121,angry-npc-wojak,0.865942
sample_0907.jpg,images/sample_0907.jpg,DenseNet121,Template-Free,0.690672
sample_0908.jpg,images/sample_0908.jpg,DenseNet121,laughing-leo,1.000000
sample_0909.jpg,images/sample_0909.jpg,DenseNet121,Non-Meme,1.000000
sample_0910.jpg,images/sample_0910.jpg,DenseNet121,Non-Meme,1.000000
sample_0911.jpg,images/sample_0911.jpg,DenseNet121,Non-Meme,0.995436
sample_0912.jpg,images/sample_0912.jpg,DenseNet121,Non-Meme,0.623448
sample_0913.jpg,images/sample_0913.jpg,DenseNet121,Non-Meme,1.000000
sample_0914.jpg,images/sample_0914.jpg,DenseNet121,Non-Meme,1.000000
sample_0915.jpg,images/sample_0915.jpg,DenseNet121,bird-box,0.999674
sample_0916.jpg,images/sample_0916.jpg,DenseNet121,elmo-nuclear-explosion,1.000000
sample_0917.jpg,images/sample_0917.jpg,DenseNet121,Non-Meme,1.000000
sample_0918.jpg,images/sample_0918.jpg,DenseNet121,Non-Meme,1.000000
sample_0919.jpg,images/sample_0919.jpg,DenseNet121,picard_four_lights,0.998985
sample_0920.jpg,images/sample_0920.jpg,DenseNet121,Template-Free,0.585570
sample_0921.jpg,images/sample_0921.jpg,DenseNet121,comparison-table,0.721202
sample_0922.jpg,images/sample_0922.jpg,DenseNet121,Non-Meme,0.999935
sample_0923.jpg,images/sample_0923.jpg,DenseNet121,blank_comic_panel_2x2,0.852811
sample_0924.jpg,images/sample_0924.jpg,DenseNet121,Non-Meme,0.765521
sample_0925.jpg,images/sample_0925.jpg,DenseNet121,no_i_dont_think_i_will,1.000000
sample_0926.jpg,images/sample_0926.jpg,DenseNet121,Non-Meme,1.000000
sample_0927.jpg,images/sample_0927.jpg,DenseNet121,Template-Free,0.587227
sample_0928.jpg,images/sample_0928.jpg,DenseNet121,bart-hitting-homer-with-a-chair,0.987934
sample_0929.jpg,images/sample_0929.jpg,DenseNet121,Non-Meme,1.000000
sample_0930.jpg,images/sample_0930.jpg,DenseNet121,Non-Meme,1.000000
sample_0931.jpg,images/sample_0931.jpg,DenseNet121,Non-Meme,1.000000
sample_0932.jpg,images/sample_0932.jpg,DenseNet121,Non-Meme,1.000000
sample_0933.jpg,images/sample_0933.jpg,DenseNet121,Non-Meme,1.000000
sample_0934.jpg,images/sample_0934.jpg,DenseNet121,Non-Meme,0.980063
sample_0935.jpg,images/sample_0935.jpg,DenseNet121,jackie-chan-wtf,1.000000
sample_0936.jpg,images/sample_0936.jpg,DenseNet121,Non-Meme,1.000000
sample_0937.jpg,images/sample_0937.jpg,DenseNet121,Non-Meme,0.999993
sample_0938.jpg,images/sample_0938.jpg,DenseNet121,Non-Meme,1.000000
sample_0939.jpg,images/sample_0939.jpg,DenseNet121,banned-from-roblox,0.991379
sample_0940.jpg,images/sample_0940.jpg,DenseNet121,Non-Meme,1.000000
sample_0941.jpg,images/sample_0941.jpg,DenseNet121,musically-oblivious-8th-grader,0.999949
sample_0942.jpg,images/sample_0942.jpg,DenseNet121,Non-Meme,1.000000
sample_0943.jpg,images/sample_0943.jpg,DenseNet121,nobody-absolutely-no-one,1.000000
sample_0944.jpg,images/sample_0944.jpg,DenseNet121,Non-Meme,1.000000
sample_0945.jpg,images/sample_0945.jpg,DenseNet121,Non-Meme,1.000000
sample_0946.jpg,images/sample_0946.jpg,DenseNet121,genie_rules_meme,0.915799
sample_0947.jpg,images/sample_0947.jpg,DenseNet121,Non-Meme,1.000000
sample_0948.jpg,images/sample_0948.jpg,DenseNet121,Non-Meme,0.631674
sample_0949.jpg,images/sample_0949.jpg,DenseNet121,Non-Meme,0.999366
sample_0950.jpg,images/sample_0950.jpg,DenseNet121,Non-Meme,1.000000
sample_0951.jpg,images/sample_0951.jpg,DenseNet121,Non-Meme,1.000000
sample_0952.jpg,images/sample_0952.jpg,DenseNet121,liam-neeson-taken,0.965006
sample_0953.jpg,images/sample_0953.jpg,DenseNet121,Template-Free,0.575045
sample_0954.jpg,images/sample_0954.jpg,DenseNet121,uno-draw-25-cards,0.752173
sample_0955.jpg,images/sample_0955.jpg,DenseNet121,Non-Meme,1.000000
sample_0956.jpg,images/sample_0956.jpg,DenseNet121,nobody-absolutely-no-one,0.766089
sample_0957.jpg,images/sample_0957.jpg,DenseNet121,what-do-we-want,1.000000
sample_0958.jpg,images/sample_0958.jpg,DenseNet121,gigachad,0.795834
sample_0959.jpg,images/sample_0959.jpg,DenseNet121,robert_downey_jrs_comments,0.988700
sample_0960.jpg,images/sample_0960.jpg,DenseNet121,nobody-absolutely-no-one,0.859956
sample_0961.jpg,images/sample_0961.jpg,DenseNet121,Non-Meme,0.999310
sample_0962.jpg,images/sample_0962.jpg,DenseNet121,lisa-simpsons-presentation,1.000000
sample_0963.jpg,images/sample_0963.jpg,DenseNet121,Non-Meme,1.000000
sample_0964.jpg,images/sample_0964.jpg,DenseNet121,monkey-looking-away,1.000000
sample_0965.jpg,images/sample_0965.jpg,DenseNet121,Non-Meme,0.999999
sample_0966.jpg,images/sample_0966.jpg,DenseNet121,Non-Meme,0.996568
sample_0967.jpg,images/sample_0967.jpg,DenseNet121,thats-a-paddlin,0.981528
sample_0968.jpg,images/sample_0968.jpg,DenseNet121,Non-Meme,0.997602
sample_0969.jpg,images/sample_0969.jpg,DenseNet121,Non-Meme,0.999942
sample_0970.jpg,images/sample_0970.jpg,DenseNet121,you-wouldnt-get-it,1.000000
sample_0971.jpg,images/sample_0971.jpg,DenseNet121,drake_hotline_bling_normal,1.000000
sample_0972.jpg,images/sample_0972.jpg,DenseNet121,Non-Meme,0.999563
sample_0973.jpg,images/sample_0973.jpg,DenseNet121,genie_rules_meme,0.970493
sample_0974.jpg,images/sample_0974.jpg,DenseNet121,Non-Meme,0.994487
sample_0975.jpg,images/sample_0975.jpg,DenseNet121,Non-Meme,0.999698
sample_0976.jpg,images/sample_0976.jpg,DenseNet121,Non-Meme,1.000000
sample_0977.jpg,images/sample_0977.jpg,DenseNet121,Non-Meme,0.999978
sample_0978.jpg,images/sample_0978.jpg,DenseNet121,Non-Meme,0.997613
sample_0979.jpg,images/sample_0979.jpg,DenseNet121,Non-Meme,0.999922
sample_0980.jpg,images/sample_0980.jpg,DenseNet121,Non-Meme,0.844379
sample_0981.jpg,images/sample_0981.jpg,DenseNet121,Non-Meme,0.668801
sample_0982.jpg,images/sample_0982.jpg,DenseNet121,Template-Free,0.552456
sample_0983.jpg,images/sample_0983.jpg,DenseNet121,Non-Meme,1.000000
sample_0984.jpg,images/sample_0984.jpg,DenseNet121,Template-Free,0.518331
sample_0985.jpg,images/sample_0985.jpg,DenseNet121,Non-Meme,1.000000
sample_0986.jpg,images/sample_0986.jpg,DenseNet121,ah-shit-here-we-go-again,1.000000
sample_0987.jpg,images/sample_0987.jpg,DenseNet121,Template-Free,0.698110
sample_0988.jpg,images/sample_0988.jpg,DenseNet121,not-bad-obama,0.862716
sample_0989.jpg,images/sample_0989.jpg,DenseNet121,Non-Meme,1.000000
sample_0990.jpg,images/sample_0990.jpg,DenseNet121,Non-Meme,1.000000
sample_0991.jpg,images/sample_0991.jpg,DenseNet121,Non-Meme,0.999450
sample_0992.jpg,images/sample_0992.jpg,DenseNet121,Non-Meme,0.999980
sample_0993.jpg,images/sample_0993.jpg,DenseNet121,Non-Meme,0.996492
sample_0994.jpg,images/sample_0994.jpg,DenseNet121,idiot-skull,1.000000
sample_0995.jpg,images/sample_0995.jpg,DenseNet121,pepe-the-frog,0.980009
sample_0996.jpg,images/sample_0996.jpg,DenseNet121,Non-Meme,1.000000
sample_0997.jpg,images/sample_0997.jpg,DenseNet121,four-horsemen,0.854729
sample_0998.jpg,images/sample_0998.jpg,DenseNet121,well-yes-but-actually-no,0.999981
sample_0999.jpg,images/sample_0999.jpg,DenseNet121,Non-Meme,1.000000
sample_1000.jpg,images/sample_1000.jpg,DenseNet121,Non-Meme,0.999998
sample_0001.jpg,images/sample_0001.jpg,SEED,Non-Meme,0.946779
sample_0002.jpg,images/sample_0002.jpg,SEED,Template-Free,0.660694
sample_0003.jpg,images/sample_0003.jpg,SEED,Non-Meme,0.831096
sample_0004.jpg,images/sample_0004.jpg,SEED,Template-Free,0.905266
sample_0005.jpg,images/sample_0005.jpg,SEED,Template-Free,0.632407
sample_0006.jpg,images/sample_0006.jpg,SEED,Template-Free,0.932545
sample_0007.jpg,images/sample_0007.jpg,SEED,Template-Free,0.708514
sample_0008.jpg,images/sample_0008.jpg,SEED,Template-Free,0.632206
sample_0009.jpg,images/sample_0009.jpg,SEED,the-what,0.893937
sample_0010.jpg,images/sample_0010.jpg,SEED,you_made_thisi_made_this,0.912031
sample_0011.jpg,images/sample_0011.jpg,SEED,meme-man,0.927114
sample_0012.jpg,images/sample_0012.jpg,SEED,Template-Free,0.822885
sample_0013.jpg,images/sample_0013.jpg,SEED,guy-recording-a-fight,0.609923
sample_0014.jpg,images/sample_0014.jpg,SEED,Non-Meme,0.661272
sample_0015.jpg,images/sample_0015.jpg,SEED,Template-Free,0.491759
sample_0016.jpg,images/sample_0016.jpg,SEED,Template-Free,0.960185
sample_0017.jpg,images/sample_0017.jpg,SEED,Non-Meme,0.589979
sample_0018.jpg,images/sample_0018.jpg,SEED,Template-Free,0.969604
sample_0019.jpg,images/sample_0019.jpg,SEED,ah-shit-here-we-go-again,0.774394
sample_0020.jpg,images/sample_0020.jpg,SEED,Non-Meme,0.571673
sample_0021.jpg,images/sample_0021.jpg,SEED,Non-Meme,0.763784
sample_0022.jpg,images/sample_0022.jpg,SEED,Non-Meme,0.734242
sample_0023.jpg,images/sample_0023.jpg,SEED,Template-Free,0.839800
sample_0024.jpg,images/sample_0024.jpg,SEED,live-reaction,0.774213
sample_0025.jpg,images/sample_0025.jpg,SEED,Template-Free,0.561067
sample_0026.jpg,images/sample_0026.jpg,SEED,Non-Meme,0.773734
sample_0027.jpg,images/sample_0027.jpg,SEED,Template-Free,0.695452
sample_0028.jpg,images/sample_0028.jpg,SEED,Template-Free,0.938215
sample_0029.jpg,images/sample_0029.jpg,SEED,floating-boy-chasing-running-boy,0.907485
sample_0030.jpg,images/sample_0030.jpg,SEED,Template-Free,0.795133
sample_0031.jpg,images/sample_0031.jpg,SEED,Template-Free,0.932071
sample_0032.jpg,images/sample_0032.jpg,SEED,joe-biden-worries,0.849847
sample_0033.jpg,images/sample_0033.jpg,SEED,patrick-smart-dumb,0.961359
sample_0034.jpg,images/sample_0034.jpg,SEED,Template-Free,0.966501
sample_0035.jpg,images/sample_0035.jpg,SEED,Non-Meme,0.762695
sample_0036.jpg,images/sample_0036.jpg,SEED,Template-Free,0.706927
sample_0037.jpg,images/sample_0037.jpg,SEED,Non-Meme,0.810290
sample_0038.jpg,images/sample_0038.jpg,SEED,Template-Free,0.667591
sample_0039.jpg,images/sample_0039.jpg,SEED,Template-Free,0.704753
sample_0040.jpg,images/sample_0040.jpg,SEED,Template-Free,0.659083
sample_0041.jpg,images/sample_0041.jpg,SEED,Template-Free,0.672935
sample_0042.jpg,images/sample_0042.jpg,SEED,Template-Free,0.558528
sample_0043.jpg,images/sample_0043.jpg,SEED,Template-Free,0.898499
sample_0044.jpg,images/sample_0044.jpg,SEED,Template-Free,0.841544
sample_0045.jpg,images/sample_0045.jpg,SEED,Non-Meme,0.713025
sample_0046.jpg,images/sample_0046.jpg,SEED,blankie_the_shocked_dog,0.785561
sample_0047.jpg,images/sample_0047.jpg,SEED,Non-Meme,0.799543
sample_0048.jpg,images/sample_0048.jpg,SEED,Template-Free,0.905356
sample_0049.jpg,images/sample_0049.jpg,SEED,Template-Free,0.892322
sample_0050.jpg,images/sample_0050.jpg,SEED,Template-Free,0.908114
sample_0051.jpg,images/sample_0051.jpg,SEED,Template-Free,0.657992
sample_0052.jpg,images/sample_0052.jpg,SEED,im-in-danger,0.940422
sample_0053.jpg,images/sample_0053.jpg,SEED,death-battle,0.762222
sample_0054.jpg,images/sample_0054.jpg,SEED,Non-Meme,0.609138
sample_0055.jpg,images/sample_0055.jpg,SEED,Non-Meme,0.829190
sample_0056.jpg,images/sample_0056.jpg,SEED,crying-cat,0.937905
sample_0057.jpg,images/sample_0057.jpg,SEED,Template-Free,0.900075
sample_0058.jpg,images/sample_0058.jpg,SEED,Template-Free,0.830193
sample_0059.jpg,images/sample_0059.jpg,SEED,joins_battle_smash_bros,0.493325
sample_0060.jpg,images/sample_0060.jpg,SEED,nooo-haha-go-brrr,0.921435
sample_0061.jpg,images/sample_0061.jpg,SEED,Non-Meme,0.608792
sample_0062.jpg,images/sample_0062.jpg,SEED,mr-incredible-uncanny,0.932384
sample_0063.jpg,images/sample_0063.jpg,SEED,be-like-bill,0.889842
sample_0064.jpg,images/sample_0064.jpg,SEED,mr-incredible-uncanny,0.906761
sample_0065.jpg,images/sample_0065.jpg,SEED,Template-Free,0.883730
sample_0066.jpg,images/sample_0066.jpg,SEED,Non-Meme,0.701086
sample_0067.jpg,images/sample_0067.jpg,SEED,Template-Free,0.765655
sample_0068.jpg,images/sample_0068.jpg,SEED,s09_blank_blue_colored_family,0.743786
sample_0069.jpg,images/sample_0069.jpg,SEED,Template-Free,0.670049
sample_0070.jpg,images/sample_0070.jpg,SEED,bart-hitting-homer-with-a-chair,0.904886
sample_0071.jpg,images/sample_0071.jpg,SEED,Non-Meme,0.997254
sample_0072.jpg,images/sample_0072.jpg,SEED,Non-Meme,0.602093
sample_0073.jpg,images/sample_0073.jpg,SEED,Non-Meme,0.703075
sample_0074.jpg,images/sample_0074.jpg,SEED,Template-Free,0.693625
sample_0075.jpg,images/sample_0075.jpg,SEED,Template-Free,0.756219
sample_0076.jpg,images/sample_0076.jpg,SEED,they-dont-know,0.941152
sample_0077.jpg,images/sample_0077.jpg,SEED,Non-Meme,0.655058
sample_0078.jpg,images/sample_0078.jpg,SEED,Template-Free,0.903810
sample_0079.jpg,images/sample_0079.jpg,SEED,im-about-to-end-this-mans-whole-career,0.603397
sample_0080.jpg,images/sample_0080.jpg,SEED,blank_comic_panel_2x1,0.561778
sample_0081.jpg,images/sample_0081.jpg,SEED,Non-Meme,0.887512
sample_0082.jpg,images/sample_0082.jpg,SEED,Template-Free,0.957458
sample_0083.jpg,images/sample_0083.jpg,SEED,Non-Meme,0.630421
sample_0084.jpg,images/sample_0084.jpg,SEED,skyrim-skill-meme,0.551521
sample_0085.jpg,images/sample_0085.jpg,SEED,Non-Meme,0.561555
sample_0086.jpg,images/sample_0086.jpg,SEED,Template-Free,0.479148
sample_0087.jpg,images/sample_0087.jpg,SEED,Template-Free,0.754162
sample_0088.jpg,images/sample_0088.jpg,SEED,but-it-was-me-dio,0.709560
sample_0089.jpg,images/sample_0089.jpg,SEED,see_you_again,0.912880
sample_0090.jpg,images/sample_0090.jpg,SEED,Template-Free,0.468939
sample_0091.jpg,images/sample_0091.jpg,SEED,bestbetter-blurst,0.937510
sample_0092.jpg,images/sample_0092.jpg,SEED,Template-Free,0.748821
sample_0093.jpg,images/sample_0093.jpg,SEED,banned-from-roblox,0.696577
sample_0094.jpg,images/sample_0094.jpg,SEED,Template-Free,0.881337
sample_0095.jpg,images/sample_0095.jpg,SEED,Non-Meme,0.676547
sample_0096.jpg,images/sample_0096.jpg,SEED,roblox_ban,0.897939
sample_0097.jpg,images/sample_0097.jpg,SEED,Non-Meme,0.764019
sample_0098.jpg,images/sample_0098.jpg,SEED,mom-can-we-have,0.941017
sample_0099.jpg,images/sample_0099.jpg,SEED,Template-Free,0.717286
sample_0100.jpg,images/sample_0100.jpg,SEED,Template-Free,0.912228
sample_0101.jpg,images/sample_0101.jpg,SEED,crying-because-of-cute,0.649836
sample_0102.jpg,images/sample_0102.jpg,SEED,the-scroll-of-truth,0.969360
sample_0103.jpg,images/sample_0103.jpg,SEED,Template-Free,0.825974
sample_0104.jpg,images/sample_0104.jpg,SEED,ceiling-cat,0.719792
sample_0105.jpg,images/sample_0105.jpg,SEED,Non-Meme,0.697636
sample_0106.jpg,images/sample_0106.jpg,SEED,Non-Meme,0.678786
sample_0107.jpg,images/sample_0107.jpg,SEED,Template-Free,0.912549
sample_0108.jpg,images/sample_0108.jpg,SEED,Template-Free,0.898540
sample_0109.jpg,images/sample_0109.jpg,SEED,Non-Meme,0.661521
sample_0110.jpg,images/sample_0110.jpg,SEED,Template-Free,0.856907
sample_0111.jpg,images/sample_0111.jpg,SEED,Template-Free,0.936103
sample_0112.jpg,images/sample_0112.jpg,SEED,m06_change_my_mind,0.957473
sample_0113.jpg,images/sample_0113.jpg,SEED,Non-Meme,0.776794
sample_0114.jpg,images/sample_0114.jpg,SEED,Template-Free,0.828125
sample_0115.jpg,images/sample_0115.jpg,SEED,we-are-the-millers,0.536068
sample_0116.jpg,images/sample_0116.jpg,SEED,Template-Free,0.697996
sample_0117.jpg,images/sample_0117.jpg,SEED,Template-Free,0.766157
sample_0118.jpg,images/sample_0118.jpg,SEED,Template-Free,0.598566
sample_0119.jpg,images/sample_0119.jpg,SEED,drake_hotline_bling_normal,0.587852
sample_0120.jpg,images/sample_0120.jpg,SEED,running-away-balloon,0.960078
sample_0121.jpg,images/sample_0121.jpg,SEED,jehovas_witness_squirrel,0.636504
sample_0122.jpg,images/sample_0122.jpg,SEED,gigachad,0.609785
sample_0123.jpg,images/sample_0123.jpg,SEED,nobody-absolutely-no-one,0.732532
sample_0124.jpg,images/sample_0124.jpg,SEED,Non-Meme,0.875090
sample_0125.jpg,images/sample_0125.jpg,SEED,Template-Free,0.999380
sample_0126.jpg,images/sample_0126.jpg,SEED,Template-Free,0.842442
sample_0127.jpg,images/sample_0127.jpg,SEED,Non-Meme,0.963519
sample_0128.jpg,images/sample_0128.jpg,SEED,Template-Free,0.971699
sample_0129.jpg,images/sample_0129.jpg,SEED,Template-Free,0.931126
sample_0130.jpg,images/sample_0130.jpg,SEED,Template-Free,0.596409
sample_0131.jpg,images/sample_0131.jpg,SEED,Template-Free,0.949731
sample_0132.jpg,images/sample_0132.jpg,SEED,cnn-wolf-of-fake-news-fanfiction,0.694082
sample_0133.jpg,images/sample_0133.jpg,SEED,panik-kalm-panik,0.836318
sample_0134.jpg,images/sample_0134.jpg,SEED,Template-Free,0.865387
sample_0135.jpg,images/sample_0135.jpg,SEED,Template-Free,0.827465
sample_0136.jpg,images/sample_0136.jpg,SEED,Template-Free,0.549348
sample_0137.jpg,images/sample_0137.jpg,SEED,Template-Free,0.904697
sample_0138.jpg,images/sample_0138.jpg,SEED,hoody-cat,0.527626
sample_0139.jpg,images/sample_0139.jpg,SEED,napoleon,0.633393
sample_0140.jpg,images/sample_0140.jpg,SEED,Non-Meme,0.817357
sample_0141.jpg,images/sample_0141.jpg,SEED,mr-incredible-uncanny,0.955830
sample_0142.jpg,images/sample_0142.jpg,SEED,Template-Free,0.619053
sample_0143.jpg,images/sample_0143.jpg,SEED,internet_explorer,0.777502
sample_0144.jpg,images/sample_0144.jpg,SEED,Non-Meme,0.657178
sample_0145.jpg,images/sample_0145.jpg,SEED,virgin-vs-chad,0.636020
sample_0146.jpg,images/sample_0146.jpg,SEED,Non-Meme,0.870985
sample_0147.jpg,images/sample_0147.jpg,SEED,Template-Free,0.929954
sample_0148.jpg,images/sample_0148.jpg,SEED,guy-recording-a-fight,0.664741
sample_0149.jpg,images/sample_0149.jpg,SEED,Template-Free,0.628875
sample_0150.jpg,images/sample_0150.jpg,SEED,two-buttons,0.977586
sample_0151.jpg,images/sample_0151.jpg,SEED,Non-Meme,0.650954
sample_0152.jpg,images/sample_0152.jpg,SEED,Template-Free,0.974464
sample_0153.jpg,images/sample_0153.jpg,SEED,Template-Free,0.533583
sample_0154.jpg,images/sample_0154.jpg,SEED,Non-Meme,0.868873
sample_0155.jpg,images/sample_0155.jpg,SEED,Template-Free,0.918384
sample_0156.jpg,images/sample_0156.jpg,SEED,mr-krabs-money,0.935520
sample_0157.jpg,images/sample_0157.jpg,SEED,Template-Free,0.945694
sample_0158.jpg,images/sample_0158.jpg,SEED,Non-Meme,0.617467
sample_0159.jpg,images/sample_0159.jpg,SEED,Non-Meme,0.660943
sample_0160.jpg,images/sample_0160.jpg,SEED,Non-Meme,0.707100
sample_0161.jpg,images/sample_0161.jpg,SEED,Non-Meme,0.793789
sample_0162.jpg,images/sample_0162.jpg,SEED,blinking-guy,0.747428
sample_0163.jpg,images/sample_0163.jpg,SEED,Non-Meme,0.740025
sample_0164.jpg,images/sample_0164.jpg,SEED,Template-Free,0.926815
sample_0165.jpg,images/sample_0165.jpg,SEED,Non-Meme,0.917599
sample_0166.jpg,images/sample_0166.jpg,SEED,romneys_hindenberg,0.605782
sample_0167.jpg,images/sample_0167.jpg,SEED,keep-calm-and-carry-on-purple,0.894862
sample_0168.jpg,images/sample_0168.jpg,SEED,Template-Free,0.777922
sample_0169.jpg,images/sample_0169.jpg,SEED,Template-Free,0.896777
sample_0170.jpg,images/sample_0170.jpg,SEED,Non-Meme,0.637158
sample_0171.jpg,images/sample_0171.jpg,SEED,yu-gi-oh,0.850569
sample_0172.jpg,images/sample_0172.jpg,SEED,Non-Meme,0.621638
sample_0173.jpg,images/sample_0173.jpg,SEED,Template-Free,0.766369
sample_0174.jpg,images/sample_0174.jpg,SEED,Template-Free,0.750535
sample_0175.jpg,images/sample_0175.jpg,SEED,Template-Free,0.947387
sample_0176.jpg,images/sample_0176.jpg,SEED,lisa-simpsons-presentation,0.876913
sample_0177.jpg,images/sample_0177.jpg,SEED,hello-human-resources,0.712671
sample_0178.jpg,images/sample_0178.jpg,SEED,mom-can-we-have,0.684380
sample_0179.jpg,images/sample_0179.jpg,SEED,Non-Meme,0.783109
sample_0180.jpg,images/sample_0180.jpg,SEED,Template-Free,0.773890
sample_0181.jpg,images/sample_0181.jpg,SEED,Template-Free,0.701621
sample_0182.jpg,images/sample_0182.jpg,SEED,Template-Free,0.528712
sample_0183.jpg,images/sample_0183.jpg,SEED,and-everybody-loses-their-minds,0.618869
sample_0184.jpg,images/sample_0184.jpg,SEED,Template-Free,0.969569
sample_0185.jpg,images/sample_0185.jpg,SEED,Template-Free,0.943550
sample_0186.jpg,images/sample_0186.jpg,SEED,this-is-worthless,0.952572
sample_0187.jpg,images/sample_0187.jpg,SEED,drake_hotline_bling_normal,0.936795
sample_0188.jpg,images/sample_0188.jpg,SEED,second-breakfast,0.961134
sample_0189.jpg,images/sample_0189.jpg,SEED,nobody-absolutely-no-one,0.899116
sample_0190.jpg,images/sample_0190.jpg,SEED,nobody-is-born-cool,0.906955
sample_0191.jpg,images/sample_0191.jpg,SEED,Non-Meme,0.637205
sample_0192.jpg,images/sample_0192.jpg,SEED,Non-Meme,0.777789
sample_0193.jpg,images/sample_0193.jpg,SEED,Non-Meme,0.611756
sample_0194.jpg,images/sample_0194.jpg,SEED,screaming-seagull,0.900337
sample_0195.jpg,images/sample_0195.jpg,SEED,Non-Meme,0.914618
sample_0196.jpg,images/sample_0196.jpg,SEED,squidward-chair,0.933100
sample_0197.jpg,images/sample_0197.jpg,SEED,Template-Free,0.738937
sample_0198.jpg,images/sample_0198.jpg,SEED,drake_hotline_bling_normal,0.747124
sample_0199.jpg,images/sample_0199.jpg,SEED,Non-Meme,0.742948
sample_0200.jpg,images/sample_0200.jpg,SEED,Template-Free,0.986092
sample_0201.jpg,images/sample_0201.jpg,SEED,m08_math_is_math,0.824538
sample_0202.jpg,images/sample_0202.jpg,SEED,Template-Free,0.675946
sample_0203.jpg,images/sample_0203.jpg,SEED,Template-Free,0.649765
sample_0204.jpg,images/sample_0204.jpg,SEED,Template-Free,0.940080
sample_0205.jpg,images/sample_0205.jpg,SEED,Template-Free,0.810408
sample_0206.jpg,images/sample_0206.jpg,SEED,hypnotize,0.627009
sample_0207.jpg,images/sample_0207.jpg,SEED,not_okay_rage_face,0.788134
sample_0208.jpg,images/sample_0208.jpg,SEED,Non-Meme,0.687341
sample_0209.jpg,images/sample_0209.jpg,SEED,Non-Meme,0.876504
sample_0210.jpg,images/sample_0210.jpg,SEED,it-is-time-to-go,0.909064
sample_0211.jpg,images/sample_0211.jpg,SEED,suspicious_cat,0.787534
sample_0212.jpg,images/sample_0212.jpg,SEED,Template-Free,0.644934
sample_0213.jpg,images/sample_0213.jpg,SEED,blank_transparent_square,0.784336
sample_0214.jpg,images/sample_0214.jpg,SEED,Template-Free,0.982301
sample_0215.jpg,images/sample_0215.jpg,SEED,Non-Meme,0.784465
sample_0216.jpg,images/sample_0216.jpg,SEED,the-scroll-of-truth,0.957097
sample_0217.jpg,images/sample_0217.jpg,SEED,Template-Free,0.953595
sample_0218.jpg,images/sample_0218.jpg,SEED,Non-Meme,0.745564
sample_0219.jpg,images/sample_0219.jpg,SEED,nyan_cat,0.760967
sample_0220.jpg,images/sample_0220.jpg,SEED,Non-Meme,0.780516
sample_0221.jpg,images/sample_0221.jpg,SEED,Non-Meme,0.776116
sample_0222.jpg,images/sample_0222.jpg,SEED,Template-Free,0.945148
sample_0223.jpg,images/sample_0223.jpg,SEED,drake_hotline_bling_normal,0.855690
sample_0224.jpg,images/sample_0224.jpg,SEED,Template-Free,0.768012
sample_0225.jpg,images/sample_0225.jpg,SEED,Template-Free,0.831436
sample_0226.jpg,images/sample_0226.jpg,SEED,Template-Free,0.717095
sample_0227.jpg,images/sample_0227.jpg,SEED,Template-Free,0.795044
sample_0228.jpg,images/sample_0228.jpg,SEED,Non-Meme,0.468705
sample_0229.jpg,images/sample_0229.jpg,SEED,Template-Free,0.818760
sample_0230.jpg,images/sample_0230.jpg,SEED,predator,0.643855
sample_0231.jpg,images/sample_0231.jpg,SEED,Non-Meme,0.675146
sample_0232.jpg,images/sample_0232.jpg,SEED,Template-Free,0.973000
sample_0233.jpg,images/sample_0233.jpg,SEED,Template-Free,0.541240
sample_0234.jpg,images/sample_0234.jpg,SEED,girl-putting-tuba-on-girls-head,0.942999
sample_0235.jpg,images/sample_0235.jpg,SEED,Non-Meme,0.748628
sample_0236.jpg,images/sample_0236.jpg,SEED,Template-Free,0.515232
sample_0237.jpg,images/sample_0237.jpg,SEED,Template-Free,0.828932
sample_0238.jpg,images/sample_0238.jpg,SEED,the-more-you-know,0.961737
sample_0239.jpg,images/sample_0239.jpg,SEED,Template-Free,0.896510
sample_0240.jpg,images/sample_0240.jpg,SEED,Non-Meme,0.709312
sample_0241.jpg,images/sample_0241.jpg,SEED,Template-Free,0.869886
sample_0242.jpg,images/sample_0242.jpg,SEED,god,0.808459
sample_0243.jpg,images/sample_0243.jpg,SEED,kermit-sipping-tea,0.906089
sample_0244.jpg,images/sample_0244.jpg,SEED,Non-Meme,0.608532
sample_0245.jpg,images/sample_0245.jpg,SEED,Template-Free,0.584775
sample_0246.jpg,images/sample_0246.jpg,SEED,Non-Meme,0.774007
sample_0247.jpg,images/sample_0247.jpg,SEED,Non-Meme,0.993238
sample_0248.jpg,images/sample_0248.jpg,SEED,Non-Meme,0.814988
sample_0249.jpg,images/sample_0249.jpg,SEED,Template-Free,0.619558
sample_0250.jpg,images/sample_0250.jpg,SEED,kevin-james,0.835152
sample_0251.jpg,images/sample_0251.jpg,SEED,Non-Meme,0.712966
sample_0252.jpg,images/sample_0252.jpg,SEED,Non-Meme,0.776458
sample_0253.jpg,images/sample_0253.jpg,SEED,Non-Meme,0.661271
sample_0254.jpg,images/sample_0254.jpg,SEED,Non-Meme,0.587887
sample_0255.jpg,images/sample_0255.jpg,SEED,Template-Free,0.962796
sample_0256.jpg,images/sample_0256.jpg,SEED,Non-Meme,0.669896
sample_0257.jpg,images/sample_0257.jpg,SEED,depends-on-the-context,0.975423
sample_0258.jpg,images/sample_0258.jpg,SEED,Template-Free,0.709456
sample_0259.jpg,images/sample_0259.jpg,SEED,we-are-the-millers,0.628778
sample_0260.jpg,images/sample_0260.jpg,SEED,Template-Free,0.526812
sample_0261.jpg,images/sample_0261.jpg,SEED,Template-Free,0.700287
sample_0262.jpg,images/sample_0262.jpg,SEED,live-reaction,0.641136
sample_0263.jpg,images/sample_0263.jpg,SEED,photogenic-college-football-player,0.663012
sample_0264.jpg,images/sample_0264.jpg,SEED,Non-Meme,0.666148
sample_0265.jpg,images/sample_0265.jpg,SEED,dallas-cowboys,0.796048
sample_0266.jpg,images/sample_0266.jpg,SEED,Template-Free,0.869831
sample_0267.jpg,images/sample_0267.jpg,SEED,Template-Free,0.858773
sample_0268.jpg,images/sample_0268.jpg,SEED,live-reaction,0.737530
sample_0269.jpg,images/sample_0269.jpg,SEED,Non-Meme,0.942845
sample_0270.jpg,images/sample_0270.jpg,SEED,Template-Free,0.941304
sample_0271.jpg,images/sample_0271.jpg,SEED,Non-Meme,0.803470
sample_0272.jpg,images/sample_0272.jpg,SEED,Non-Meme,0.743144
sample_0273.jpg,images/sample_0273.jpg,SEED,Non-Meme,0.523510
sample_0274.jpg,images/sample_0274.jpg,SEED,Non-Meme,0.539644
sample_0275.jpg,images/sample_0275.jpg,SEED,Template-Free,0.877644
sample_0276.jpg,images/sample_0276.jpg,SEED,Template-Free,0.766733
sample_0277.jpg,images/sample_0277.jpg,SEED,Non-Meme,0.599137
sample_0278.jpg,images/sample_0278.jpg,SEED,Non-Meme,0.745068
sample_0279.jpg,images/sample_0279.jpg,SEED,kobe,0.895164
sample_0280.jpg,images/sample_0280.jpg,SEED,Template-Free,0.814657
sample_0281.jpg,images/sample_0281.jpg,SEED,Non-Meme,0.828860
sample_0282.jpg,images/sample_0282.jpg,SEED,unsettled-tom,0.931770
sample_0283.jpg,images/sample_0283.jpg,SEED,guy-getting-beat-up,0.934914
sample_0284.jpg,images/sample_0284.jpg,SEED,spiderman-pointing-at-spiderman,0.879613
sample_0285.jpg,images/sample_0285.jpg,SEED,Template-Free,0.845511
sample_0286.jpg,images/sample_0286.jpg,SEED,comparison-table,0.620243
sample_0287.jpg,images/sample_0287.jpg,SEED,Template-Free,0.516546
sample_0288.jpg,images/sample_0288.jpg,SEED,Template-Free,0.701777
sample_0289.jpg,images/sample_0289.jpg,SEED,Non-Meme,0.588563
sample_0290.jpg,images/sample_0290.jpg,SEED,Template-Free,0.811217
sample_0291.jpg,images/sample_0291.jpg,SEED,Template-Free,0.704158
sample_0292.jpg,images/sample_0292.jpg,SEED,Template-Free,0.886950
sample_0293.jpg,images/sample_0293.jpg,SEED,Template-Free,0.945398
sample_0294.jpg,images/sample_0294.jpg,SEED,car-salesman-slaps-hood,0.911152
sample_0295.jpg,images/sample_0295.jpg,SEED,Template-Free,0.708565
sample_0296.jpg,images/sample_0296.jpg,SEED,Non-Meme,0.804385
sample_0297.jpg,images/sample_0297.jpg,SEED,soldiers-hold-up-society,0.801291
sample_0298.jpg,images/sample_0298.jpg,SEED,Template-Free,0.910074
sample_0299.jpg,images/sample_0299.jpg,SEED,Template-Free,0.673072
sample_0300.jpg,images/sample_0300.jpg,SEED,Non-Meme,0.823024
sample_0301.jpg,images/sample_0301.jpg,SEED,show-me-the-real,0.586406
sample_0302.jpg,images/sample_0302.jpg,SEED,Template-Free,0.738946
sample_0303.jpg,images/sample_0303.jpg,SEED,army-clown,0.579727
sample_0304.jpg,images/sample_0304.jpg,SEED,Template-Free,0.891541
sample_0305.jpg,images/sample_0305.jpg,SEED,Template-Free,0.836547
sample_0306.jpg,images/sample_0306.jpg,SEED,Template-Free,0.642937
sample_0307.jpg,images/sample_0307.jpg,SEED,comparison-table,0.766945
sample_0308.jpg,images/sample_0308.jpg,SEED,Template-Free,0.652178
sample_0309.jpg,images/sample_0309.jpg,SEED,Template-Free,0.642603
sample_0310.jpg,images/sample_0310.jpg,SEED,Template-Free,0.927060
sample_0311.jpg,images/sample_0311.jpg,SEED,assassination-chain,0.784119
sample_0312.jpg,images/sample_0312.jpg,SEED,Non-Meme,0.615779
sample_0313.jpg,images/sample_0313.jpg,SEED,Non-Meme,0.899523
sample_0314.jpg,images/sample_0314.jpg,SEED,Non-Meme,0.720698
sample_0315.jpg,images/sample_0315.jpg,SEED,i-am-inevitable,0.906084
sample_0316.jpg,images/sample_0316.jpg,SEED,Template-Free,0.631876
sample_0317.jpg,images/sample_0317.jpg,SEED,s09_blank_blue_colored_family,0.895843
sample_0318.jpg,images/sample_0318.jpg,SEED,Non-Meme,0.776205
sample_0319.jpg,images/sample_0319.jpg,SEED,Template-Free,0.592671
sample_0320.jpg,images/sample_0320.jpg,SEED,Template-Free,0.702366
sample_0321.jpg,images/sample_0321.jpg,SEED,Template-Free,0.814924
sample_0322.jpg,images/sample_0322.jpg,SEED,live-reaction,0.869640
sample_0323.jpg,images/sample_0323.jpg,SEED,am-i-a-joke-to-you,0.934847
sample_0324.jpg,images/sample_0324.jpg,SEED,Template-Free,0.416473
sample_0325.jpg,images/sample_0325.jpg,SEED,banned-from-roblox,0.911360
sample_0326.jpg,images/sample_0326.jpg,SEED,Template-Free,0.757058
sample_0327.jpg,images/sample_0327.jpg,SEED,happy-then-sad,0.914974
sample_0328.jpg,images/sample_0328.jpg,SEED,talking-to-wall,0.874425
sample_0329.jpg,images/sample_0329.jpg,SEED,Template-Free,0.895055
sample_0330.jpg,images/sample_0330.jpg,SEED,Template-Free,0.872613
sample_0331.jpg,images/sample_0331.jpg,SEED,nobody-absolutely-no-one,0.588535
sample_0332.jpg,images/sample_0332.jpg,SEED,Non-Meme,0.921647
sample_0333.jpg,images/sample_0333.jpg,SEED,Non-Meme,0.892688
sample_0334.jpg,images/sample_0334.jpg,SEED,Template-Free,0.666074
sample_0335.jpg,images/sample_0335.jpg,SEED,cheems,0.778161
sample_0336.jpg,images/sample_0336.jpg,SEED,Non-Meme,0.767704
sample_0337.jpg,images/sample_0337.jpg,SEED,Non-Meme,0.821833
sample_0338.jpg,images/sample_0338.jpg,SEED,society-if,0.800166
sample_0339.jpg,images/sample_0339.jpg,SEED,iceberg-levels-tiers,0.683397
sample_0340.jpg,images/sample_0340.jpg,SEED,Template-Free,0.888225
sample_0341.jpg,images/sample_0341.jpg,SEED,Non-Meme,0.817318
sample_0342.jpg,images/sample_0342.jpg,SEED,Template-Free,0.612138
sample_0343.jpg,images/sample_0343.jpg,SEED,Template-Free,0.999794
sample_0344.jpg,images/sample_0344.jpg,SEED,Template-Free,0.886137
sample_0345.jpg,images/sample_0345.jpg,SEED,Non-Meme,0.793417
sample_0346.jpg,images/sample_0346.jpg,SEED,sad-cat-holding-dog,0.941057
sample_0347.jpg,images/sample_0347.jpg,SEED,Template-Free,0.897815
sample_0348.jpg,images/sample_0348.jpg,SEED,Non-Meme,0.869110
sample_0349.jpg,images/sample_0349.jpg,SEED,spongebob-vs-squidward-alarm-clocks,0.924230
sample_0350.jpg,images/sample_0350.jpg,SEED,Non-Meme,0.730058
sample_0351.jpg,images/sample_0351.jpg,SEED,Non-Meme,0.866572
sample_0352.jpg,images/sample_0352.jpg,SEED,Template-Free,0.847899
sample_0353.jpg,images/sample_0353.jpg,SEED,bernie-sanders-once-again-asking,0.939108
sample_0354.jpg,images/sample_0354.jpg,SEED,Template-Free,0.776690
sample_0355.jpg,images/sample_0355.jpg,SEED,kermit-window,0.954255
sample_0356.jpg,images/sample_0356.jpg,SEED,Non-Meme,0.820592
sample_0357.jpg,images/sample_0357.jpg,SEED,Template-Free,0.673202
sample_0358.jpg,images/sample_0358.jpg,SEED,Template-Free,0.960236
sample_0359.jpg,images/sample_0359.jpg,SEED,stonks,0.963784
sample_0360.jpg,images/sample_0360.jpg,SEED,Template-Free,0.701102
sample_0361.jpg,images/sample_0361.jpg,SEED,Template-Free,0.815364
sample_0362.jpg,images/sample_0362.jpg,SEED,milking-the-cow,0.823020
sample_0363.jpg,images/sample_0363.jpg,SEED,Non-Meme,0.673670
sample_0364.jpg,images/sample_0364.jpg,SEED,Template-Free,0.622216
sample_0365.jpg,images/sample_0365.jpg,SEED,Non-Meme,0.792454
sample_0366.jpg,images/sample_0366.jpg,SEED,Non-Meme,0.755922
sample_0367.jpg,images/sample_0367.jpg,SEED,Template-Free,0.621132
sample_0368.jpg,images/sample_0368.jpg,SEED,Template-Free,0.937081
sample_0369.jpg,images/sample_0369.jpg,SEED,Template-Free,0.901372
sample_0370.jpg,images/sample_0370.jpg,SEED,Template-Free,0.967719
sample_0371.jpg,images/sample_0371.jpg,SEED,Non-Meme,0.898441
sample_0372.jpg,images/sample_0372.jpg,SEED,Non-Meme,0.543951
sample_0373.jpg,images/sample_0373.jpg,SEED,spiderman-presentation,0.960778
sample_0374.jpg,images/sample_0374.jpg,SEED,Non-Meme,0.609892
sample_0375.jpg,images/sample_0375.jpg,SEED,strong-dog-vs-weak-dog,0.933217
sample_0376.jpg,images/sample_0376.jpg,SEED,Non-Meme,0.895834
sample_0377.jpg,images/sample_0377.jpg,SEED,running-away-balloon,0.894956
sample_0378.jpg,images/sample_0378.jpg,SEED,Template-Free,0.950389
sample_0379.jpg,images/sample_0379.jpg,SEED,the-cooler-daniel,0.524450
sample_0380.jpg,images/sample_0380.jpg,SEED,Template-Free,0.979570
sample_0381.jpg,images/sample_0381.jpg,SEED,Template-Free,0.742492
sample_0382.jpg,images/sample_0382.jpg,SEED,Non-Meme,0.744717
sample_0383.jpg,images/sample_0383.jpg,SEED,Template-Free,0.880164
sample_0384.jpg,images/sample_0384.jpg,SEED,Template-Free,0.498374
sample_0385.jpg,images/sample_0385.jpg,SEED,Template-Free,0.967283
sample_0386.jpg,images/sample_0386.jpg,SEED,Non-Meme,0.750083
sample_0387.jpg,images/sample_0387.jpg,SEED,crying-wojak-vs-chad,0.833203
sample_0388.jpg,images/sample_0388.jpg,SEED,virgin-vs-chad,0.793879
sample_0389.jpg,images/sample_0389.jpg,SEED,Template-Free,0.642968
sample_0390.jpg,images/sample_0390.jpg,SEED,car-salesman-slaps-hood,0.683354
sample_0391.jpg,images/sample_0391.jpg,SEED,drake_hotline_bling_normal,0.660524
sample_0392.jpg,images/sample_0392.jpg,SEED,Non-Meme,0.900492
sample_0393.jpg,images/sample_0393.jpg,SEED,nobody-absolutely-no-one,0.717756
sample_0394.jpg,images/sample_0394.jpg,SEED,Template-Free,0.672365
sample_0395.jpg,images/sample_0395.jpg,SEED,Template-Free,0.899985
sample_0396.jpg,images/sample_0396.jpg,SEED,Template-Free,0.810004
sample_0397.jpg,images/sample_0397.jpg,SEED,Template-Free,0.916762
sample_0398.jpg,images/sample_0398.jpg,SEED,crying-peter-parker,0.535217
sample_0399.jpg,images/sample_0399.jpg,SEED,all_your_base,0.830951
sample_0400.jpg,images/sample_0400.jpg,SEED,Non-Meme,0.752700
sample_0401.jpg,images/sample_0401.jpg,SEED,money_man,0.490625
sample_0402.jpg,images/sample_0402.jpg,SEED,Template-Free,0.867147
sample_0403.jpg,images/sample_0403.jpg,SEED,i-bet-hes-thinking-about-other-women,0.934015
sample_0404.jpg,images/sample_0404.jpg,SEED,this-little-manuever-is-gonna-cost-us-51-years,0.611773
sample_0405.jpg,images/sample_0405.jpg,SEED,Non-Meme,0.536515
sample_0406.jpg,images/sample_0406.jpg,SEED,Non-Meme,0.889016
sample_0407.jpg,images/sample_0407.jpg,SEED,Template-Free,0.929779
sample_0408.jpg,images/sample_0408.jpg,SEED,Template-Free,0.925370
sample_0409.jpg,images/sample_0409.jpg,SEED,Template-Free,0.529586
sample_0410.jpg,images/sample_0410.jpg,SEED,Non-Meme,0.743953
sample_0411.jpg,images/sample_0411.jpg,SEED,you-have-no-power-here,0.817325
sample_0412.jpg,images/sample_0412.jpg,SEED,Template-Free,0.758821
sample_0413.jpg,images/sample_0413.jpg,SEED,banned-from-roblox,0.767471
sample_0414.jpg,images/sample_0414.jpg,SEED,Non-Meme,0.870211
sample_0415.jpg,images/sample_0415.jpg,SEED,car-salesman-slaps-hood,0.780391
sample_0416.jpg,images/sample_0416.jpg,SEED,somehow_palpatine_returned,0.665515
sample_0417.jpg,images/sample_0417.jpg,SEED,Template-Free,0.922151
sample_0418.jpg,images/sample_0418.jpg,SEED,Template-Free,0.703871
sample_0419.jpg,images/sample_0419.jpg,SEED,Template-Free,0.664027
sample_0420.jpg,images/sample_0420.jpg,SEED,joins_battle_smash_bros,0.895865
sample_0421.jpg,images/sample_0421.jpg,SEED,Non-Meme,0.875605
sample_0422.jpg,images/sample_0422.jpg,SEED,Non-Meme,0.867894
sample_0423.jpg,images/sample_0423.jpg,SEED,Template-Free,0.881389
sample_0424.jpg,images/sample_0424.jpg,SEED,Non-Meme,0.794313
sample_0425.jpg,images/sample_0425.jpg,SEED,Template-Free,0.469181
sample_0426.jpg,images/sample_0426.jpg,SEED,Template-Free,0.667038
sample_0427.jpg,images/sample_0427.jpg,SEED,Non-Meme,0.822438
sample_0428.jpg,images/sample_0428.jpg,SEED,Non-Meme,0.881912
sample_0429.jpg,images/sample_0429.jpg,SEED,Template-Free,0.980116
sample_0430.jpg,images/sample_0430.jpg,SEED,Template-Free,0.640661
sample_0431.jpg,images/sample_0431.jpg,SEED,Template-Free,0.732628
sample_0432.jpg,images/sample_0432.jpg,SEED,get_better_material_meme,0.795260
sample_0433.jpg,images/sample_0433.jpg,SEED,Non-Meme,0.683063
sample_0434.jpg,images/sample_0434.jpg,SEED,Template-Free,0.648814
sample_0435.jpg,images/sample_0435.jpg,SEED,Non-Meme,0.604208
sample_0436.jpg,images/sample_0436.jpg,SEED,communist_cat,0.974152
sample_0437.jpg,images/sample_0437.jpg,SEED,drake_hotline_bling_normal,0.708543
sample_0438.jpg,images/sample_0438.jpg,SEED,Template-Free,0.933477
sample_0439.jpg,images/sample_0439.jpg,SEED,Non-Meme,0.759076
sample_0440.jpg,images/sample_0440.jpg,SEED,Template-Free,0.973730
sample_0441.jpg,images/sample_0441.jpg,SEED,Template-Free,0.613376
sample_0442.jpg,images/sample_0442.jpg,SEED,Template-Free,0.945986
sample_0443.jpg,images/sample_0443.jpg,SEED,Non-Meme,0.716460
sample_0444.jpg,images/sample_0444.jpg,SEED,drake_hotline_bling_normal,0.917799
sample_0445.jpg,images/sample_0445.jpg,SEED,Template-Free,0.950630
sample_0446.jpg,images/sample_0446.jpg,SEED,Template-Free,0.971125
sample_0447.jpg,images/sample_0447.jpg,SEED,Non-Meme,0.753751
sample_0448.jpg,images/sample_0448.jpg,SEED,Template-Free,0.568852
sample_0449.jpg,images/sample_0449.jpg,SEED,cereal_guys_daddy,0.735931
sample_0450.jpg,images/sample_0450.jpg,SEED,Non-Meme,0.915169
sample_0451.jpg,images/sample_0451.jpg,SEED,cast-it-into-the-fire,0.566244
sample_0452.jpg,images/sample_0452.jpg,SEED,hard-to-swallow-pills,0.769043
sample_0453.jpg,images/sample_0453.jpg,SEED,Template-Free,0.602049
sample_0454.jpg,images/sample_0454.jpg,SEED,Non-Meme,0.802602
sample_0455.jpg,images/sample_0455.jpg,SEED,blank-red-maga-hat,0.651997
sample_0456.jpg,images/sample_0456.jpg,SEED,Non-Meme,0.800321
sample_0457.jpg,images/sample_0457.jpg,SEED,Template-Free,0.984159
sample_0458.jpg,images/sample_0458.jpg,SEED,keep-calm-and-carry-on-purple,0.776494
sample_0459.jpg,images/sample_0459.jpg,SEED,Template-Free,0.504147
sample_0460.jpg,images/sample_0460.jpg,SEED,drake_hotline_bling_normal,0.832720
sample_0461.jpg,images/sample_0461.jpg,SEED,mother-ignoring-kid-drowning-in-a-pool,0.949403
sample_0462.jpg,images/sample_0462.jpg,SEED,csi,0.611485
sample_0463.jpg,images/sample_0463.jpg,SEED,Template-Free,0.916565
sample_0464.jpg,images/sample_0464.jpg,SEED,Non-Meme,0.782324
sample_0465.jpg,images/sample_0465.jpg,SEED,Template-Free,0.824928
sample_0466.jpg,images/sample_0466.jpg,SEED,you-like-krabby-patties,0.901670
sample_0467.jpg,images/sample_0467.jpg,SEED,adios,0.968916
sample_0468.jpg,images/sample_0468.jpg,SEED,alignment-chart,0.789600
sample_0469.jpg,images/sample_0469.jpg,SEED,angry-flower,0.895484
sample_0470.jpg,images/sample_0470.jpg,SEED,Template-Free,0.917443
sample_0471.jpg,images/sample_0471.jpg,SEED,Non-Meme,0.507264
sample_0472.jpg,images/sample_0472.jpg,SEED,Template-Free,0.836531
sample_0473.jpg,images/sample_0473.jpg,SEED,i-believe-in-supremacy,0.564601
sample_0474.jpg,images/sample_0474.jpg,SEED,its-free-real-estate,0.919589
sample_0475.jpg,images/sample_0475.jpg,SEED,Template-Free,0.592857
sample_0476.jpg,images/sample_0476.jpg,SEED,Non-Meme,0.651350
sample_0477.jpg,images/sample_0477.jpg,SEED,Template-Free,0.735494
sample_0478.jpg,images/sample_0478.jpg,SEED,Non-Meme,0.858570
sample_0479.jpg,images/sample_0479.jpg,SEED,Template-Free,0.949319
sample_0480.jpg,images/sample_0480.jpg,SEED,Template-Free,0.548901
sample_0481.jpg,images/sample_0481.jpg,SEED,Template-Free,0.925032
sample_0482.jpg,images/sample_0482.jpg,SEED,ew-i-stepped-in-shit,0.961262
sample_0483.jpg,images/sample_0483.jpg,SEED,Template-Free,0.778698
sample_0484.jpg,images/sample_0484.jpg,SEED,Template-Free,0.732638
sample_0485.jpg,images/sample_0485.jpg,SEED,Template-Free,0.579800
sample_0486.jpg,images/sample_0486.jpg,SEED,pink-guy-vs-bane,0.945641
sample_0487.jpg,images/sample_0487.jpg,SEED,Template-Free,0.963337
sample_0488.jpg,images/sample_0488.jpg,SEED,are_ya_winning_son,0.849491
sample_0489.jpg,images/sample_0489.jpg,SEED,Non-Meme,0.784120
sample_0490.jpg,images/sample_0490.jpg,SEED,tom-the-cat-shooting-himself,0.795362
sample_0491.jpg,images/sample_0491.jpg,SEED,lisa-simpsons-presentation,0.866500
sample_0492.jpg,images/sample_0492.jpg,SEED,Non-Meme,0.608388
sample_0493.jpg,images/sample_0493.jpg,SEED,make_your_own_meme,0.734170
sample_0494.jpg,images/sample_0494.jpg,SEED,Template-Free,0.908771
sample_0495.jpg,images/sample_0495.jpg,SEED,and-thats-a-fact,0.852290
sample_0496.jpg,images/sample_0496.jpg,SEED,Template-Free,0.945883
sample_0497.jpg,images/sample_0497.jpg,SEED,cereal-guy,0.738519
sample_0498.jpg,images/sample_0498.jpg,SEED,Non-Meme,0.884918
sample_0499.jpg,images/sample_0499.jpg,SEED,Template-Free,0.859164
sample_0500.jpg,images/sample_0500.jpg,SEED,Template-Free,0.589425
sample_0501.jpg,images/sample_0501.jpg,SEED,master_oogway,0.700772
sample_0502.jpg,images/sample_0502.jpg,SEED,blinking-guy,0.941639
sample_0503.jpg,images/sample_0503.jpg,SEED,Template-Free,0.918637
sample_0504.jpg,images/sample_0504.jpg,SEED,Template-Free,0.561642
sample_0505.jpg,images/sample_0505.jpg,SEED,victoria-david-beckham-be-honest,0.705121
sample_0506.jpg,images/sample_0506.jpg,SEED,Non-Meme,0.842770
sample_0507.jpg,images/sample_0507.jpg,SEED,computer-guy-facepalm,0.760913
sample_0508.jpg,images/sample_0508.jpg,SEED,Non-Meme,0.980600
sample_0509.jpg,images/sample_0509.jpg,SEED,Non-Meme,0.867296
sample_0510.jpg,images/sample_0510.jpg,SEED,Template-Free,0.944056
sample_0511.jpg,images/sample_0511.jpg,SEED,Non-Meme,0.749059
sample_0512.jpg,images/sample_0512.jpg,SEED,who-would-win,0.566715
sample_0513.jpg,images/sample_0513.jpg,SEED,nobody-is-born-cool,0.908153
sample_0514.jpg,images/sample_0514.jpg,SEED,Template-Free,0.790788
sample_0515.jpg,images/sample_0515.jpg,SEED,m06_change_my_mind,0.966708
sample_0516.jpg,images/sample_0516.jpg,SEED,is_calling_you,0.661632
sample_0517.jpg,images/sample_0517.jpg,SEED,gotta_be_one_of_my_favorite_genders,0.626060
sample_0518.jpg,images/sample_0518.jpg,SEED,Non-Meme,0.876667
sample_0519.jpg,images/sample_0519.jpg,SEED,Template-Free,0.860403
sample_0520.jpg,images/sample_0520.jpg,SEED,Non-Meme,0.774122
sample_0521.jpg,images/sample_0521.jpg,SEED,Template-Free,0.901427
sample_0522.jpg,images/sample_0522.jpg,SEED,lisa-simpsons-presentation,0.880741
sample_0523.jpg,images/sample_0523.jpg,SEED,Template-Free,0.735265
sample_0524.jpg,images/sample_0524.jpg,SEED,Template-Free,0.695260
sample_0525.jpg,images/sample_0525.jpg,SEED,Template-Free,0.970252
sample_0526.jpg,images/sample_0526.jpg,SEED,Template-Free,0.637208
sample_0527.jpg,images/sample_0527.jpg,SEED,Non-Meme,0.472797
sample_0528.jpg,images/sample_0528.jpg,SEED,Template-Free,0.717823
sample_0529.jpg,images/sample_0529.jpg,SEED,Non-Meme,0.614610
sample_0530.jpg,images/sample_0530.jpg,SEED,Non-Meme,0.956212
sample_0531.jpg,images/sample_0531.jpg,SEED,Template-Free,0.485367
sample_0532.jpg,images/sample_0532.jpg,SEED,Non-Meme,0.797400
sample_0533.jpg,images/sample_0533.jpg,SEED,creepy-condescending-wonka,0.951829
sample_0534.jpg,images/sample_0534.jpg,SEED,well-yes-but-actually-no,0.967827
sample_0535.jpg,images/sample_0535.jpg,SEED,Template-Free,0.787011
sample_0536.jpg,images/sample_0536.jpg,SEED,show-me-the-real,0.787680
sample_0537.jpg,images/sample_0537.jpg,SEED,drake_hotline_bling_normal,0.784211
sample_0538.jpg,images/sample_0538.jpg,SEED,Template-Free,0.902499
sample_0539.jpg,images/sample_0539.jpg,SEED,Non-Meme,0.861322
sample_0540.jpg,images/sample_0540.jpg,SEED,Template-Free,0.684547
sample_0541.jpg,images/sample_0541.jpg,SEED,pepe-the-frog,0.838095
sample_0542.jpg,images/sample_0542.jpg,SEED,Template-Free,0.691250
sample_0543.jpg,images/sample_0543.jpg,SEED,Template-Free,0.647262
sample_0544.jpg,images/sample_0544.jpg,SEED,Template-Free,0.937872
sample_0545.jpg,images/sample_0545.jpg,SEED,Template-Free,0.947033
sample_0546.jpg,images/sample_0546.jpg,SEED,Template-Free,0.961140
sample_0547.jpg,images/sample_0547.jpg,SEED,Non-Meme,0.693270
sample_0548.jpg,images/sample_0548.jpg,SEED,Template-Free,0.699905
sample_0549.jpg,images/sample_0549.jpg,SEED,afraid-to-ask-andy,0.958088
sample_0550.jpg,images/sample_0550.jpg,SEED,Template-Free,0.729643
sample_0551.jpg,images/sample_0551.jpg,SEED,Template-Free,0.749514
sample_0552.jpg,images/sample_0552.jpg,SEED,Non-Meme,0.665564
sample_0553.jpg,images/sample_0553.jpg,SEED,unsettled-tom,0.936332
sample_0554.jpg,images/sample_0554.jpg,SEED,always-you-three,0.496214
sample_0555.jpg,images/sample_0555.jpg,SEED,squidward-chair,0.878982
sample_0556.jpg,images/sample_0556.jpg,SEED,blinking-guy,0.850228
sample_0557.jpg,images/sample_0557.jpg,SEED,Non-Meme,0.849302
sample_0558.jpg,images/sample_0558.jpg,SEED,Template-Free,0.778829
sample_0559.jpg,images/sample_0559.jpg,SEED,straight-outta-x-blank-template,0.709417
sample_0560.jpg,images/sample_0560.jpg,SEED,npc,0.748702
sample_0561.jpg,images/sample_0561.jpg,SEED,Template-Free,0.846657
sample_0562.jpg,images/sample_0562.jpg,SEED,Non-Meme,0.899023
sample_0563.jpg,images/sample_0563.jpg,SEED,Template-Free,0.674656
sample_0564.jpg,images/sample_0564.jpg,SEED,michael-jackson-eating-popcorn,0.851414
sample_0565.jpg,images/sample_0565.jpg,SEED,Template-Free,0.545288
sample_0566.jpg,images/sample_0566.jpg,SEED,Template-Free,0.676527
sample_0567.jpg,images/sample_0567.jpg,SEED,Non-Meme,0.584301
sample_0568.jpg,images/sample_0568.jpg,SEED,Non-Meme,0.908080
sample_0569.jpg,images/sample_0569.jpg,SEED,Template-Free,0.922249
sample_0570.jpg,images/sample_0570.jpg,SEED,Non-Meme,0.685681
sample_0571.jpg,images/sample_0571.jpg,SEED,a_wizard_is_never_late,0.674832
sample_0572.jpg,images/sample_0572.jpg,SEED,society-if,0.634655
sample_0573.jpg,images/sample_0573.jpg,SEED,Non-Meme,0.712694
sample_0574.jpg,images/sample_0574.jpg,SEED,gotta_be_one_of_my_favorite_genders,0.501779
sample_0575.jpg,images/sample_0575.jpg,SEED,Non-Meme,0.453054
sample_0576.jpg,images/sample_0576.jpg,SEED,Non-Meme,0.777805
sample_0577.jpg,images/sample_0577.jpg,SEED,Non-Meme,0.766413
sample_0578.jpg,images/sample_0578.jpg,SEED,Template-Free,0.623976
sample_0579.jpg,images/sample_0579.jpg,SEED,Non-Meme,0.684279
sample_0580.jpg,images/sample_0580.jpg,SEED,but-it-was-me-dio,0.686024
sample_0581.jpg,images/sample_0581.jpg,SEED,four-horsemen,0.751054
sample_0582.jpg,images/sample_0582.jpg,SEED,s09_blank_blue_colored_family,0.753458
sample_0583.jpg,images/sample_0583.jpg,SEED,lisa-simpsons-presentation,0.846773
sample_0584.jpg,images/sample_0584.jpg,SEED,Template-Free,0.844349
sample_0585.jpg,images/sample_0585.jpg,SEED,Non-Meme,0.595568
sample_0586.jpg,images/sample_0586.jpg,SEED,Template-Free,0.920608
sample_0587.jpg,images/sample_0587.jpg,SEED,Template-Free,0.546079
sample_0588.jpg,images/sample_0588.jpg,SEED,Non-Meme,0.662077
sample_0589.jpg,images/sample_0589.jpg,SEED,Template-Free,0.625803
sample_0590.jpg,images/sample_0590.jpg,SEED,Template-Free,0.707397
sample_0591.jpg,images/sample_0591.jpg,SEED,nah_id_win,0.711318
sample_0592.jpg,images/sample_0592.jpg,SEED,Non-Meme,0.721190
sample_0593.jpg,images/sample_0593.jpg,SEED,Non-Meme,0.769251
sample_0594.jpg,images/sample_0594.jpg,SEED,mozart_not_sure,0.917304
sample_0595.jpg,images/sample_0595.jpg,SEED,live-reaction,0.624059
sample_0596.jpg,images/sample_0596.jpg,SEED,listen-here-you-little-shit-bird,0.869807
sample_0597.jpg,images/sample_0597.jpg,SEED,Non-Meme,0.625397
sample_0598.jpg,images/sample_0598.jpg,SEED,Template-Free,0.807478
sample_0599.jpg,images/sample_0599.jpg,SEED,Non-Meme,0.779042
sample_0600.jpg,images/sample_0600.jpg,SEED,Non-Meme,0.917892
sample_0601.jpg,images/sample_0601.jpg,SEED,its-over-anakin-i-have-the-high-ground,0.809040
sample_0602.jpg,images/sample_0602.jpg,SEED,Template-Free,0.641367
sample_0603.jpg,images/sample_0603.jpg,SEED,Template-Free,0.957776
sample_0604.jpg,images/sample_0604.jpg,SEED,Template-Free,0.909092
sample_0605.jpg,images/sample_0605.jpg,SEED,Template-Free,0.966786
sample_0606.jpg,images/sample_0606.jpg,SEED,Template-Free,0.735829
sample_0607.jpg,images/sample_0607.jpg,SEED,blank-nut-button,0.904471
sample_0608.jpg,images/sample_0608.jpg,SEED,onde,0.602928
sample_0609.jpg,images/sample_0609.jpg,SEED,i-have-no-idea-what-i-am-doing-dog,0.960313
sample_0610.jpg,images/sample_0610.jpg,SEED,Non-Meme,0.708428
sample_0611.jpg,images/sample_0611.jpg,SEED,guy-with-sand-in-the-hands-of-despair,0.745429
sample_0612.jpg,images/sample_0612.jpg,SEED,Template-Free,0.881130
sample_0613.jpg,images/sample_0613.jpg,SEED,Template-Free,0.931200
sample_0614.jpg,images/sample_0614.jpg,SEED,Non-Meme,0.855344
sample_0615.jpg,images/sample_0615.jpg,SEED,eric-andre-let-me-in-meme,0.918402
sample_0616.jpg,images/sample_0616.jpg,SEED,napoleon,0.515008
sample_0617.jpg,images/sample_0617.jpg,SEED,Non-Meme,0.887016
sample_0618.jpg,images/sample_0618.jpg,SEED,nick-young,0.701232
sample_0619.jpg,images/sample_0619.jpg,SEED,Template-Free,0.746241
sample_0620.jpg,images/sample_0620.jpg,SEED,Template-Free,0.876036
sample_0621.jpg,images/sample_0621.jpg,SEED,Template-Free,0.930625
sample_0622.jpg,images/sample_0622.jpg,SEED,Non-Meme,0.817870
sample_0623.jpg,images/sample_0623.jpg,SEED,Non-Meme,0.784154
sample_0624.jpg,images/sample_0624.jpg,SEED,big-brain-wojak,0.936705
sample_0625.jpg,images/sample_0625.jpg,SEED,show-me-the-real,0.605598
sample_0626.jpg,images/sample_0626.jpg,SEED,Non-Meme,0.726342
sample_0627.jpg,images/sample_0627.jpg,SEED,comparison-table,0.681014
sample_0628.jpg,images/sample_0628.jpg,SEED,Non-Meme,0.724584
sample_0629.jpg,images/sample_0629.jpg,SEED,now-thats-what-i-call,0.663894
sample_0630.jpg,images/sample_0630.jpg,SEED,Template-Free,0.932427
sample_0631.jpg,images/sample_0631.jpg,SEED,Template-Free,0.658796
sample_0632.jpg,images/sample_0632.jpg,SEED,Template-Free,0.794052
sample_0633.jpg,images/sample_0633.jpg,SEED,Template-Free,0.598999
sample_0634.jpg,images/sample_0634.jpg,SEED,Template-Free,0.738912
sample_0635.jpg,images/sample_0635.jpg,SEED,actual-advice-mallard,0.938867
sample_0636.jpg,images/sample_0636.jpg,SEED,what-if-you-wanted-to-go-to-heaven,0.735624
sample_0637.jpg,images/sample_0637.jpg,SEED,Template-Free,0.955304
sample_0638.jpg,images/sample_0638.jpg,SEED,Non-Meme,0.864451
sample_0639.jpg,images/sample_0639.jpg,SEED,Non-Meme,0.525594
sample_0640.jpg,images/sample_0640.jpg,SEED,dead-baby-voldemort-what-happened-to-him,0.891275
sample_0641.jpg,images/sample_0641.jpg,SEED,m15_homer_bush,0.864138
sample_0642.jpg,images/sample_0642.jpg,SEED,nuclear-explosion,0.957364
sample_0643.jpg,images/sample_0643.jpg,SEED,disloyal-boyfriend,0.889621
sample_0644.jpg,images/sample_0644.jpg,SEED,Template-Free,0.967772
sample_0645.jpg,images/sample_0645.jpg,SEED,disappearing,0.894331
sample_0646.jpg,images/sample_0646.jpg,SEED,Template-Free,0.729947
sample_0647.jpg,images/sample_0647.jpg,SEED,arthur-fist,0.905856
sample_0648.jpg,images/sample_0648.jpg,SEED,panik-kalm-panik,0.957104
sample_0649.jpg,images/sample_0649.jpg,SEED,panik-kalm-panik,0.790574
sample_0650.jpg,images/sample_0650.jpg,SEED,Template-Free,0.742814
sample_0651.jpg,images/sample_0651.jpg,SEED,Non-Meme,0.924831
sample_0652.jpg,images/sample_0652.jpg,SEED,four-horsemen,0.751666
sample_0653.jpg,images/sample_0653.jpg,SEED,anime-girl-hiding-from-terminator,0.935602
sample_0654.jpg,images/sample_0654.jpg,SEED,Template-Free,0.930679
sample_0655.jpg,images/sample_0655.jpg,SEED,Non-Meme,0.683256
sample_0656.jpg,images/sample_0656.jpg,SEED,Template-Free,0.787542
sample_0657.jpg,images/sample_0657.jpg,SEED,Non-Meme,0.727796
sample_0658.jpg,images/sample_0658.jpg,SEED,Non-Meme,0.753572
sample_0659.jpg,images/sample_0659.jpg,SEED,Template-Free,0.966585
sample_0660.jpg,images/sample_0660.jpg,SEED,show-me-the-real,0.777853
sample_0661.jpg,images/sample_0661.jpg,SEED,Non-Meme,0.980688
sample_0662.jpg,images/sample_0662.jpg,SEED,virgin-vs-chad,0.752929
sample_0663.jpg,images/sample_0663.jpg,SEED,Template-Free,0.717277
sample_0664.jpg,images/sample_0664.jpg,SEED,Non-Meme,0.680731
sample_0665.jpg,images/sample_0665.jpg,SEED,Template-Free,0.860899
sample_0666.jpg,images/sample_0666.jpg,SEED,Template-Free,0.750895
sample_0667.jpg,images/sample_0667.jpg,SEED,Non-Meme,0.880903
sample_0668.jpg,images/sample_0668.jpg,SEED,panzer-of-the-lake,0.756485
sample_0669.jpg,images/sample_0669.jpg,SEED,Non-Meme,0.584214
sample_0670.jpg,images/sample_0670.jpg,SEED,Template-Free,0.708209
sample_0671.jpg,images/sample_0671.jpg,SEED,Template-Free,0.620663
sample_0672.jpg,images/sample_0672.jpg,SEED,smiling-cat,0.782905
sample_0673.jpg,images/sample_0673.jpg,SEED,show-me-the-real,0.876637
sample_0674.jpg,images/sample_0674.jpg,SEED,realistic-red-angry-birds,0.689775
sample_0675.jpg,images/sample_0675.jpg,SEED,show-me-the-real,0.923445
sample_0676.jpg,images/sample_0676.jpg,SEED,Non-Meme,0.629753
sample_0677.jpg,images/sample_0677.jpg,SEED,Non-Meme,0.889682
sample_0678.jpg,images/sample_0678.jpg,SEED,doge,0.927583
sample_0679.jpg,images/sample_0679.jpg,SEED,star-wars-yoda,0.505051
sample_0680.jpg,images/sample_0680.jpg,SEED,Template-Free,0.637004
sample_0681.jpg,images/sample_0681.jpg,SEED,Non-Meme,0.944041
sample_0682.jpg,images/sample_0682.jpg,SEED,Non-Meme,0.923374
sample_0683.jpg,images/sample_0683.jpg,SEED,0-days-without-lenny-simpsons,0.779439
sample_0684.jpg,images/sample_0684.jpg,SEED,Template-Free,0.570452
sample_0685.jpg,images/sample_0685.jpg,SEED,Non-Meme,0.887038
sample_0686.jpg,images/sample_0686.jpg,SEED,Template-Free,0.770191
sample_0687.jpg,images/sample_0687.jpg,SEED,no-nappa-its-a-trick,0.781334
sample_0688.jpg,images/sample_0688.jpg,SEED,blank_transparent_square,0.734355
sample_0689.jpg,images/sample_0689.jpg,SEED,Template-Free,0.612066
sample_0690.jpg,images/sample_0690.jpg,SEED,Template-Free,0.930282
sample_0691.jpg,images/sample_0691.jpg,SEED,success-kid-original,0.939637
sample_0692.jpg,images/sample_0692.jpg,SEED,Non-Meme,0.953286
sample_0693.jpg,images/sample_0693.jpg,SEED,Non-Meme,0.934137
sample_0694.jpg,images/sample_0694.jpg,SEED,Non-Meme,0.645715
sample_0695.jpg,images/sample_0695.jpg,SEED,spongebob-wanna-see-me-do-it-again,0.703379
sample_0696.jpg,images/sample_0696.jpg,SEED,Non-Meme,0.815333
sample_0697.jpg,images/sample_0697.jpg,SEED,Non-Meme,0.676051
sample_0698.jpg,images/sample_0698.jpg,SEED,Template-Free,0.692658
sample_0699.jpg,images/sample_0699.jpg,SEED,Non-Meme,0.832695
sample_0700.jpg,images/sample_0700.jpg,SEED,Template-Free,0.828049
sample_0701.jpg,images/sample_0701.jpg,SEED,nobody-absolutely-no-one,0.902125
sample_0702.jpg,images/sample_0702.jpg,SEED,and-i-took-that-personally,0.705001
sample_0703.jpg,images/sample_0703.jpg,SEED,Non-Meme,0.837125
sample_0704.jpg,images/sample_0704.jpg,SEED,Non-Meme,0.836866
sample_0705.jpg,images/sample_0705.jpg,SEED,Template-Free,0.928041
sample_0706.jpg,images/sample_0706.jpg,SEED,sidious-error,0.697503
sample_0707.jpg,images/sample_0707.jpg,SEED,bald-indian-guy,0.911058
sample_0708.jpg,images/sample_0708.jpg,SEED,Non-Meme,0.936838
sample_0709.jpg,images/sample_0709.jpg,SEED,see_you_again,0.859987
sample_0710.jpg,images/sample_0710.jpg,SEED,Template-Free,0.880918
sample_0711.jpg,images/sample_0711.jpg,SEED,drake_hotline_bling_normal,0.881482
sample_0712.jpg,images/sample_0712.jpg,SEED,happy-then-sad,0.916026
sample_0713.jpg,images/sample_0713.jpg,SEED,Template-Free,0.917286
sample_0714.jpg,images/sample_0714.jpg,SEED,always-you-three,0.518397
sample_0715.jpg,images/sample_0715.jpg,SEED,Template-Free,0.925964
sample_0716.jpg,images/sample_0716.jpg,SEED,Non-Meme,0.789608
sample_0717.jpg,images/sample_0717.jpg,SEED,Non-Meme,0.708966
sample_0718.jpg,images/sample_0718.jpg,SEED,Non-Meme,0.917157
sample_0719.jpg,images/sample_0719.jpg,SEED,Non-Meme,0.637833
sample_0720.jpg,images/sample_0720.jpg,SEED,assassination-chain,0.904698
sample_0721.jpg,images/sample_0721.jpg,SEED,Template-Free,0.606149
sample_0722.jpg,images/sample_0722.jpg,SEED,Non-Meme,0.661244
sample_0723.jpg,images/sample_0723.jpg,SEED,Template-Free,0.695900
sample_0724.jpg,images/sample_0724.jpg,SEED,iceberg,0.840413
sample_0725.jpg,images/sample_0725.jpg,SEED,guy_fawkes,0.568461
sample_0726.jpg,images/sample_0726.jpg,SEED,Non-Meme,0.731882
sample_0727.jpg,images/sample_0727.jpg,SEED,Template-Free,0.492073
sample_0728.jpg,images/sample_0728.jpg,SEED,Non-Meme,0.631645
sample_0729.jpg,images/sample_0729.jpg,SEED,Template-Free,0.904231
sample_0730.jpg,images/sample_0730.jpg,SEED,Non-Meme,0.805272
sample_0731.jpg,images/sample_0731.jpg,SEED,Non-Meme,0.955347
sample_0732.jpg,images/sample_0732.jpg,SEED,Template-Free,0.564661
sample_0733.jpg,images/sample_0733.jpg,SEED,s02_breaking_news_ron_burgundy,0.739336
sample_0734.jpg,images/sample_0734.jpg,SEED,Non-Meme,0.570718
sample_0735.jpg,images/sample_0735.jpg,SEED,blank,0.587516
sample_0736.jpg,images/sample_0736.jpg,SEED,panik-kalm-panik,0.963864
sample_0737.jpg,images/sample_0737.jpg,SEED,darth_vader_where_is_padme,0.763420
sample_0738.jpg,images/sample_0738.jpg,SEED,spongebob_hype_stand,0.924725
sample_0739.jpg,images/sample_0739.jpg,SEED,Non-Meme,0.984029
sample_0740.jpg,images/sample_0740.jpg,SEED,Non-Meme,0.632013
sample_0741.jpg,images/sample_0741.jpg,SEED,mom-can-we-have,0.679437
sample_0742.jpg,images/sample_0742.jpg,SEED,Template-Free,0.581742
sample_0743.jpg,images/sample_0743.jpg,SEED,society-if,0.719996
sample_0744.jpg,images/sample_0744.jpg,SEED,memeo,0.634669
sample_0745.jpg,images/sample_0745.jpg,SEED,Non-Meme,0.701611
sample_0746.jpg,images/sample_0746.jpg,SEED,you-took-everything-from-me-i-dont-even-know-who-you-are,0.678536
sample_0747.jpg,images/sample_0747.jpg,SEED,Non-Meme,0.715741
sample_0748.jpg,images/sample_0748.jpg,SEED,Template-Free,0.730076
sample_0749.jpg,images/sample_0749.jpg,SEED,floating-boy-chasing-running-boy,0.741403
sample_0750.jpg,images/sample_0750.jpg,SEED,the-more-you-know,0.931790
sample_0751.jpg,images/sample_0751.jpg,SEED,Template-Free,0.984740
sample_0752.jpg,images/sample_0752.jpg,SEED,so-much-drama,0.771627
sample_0753.jpg,images/sample_0753.jpg,SEED,addicts_before_and_after,0.725119
sample_0754.jpg,images/sample_0754.jpg,SEED,a-ustedes-les-pagan,0.932955
sample_0755.jpg,images/sample_0755.jpg,SEED,blank-pokemon-card,0.731551
sample_0756.jpg,images/sample_0756.jpg,SEED,banned-from-roblox,0.886948
sample_0757.jpg,images/sample_0757.jpg,SEED,Non-Meme,0.712829
sample_0758.jpg,images/sample_0758.jpg,SEED,Template-Free,0.879728
sample_0759.jpg,images/sample_0759.jpg,SEED,Template-Free,0.915789
sample_0760.jpg,images/sample_0760.jpg,SEED,superman_starman_meme,0.761901
sample_0761.jpg,images/sample_0761.jpg,SEED,tuxedo-winnie-the-pooh,0.950125
sample_0762.jpg,images/sample_0762.jpg,SEED,blinking-guy,0.874847
sample_0763.jpg,images/sample_0763.jpg,SEED,Non-Meme,0.681529
sample_0764.jpg,images/sample_0764.jpg,SEED,rpg-fan,0.810560
sample_0765.jpg,images/sample_0765.jpg,SEED,Non-Meme,0.837496
sample_0766.jpg,images/sample_0766.jpg,SEED,Template-Free,0.695854
sample_0767.jpg,images/sample_0767.jpg,SEED,it-aint-much-but-its-honest-work,0.485215
sample_0768.jpg,images/sample_0768.jpg,SEED,skeletor-disturbing-facts,0.873929
sample_0769.jpg,images/sample_0769.jpg,SEED,Non-Meme,0.956567
sample_0770.jpg,images/sample_0770.jpg,SEED,fat-cat,0.831254
sample_0771.jpg,images/sample_0771.jpg,SEED,Non-Meme,0.638123
sample_0772.jpg,images/sample_0772.jpg,SEED,ol-reliable,0.875084
sample_0773.jpg,images/sample_0773.jpg,SEED,Non-Meme,0.620897
sample_0774.jpg,images/sample_0774.jpg,SEED,Template-Free,0.943632
sample_0775.jpg,images/sample_0775.jpg,SEED,Template-Free,0.664629
sample_0776.jpg,images/sample_0776.jpg,SEED,damn-got-hands,0.927562
sample_0777.jpg,images/sample_0777.jpg,SEED,Non-Meme,0.755663
sample_0778.jpg,images/sample_0778.jpg,SEED,Non-Meme,0.908870
sample_0779.jpg,images/sample_0779.jpg,SEED,angry-birds-pig,0.728681
sample_0780.jpg,images/sample_0780.jpg,SEED,Non-Meme,0.853732
sample_0781.jpg,images/sample_0781.jpg,SEED,Template-Free,0.851191
sample_0782.jpg,images/sample_0782.jpg,SEED,drake_hotline_bling_normal,0.927910
sample_0783.jpg,images/sample_0783.jpg,SEED,Non-Meme,0.637226
sample_0784.jpg,images/sample_0784.jpg,SEED,man_holding_cardboard_sign,0.729036
sample_0785.jpg,images/sample_0785.jpg,SEED,Template-Free,0.875805
sample_0786.jpg,images/sample_0786.jpg,SEED,alignment-chart,0.520200
sample_0787.jpg,images/sample_0787.jpg,SEED,staring-fish,0.960108
sample_0788.jpg,images/sample_0788.jpg,SEED,angry_turkish_man_playing_cards_meme,0.835311
sample_0789.jpg,images/sample_0789.jpg,SEED,stonks,0.919165
sample_0790.jpg,images/sample_0790.jpg,SEED,Template-Free,0.636613
sample_0791.jpg,images/sample_0791.jpg,SEED,Non-Meme,0.648710
sample_0792.jpg,images/sample_0792.jpg,SEED,expanding-brain,0.954691
sample_0793.jpg,images/sample_0793.jpg,SEED,Non-Meme,0.719578
sample_0794.jpg,images/sample_0794.jpg,SEED,Template-Free,0.759713
sample_0795.jpg,images/sample_0795.jpg,SEED,Template-Free,0.558814
sample_0796.jpg,images/sample_0796.jpg,SEED,you-wouldnt-get-it,0.707666
sample_0797.jpg,images/sample_0797.jpg,SEED,Template-Free,0.978591
sample_0798.jpg,images/sample_0798.jpg,SEED,Template-Free,0.888719
sample_0799.jpg,images/sample_0799.jpg,SEED,death-battle,0.822022
sample_0800.jpg,images/sample_0800.jpg,SEED,Template-Free,0.892879
sample_0801.jpg,images/sample_0801.jpg,SEED,one-piece-wanted-poster-template,0.870922
sample_0802.jpg,images/sample_0802.jpg,SEED,Template-Free,0.713944
sample_0803.jpg,images/sample_0803.jpg,SEED,Template-Free,0.975169
sample_0804.jpg,images/sample_0804.jpg,SEED,because-race-car,0.663009
sample_0805.jpg,images/sample_0805.jpg,SEED,Non-Meme,0.716385
sample_0806.jpg,images/sample_0806.jpg,SEED,nah_id_win,0.771405
sample_0807.jpg,images/sample_0807.jpg,SEED,Template-Free,0.811543
sample_0808.jpg,images/sample_0808.jpg,SEED,Non-Meme,0.606370
sample_0809.jpg,images/sample_0809.jpg,SEED,blank-pokemon-card,0.705565
sample_0810.jpg,images/sample_0810.jpg,SEED,Template-Free,0.620566
sample_0811.jpg,images/sample_0811.jpg,SEED,Template-Free,0.975348
sample_0812.jpg,images/sample_0812.jpg,SEED,Template-Free,0.948760
sample_0813.jpg,images/sample_0813.jpg,SEED,genie_rules_meme,0.976487
sample_0814.jpg,images/sample_0814.jpg,SEED,Template-Free,0.471347
sample_0815.jpg,images/sample_0815.jpg,SEED,Non-Meme,0.759330
sample_0816.jpg,images/sample_0816.jpg,SEED,Template-Free,0.824982
sample_0817.jpg,images/sample_0817.jpg,SEED,Non-Meme,0.537784
sample_0818.jpg,images/sample_0818.jpg,SEED,Non-Meme,0.695679
sample_0819.jpg,images/sample_0819.jpg,SEED,unsettled-tom,0.914735
sample_0820.jpg,images/sample_0820.jpg,SEED,Non-Meme,0.788271
sample_0821.jpg,images/sample_0821.jpg,SEED,Non-Meme,0.782696
sample_0822.jpg,images/sample_0822.jpg,SEED,Template-Free,0.935677
sample_0823.jpg,images/sample_0823.jpg,SEED,Template-Free,0.939308
sample_0824.jpg,images/sample_0824.jpg,SEED,lisa-simpsons-presentation,0.944465
sample_0825.jpg,images/sample_0825.jpg,SEED,kong-godzilla-doge,0.503271
sample_0826.jpg,images/sample_0826.jpg,SEED,Template-Free,0.993412
sample_0827.jpg,images/sample_0827.jpg,SEED,Template-Free,0.891304
sample_0828.jpg,images/sample_0828.jpg,SEED,both-buttons-pressed,0.737519
sample_0829.jpg,images/sample_0829.jpg,SEED,Template-Free,0.705908
sample_0830.jpg,images/sample_0830.jpg,SEED,left-exit-12-off-ramp,0.934323
sample_0831.jpg,images/sample_0831.jpg,SEED,Template-Free,0.649698
sample_0832.jpg,images/sample_0832.jpg,SEED,skype,0.702920
sample_0833.jpg,images/sample_0833.jpg,SEED,s06_grus_plan_four_five_panel,0.919669
sample_0834.jpg,images/sample_0834.jpg,SEED,Non-Meme,0.731942
sample_0835.jpg,images/sample_0835.jpg,SEED,raise_your_hand_if_you_have_ever_been_personally_victimized_by_r,0.780544
sample_0836.jpg,images/sample_0836.jpg,SEED,Template-Free,0.733289
sample_0837.jpg,images/sample_0837.jpg,SEED,Non-Meme,0.748147
sample_0838.jpg,images/sample_0838.jpg,SEED,Non-Meme,0.819719
sample_0839.jpg,images/sample_0839.jpg,SEED,Non-Meme,0.829935
sample_0840.jpg,images/sample_0840.jpg,SEED,Template-Free,0.509739
sample_0841.jpg,images/sample_0841.jpg,SEED,Template-Free,0.642612
sample_0842.jpg,images/sample_0842.jpg,SEED,black-guy-crying-and-black-guy-laughing,0.840378
sample_0843.jpg,images/sample_0843.jpg,SEED,Template-Free,0.687198
sample_0844.jpg,images/sample_0844.jpg,SEED,nah_id_win,0.765664
sample_0845.jpg,images/sample_0845.jpg,SEED,Non-Meme,0.720074
sample_0846.jpg,images/sample_0846.jpg,SEED,Non-Meme,0.765965
sample_0847.jpg,images/sample_0847.jpg,SEED,Template-Free,0.848258
sample_0848.jpg,images/sample_0848.jpg,SEED,never-ask-a-woman-her-age,0.605321
sample_0849.jpg,images/sample_0849.jpg,SEED,Non-Meme,0.963887
sample_0850.jpg,images/sample_0850.jpg,SEED,you-wouldnt-get-it,0.913367
sample_0851.jpg,images/sample_0851.jpg,SEED,Template-Free,0.839363
sample_0852.jpg,images/sample_0852.jpg,SEED,Non-Meme,0.989217
sample_0853.jpg,images/sample_0853.jpg,SEED,elmo-cocaine,0.943900
sample_0854.jpg,images/sample_0854.jpg,SEED,Non-Meme,0.702711
sample_0855.jpg,images/sample_0855.jpg,SEED,Non-Meme,0.651954
sample_0856.jpg,images/sample_0856.jpg,SEED,gondor_calls_for_aid,0.599769
sample_0857.jpg,images/sample_0857.jpg,SEED,car-salesman-slaps-hood,0.900578
sample_0858.jpg,images/sample_0858.jpg,SEED,i-was-told-there-would-be,0.588369
sample_0859.jpg,images/sample_0859.jpg,SEED,thinking-black-guy,0.780084
sample_0860.jpg,images/sample_0860.jpg,SEED,Non-Meme,0.784909
sample_0861.jpg,images/sample_0861.jpg,SEED,shocked-black-guy,0.878144
sample_0862.jpg,images/sample_0862.jpg,SEED,Non-Meme,0.844379
sample_0863.jpg,images/sample_0863.jpg,SEED,s06_grus_plan_four_five_panel,0.839936
sample_0864.jpg,images/sample_0864.jpg,SEED,Template-Free,0.602716
sample_0865.jpg,images/sample_0865.jpg,SEED,kurt_angle_stare,0.684814
sample_0866.jpg,images/sample_0866.jpg,SEED,Template-Free,0.918997
sample_0867.jpg,images/sample_0867.jpg,SEED,Non-Meme,0.519580
sample_0868.jpg,images/sample_0868.jpg,SEED,Template-Free,0.986729
sample_0869.jpg,images/sample_0869.jpg,SEED,i-fear-no-man-but-that-thingit-scares-me,0.708322
sample_0870.jpg,images/sample_0870.jpg,SEED,tuxedo-winnie-the-pooh-3-panel,0.919766
sample_0871.jpg,images/sample_0871.jpg,SEED,it_cant_hurt_you,0.845156
sample_0872.jpg,images/sample_0872.jpg,SEED,Template-Free,0.819594
sample_0873.jpg,images/sample_0873.jpg,SEED,Template-Free,0.527042
sample_0874.jpg,images/sample_0874.jpg,SEED,mr-incredible-uncanny,0.678172
sample_0875.jpg,images/sample_0875.jpg,SEED,Template-Free,0.882971
sample_0876.jpg,images/sample_0876.jpg,SEED,Non-Meme,0.587046
sample_0877.jpg,images/sample_0877.jpg,SEED,Template-Free,0.697216
sample_0878.jpg,images/sample_0878.jpg,SEED,Non-Meme,0.852553
sample_0879.jpg,images/sample_0879.jpg,SEED,doge,0.912799
sample_0880.jpg,images/sample_0880.jpg,SEED,Template-Free,0.621520
sample_0881.jpg,images/sample_0881.jpg,SEED,Template-Free,0.583331
sample_0882.jpg,images/sample_0882.jpg,SEED,Non-Meme,0.799719
sample_0883.jpg,images/sample_0883.jpg,SEED,Non-Meme,0.835926
sample_0884.jpg,images/sample_0884.jpg,SEED,guess-ill-die,0.923593
sample_0885.jpg,images/sample_0885.jpg,SEED,Template-Free,0.629950
sample_0886.jpg,images/sample_0886.jpg,SEED,Template-Free,0.716161
sample_0887.jpg,images/sample_0887.jpg,SEED,Non-Meme,0.729917
sample_0888.jpg,images/sample_0888.jpg,SEED,monkey-looking-away,0.917067
sample_0889.jpg,images/sample_0889.jpg,SEED,angry-birds-pig,0.692611
sample_0890.jpg,images/sample_0890.jpg,SEED,Template-Free,0.575570
sample_0891.jpg,images/sample_0891.jpg,SEED,shrek-fiona-harold-donkey,0.901118
sample_0892.jpg,images/sample_0892.jpg,SEED,Non-Meme,0.727596
sample_0893.jpg,images/sample_0893.jpg,SEED,Template-Free,0.721394
sample_0894.jpg,images/sample_0894.jpg,SEED,Template-Free,0.626914
sample_0895.jpg,images/sample_0895.jpg,SEED,homer-simpson-sleeping-peacefully,0.884738
sample_0896.jpg,images/sample_0896.jpg,SEED,nobody-absolutely-no-one,0.923555
sample_0897.jpg,images/sample_0897.jpg,SEED,mom-can-we-have,0.508788
sample_0898.jpg,images/sample_0898.jpg,SEED,Template-Free,0.900537
sample_0899.jpg,images/sample_0899.jpg,SEED,shut-up-and-take-my-money-fry,0.656406
sample_0900.jpg,images/sample_0900.jpg,SEED,hard-to-swallow-pills,0.798691
sample_0901.jpg,images/sample_0901.jpg,SEED,fuze-elbow-dropping-a-hostage,0.767845
sample_0902.jpg,images/sample_0902.jpg,SEED,spiderman-presentation,0.952110
sample_0903.jpg,images/sample_0903.jpg,SEED,Template-Free,0.782194
sample_0904.jpg,images/sample_0904.jpg,SEED,surprised-pikachu,0.840972
sample_0905.jpg,images/sample_0905.jpg,SEED,Template-Free,0.916200
sample_0906.jpg,images/sample_0906.jpg,SEED,Template-Free,0.776885
sample_0907.jpg,images/sample_0907.jpg,SEED,Template-Free,0.910619
sample_0908.jpg,images/sample_0908.jpg,SEED,laughing-leo,0.929596
sample_0909.jpg,images/sample_0909.jpg,SEED,joins_battle_smash_bros,0.735012
sample_0910.jpg,images/sample_0910.jpg,SEED,Template-Free,0.731512
sample_0911.jpg,images/sample_0911.jpg,SEED,kirby-holding-a-sign,0.782895
sample_0912.jpg,images/sample_0912.jpg,SEED,panzer-of-the-lake,0.934269
sample_0913.jpg,images/sample_0913.jpg,SEED,kobe,0.841134
sample_0914.jpg,images/sample_0914.jpg,SEED,Non-Meme,0.638140
sample_0915.jpg,images/sample_0915.jpg,SEED,drake_hotline_bling_normal,0.818718
sample_0916.jpg,images/sample_0916.jpg,SEED,Template-Free,0.973238
sample_0917.jpg,images/sample_0917.jpg,SEED,Template-Free,0.923669
sample_0918.jpg,images/sample_0918.jpg,SEED,Non-Meme,0.712171
sample_0919.jpg,images/sample_0919.jpg,SEED,s09_blank_blue_colored_family,0.900224
sample_0920.jpg,images/sample_0920.jpg,SEED,nah_id_win,0.666500
sample_0921.jpg,images/sample_0921.jpg,SEED,never-ask-a-woman-her-age,0.781359
sample_0922.jpg,images/sample_0922.jpg,SEED,blank-red-maga-hat,0.594355
sample_0923.jpg,images/sample_0923.jpg,SEED,quit_having_fun,0.842228
sample_0924.jpg,images/sample_0924.jpg,SEED,Template-Free,0.704973
sample_0925.jpg,images/sample_0925.jpg,SEED,no_i_dont_think_i_will,0.952344
sample_0926.jpg,images/sample_0926.jpg,SEED,black-girl-wat,0.553233
sample_0927.jpg,images/sample_0927.jpg,SEED,Template-Free,0.661097
sample_0928.jpg,images/sample_0928.jpg,SEED,Template-Free,0.651633
sample_0929.jpg,images/sample_0929.jpg,SEED,Template-Free,0.580170
sample_0930.jpg,images/sample_0930.jpg,SEED,Template-Free,0.862799
sample_0931.jpg,images/sample_0931.jpg,SEED,success-kid-original,0.854974
sample_0932.jpg,images/sample_0932.jpg,SEED,who-would-win,0.951536
sample_0933.jpg,images/sample_0933.jpg,SEED,joins_battle_smash_bros,0.533138
sample_0934.jpg,images/sample_0934.jpg,SEED,my-time-has-come,0.919499
sample_0935.jpg,images/sample_0935.jpg,SEED,jackie-chan-wtf,0.900916
sample_0936.jpg,images/sample_0936.jpg,SEED,Non-Meme,0.862143
sample_0937.jpg,images/sample_0937.jpg,SEED,Non-Meme,0.674935
sample_0938.jpg,images/sample_0938.jpg,SEED,Template-Free,0.595144
sample_0939.jpg,images/sample_0939.jpg,SEED,Template-Free,0.766800
sample_0940.jpg,images/sample_0940.jpg,SEED,Non-Meme,0.906516
sample_0941.jpg,images/sample_0941.jpg,SEED,i-am-going-to-create-an-environment-that-is-so-toxic-blank,0.734854
sample_0942.jpg,images/sample_0942.jpg,SEED,Non-Meme,0.817569
sample_0943.jpg,images/sample_0943.jpg,SEED,Template-Free,0.633031
sample_0944.jpg,images/sample_0944.jpg,SEED,Non-Meme,0.658641
sample_0945.jpg,images/sample_0945.jpg,SEED,Template-Free,0.567334
sample_0946.jpg,images/sample_0946.jpg,SEED,Template-Free,0.822189
sample_0947.jpg,images/sample_0947.jpg,SEED,Template-Free,0.660236
sample_0948.jpg,images/sample_0948.jpg,SEED,Template-Free,0.978161
sample_0949.jpg,images/sample_0949.jpg,SEED,Template-Free,0.651290
sample_0950.jpg,images/sample_0950.jpg,SEED,Non-Meme,0.917402
sample_0951.jpg,images/sample_0951.jpg,SEED,Template-Free,0.871125
sample_0952.jpg,images/sample_0952.jpg,SEED,i-guarantee-it,0.781268
sample_0953.jpg,images/sample_0953.jpg,SEED,startrek,0.769753
sample_0954.jpg,images/sample_0954.jpg,SEED,Non-Meme,0.601594
sample_0955.jpg,images/sample_0955.jpg,SEED,Non-Meme,0.767148
sample_0956.jpg,images/sample_0956.jpg,SEED,crying_kid_with_gun,0.852598
sample_0957.jpg,images/sample_0957.jpg,SEED,what-do-we-want,0.880824
sample_0958.jpg,images/sample_0958.jpg,SEED,Non-Meme,0.782190
sample_0959.jpg,images/sample_0959.jpg,SEED,Non-Meme,0.543627
sample_0960.jpg,images/sample_0960.jpg,SEED,Non-Meme,0.647581
sample_0961.jpg,images/sample_0961.jpg,SEED,Template-Free,0.981391
sample_0962.jpg,images/sample_0962.jpg,SEED,lisa-simpsons-presentation,0.896623
sample_0963.jpg,images/sample_0963.jpg,SEED,Non-Meme,0.966257
sample_0964.jpg,images/sample_0964.jpg,SEED,monkey-looking-away,0.810046
sample_0965.jpg,images/sample_0965.jpg,SEED,Template-Free,0.922766
sample_0966.jpg,images/sample_0966.jpg,SEED,Non-Meme,0.731130
sample_0967.jpg,images/sample_0967.jpg,SEED,Template-Free,0.948899
sample_0968.jpg,images/sample_0968.jpg,SEED,ermahgerd-berks,0.715895
sample_0969.jpg,images/sample_0969.jpg,SEED,Template-Free,0.965569
sample_0970.jpg,images/sample_0970.jpg,SEED,you-wouldnt-get-it,0.829827
sample_0971.jpg,images/sample_0971.jpg,SEED,drake_hotline_bling_normal,0.941898
sample_0972.jpg,images/sample_0972.jpg,SEED,second-breakfast,0.497834
sample_0973.jpg,images/sample_0973.jpg,SEED,Non-Meme,0.606143
sample_0974.jpg,images/sample_0974.jpg,SEED,Template-Free,0.978654
sample_0975.jpg,images/sample_0975.jpg,SEED,Template-Free,0.982091
sample_0976.jpg,images/sample_0976.jpg,SEED,Template-Free,0.813174
sample_0977.jpg,images/sample_0977.jpg,SEED,one-piece-wanted-poster-template,0.729987
sample_0978.jpg,images/sample_0978.jpg,SEED,Template-Free,0.960382
sample_0979.jpg,images/sample_0979.jpg,SEED,damn_i_kinda_dont_meme,0.543181
sample_0980.jpg,images/sample_0980.jpg,SEED,Template-Free,0.910616
sample_0981.jpg,images/sample_0981.jpg,SEED,Template-Free,0.992811
sample_0982.jpg,images/sample_0982.jpg,SEED,Template-Free,0.671987
sample_0983.jpg,images/sample_0983.jpg,SEED,Template-Free,0.607466
sample_0984.jpg,images/sample_0984.jpg,SEED,Template-Free,0.531069
sample_0985.jpg,images/sample_0985.jpg,SEED,Non-Meme,0.950341
sample_0986.jpg,images/sample_0986.jpg,SEED,ah-shit-here-we-go-again,0.946147
sample_0987.jpg,images/sample_0987.jpg,SEED,Template-Free,0.696152
sample_0988.jpg,images/sample_0988.jpg,SEED,Template-Free,0.938282
sample_0989.jpg,images/sample_0989.jpg,SEED,Template-Free,0.543233
sample_0990.jpg,images/sample_0990.jpg,SEED,Non-Meme,0.646946
sample_0991.jpg,images/sample_0991.jpg,SEED,Template-Free,0.592660
sample_0992.jpg,images/sample_0992.jpg,SEED,donald-trump,0.764621
sample_0993.jpg,images/sample_0993.jpg,SEED,Template-Free,0.612368
sample_0994.jpg,images/sample_0994.jpg,SEED,idiot-skull,0.980665
sample_0995.jpg,images/sample_0995.jpg,SEED,Template-Free,0.815322
sample_0996.jpg,images/sample_0996.jpg,SEED,Non-Meme,0.584887
sample_0997.jpg,images/sample_0997.jpg,SEED,cereal-guy,0.786865
sample_0998.jpg,images/sample_0998.jpg,SEED,Template-Free,0.655958
sample_0999.jpg,images/sample_0999.jpg,SEED,Non-Meme,0.917388
sample_1000.jpg,images/sample_1000.jpg,SEED,Template-Free,0.769498
sample_0001.jpg,images/sample_0001.jpg,GPT56_Luna,Template-Free,
sample_0002.jpg,images/sample_0002.jpg,GPT56_Luna,Template-Free,
sample_0003.jpg,images/sample_0003.jpg,GPT56_Luna,Template-Free,
sample_0004.jpg,images/sample_0004.jpg,GPT56_Luna,white_background,
sample_0005.jpg,images/sample_0005.jpg,GPT56_Luna,Template-Free,
sample_0006.jpg,images/sample_0006.jpg,GPT56_Luna,breaking-bad-smile-frown,
sample_0007.jpg,images/sample_0007.jpg,GPT56_Luna,suspicious_dog,
sample_0008.jpg,images/sample_0008.jpg,GPT56_Luna,Template-Free,
sample_0009.jpg,images/sample_0009.jpg,GPT56_Luna,the-what,
sample_0010.jpg,images/sample_0010.jpg,GPT56_Luna,you_made_thisi_made_this,
sample_0011.jpg,images/sample_0011.jpg,GPT56_Luna,meme-man,
sample_0012.jpg,images/sample_0012.jpg,GPT56_Luna,x_when_x_walks_in,
sample_0013.jpg,images/sample_0013.jpg,GPT56_Luna,Template-Free,
sample_0014.jpg,images/sample_0014.jpg,GPT56_Luna,Template-Free,
sample_0015.jpg,images/sample_0015.jpg,GPT56_Luna,Template-Free,
sample_0016.jpg,images/sample_0016.jpg,GPT56_Luna,grumpy-cat-bed,
sample_0017.jpg,images/sample_0017.jpg,GPT56_Luna,Template-Free,
sample_0018.jpg,images/sample_0018.jpg,GPT56_Luna,Template-Free,
sample_0019.jpg,images/sample_0019.jpg,GPT56_Luna,Template-Free,
sample_0020.jpg,images/sample_0020.jpg,GPT56_Luna,Template-Free,
sample_0021.jpg,images/sample_0021.jpg,GPT56_Luna,Template-Free,
sample_0022.jpg,images/sample_0022.jpg,GPT56_Luna,black_background,
sample_0023.jpg,images/sample_0023.jpg,GPT56_Luna,Template-Free,
sample_0024.jpg,images/sample_0024.jpg,GPT56_Luna,expectation_vs_reality,
sample_0025.jpg,images/sample_0025.jpg,GPT56_Luna,Template-Free,
sample_0026.jpg,images/sample_0026.jpg,GPT56_Luna,Template-Free,
sample_0027.jpg,images/sample_0027.jpg,GPT56_Luna,jackie-chan-wtf,
sample_0028.jpg,images/sample_0028.jpg,GPT56_Luna,black_background,
sample_0029.jpg,images/sample_0029.jpg,GPT56_Luna,floating-boy-chasing-running-boy,
sample_0030.jpg,images/sample_0030.jpg,GPT56_Luna,Template-Free,
sample_0031.jpg,images/sample_0031.jpg,GPT56_Luna,Template-Free,
sample_0032.jpg,images/sample_0032.jpg,GPT56_Luna,Template-Free,
sample_0033.jpg,images/sample_0033.jpg,GPT56_Luna,patrick-smart-dumb,
sample_0034.jpg,images/sample_0034.jpg,GPT56_Luna,Template-Free,
sample_0035.jpg,images/sample_0035.jpg,GPT56_Luna,thousand_yard_stare,
sample_0036.jpg,images/sample_0036.jpg,GPT56_Luna,Template-Free,
sample_0037.jpg,images/sample_0037.jpg,GPT56_Luna,Template-Free,
sample_0038.jpg,images/sample_0038.jpg,GPT56_Luna,Template-Free,
sample_0039.jpg,images/sample_0039.jpg,GPT56_Luna,Template-Free,
sample_0040.jpg,images/sample_0040.jpg,GPT56_Luna,Template-Free,
sample_0041.jpg,images/sample_0041.jpg,GPT56_Luna,Template-Free,
sample_0042.jpg,images/sample_0042.jpg,GPT56_Luna,Template-Free,
sample_0043.jpg,images/sample_0043.jpg,GPT56_Luna,Template-Free,
sample_0044.jpg,images/sample_0044.jpg,GPT56_Luna,Template-Free,
sample_0045.jpg,images/sample_0045.jpg,GPT56_Luna,Template-Free,
sample_0046.jpg,images/sample_0046.jpg,GPT56_Luna,Template-Free,
sample_0047.jpg,images/sample_0047.jpg,GPT56_Luna,Template-Free,
sample_0048.jpg,images/sample_0048.jpg,GPT56_Luna,Template-Free,
sample_0049.jpg,images/sample_0049.jpg,GPT56_Luna,Template-Free,
sample_0050.jpg,images/sample_0050.jpg,GPT56_Luna,Template-Free,
sample_0051.jpg,images/sample_0051.jpg,GPT56_Luna,Template-Free,
sample_0052.jpg,images/sample_0052.jpg,GPT56_Luna,im-in-danger,
sample_0053.jpg,images/sample_0053.jpg,GPT56_Luna,Template-Free,
sample_0054.jpg,images/sample_0054.jpg,GPT56_Luna,Template-Free,
sample_0055.jpg,images/sample_0055.jpg,GPT56_Luna,Template-Free,
sample_0056.jpg,images/sample_0056.jpg,GPT56_Luna,crying-cat,
sample_0057.jpg,images/sample_0057.jpg,GPT56_Luna,Template-Free,
sample_0058.jpg,images/sample_0058.jpg,GPT56_Luna,Template-Free,
sample_0059.jpg,images/sample_0059.jpg,GPT56_Luna,Template-Free,
sample_0060.jpg,images/sample_0060.jpg,GPT56_Luna,nooo-haha-go-brrr,
sample_0061.jpg,images/sample_0061.jpg,GPT56_Luna,Template-Free,
sample_0062.jpg,images/sample_0062.jpg,GPT56_Luna,mr-incredible-uncanny,
sample_0063.jpg,images/sample_0063.jpg,GPT56_Luna,blank_transparent_square,
sample_0064.jpg,images/sample_0064.jpg,GPT56_Luna,mr-incredible-uncanny,
sample_0065.jpg,images/sample_0065.jpg,GPT56_Luna,Template-Free,
sample_0066.jpg,images/sample_0066.jpg,GPT56_Luna,Template-Free,
sample_0067.jpg,images/sample_0067.jpg,GPT56_Luna,marvel-civil-war,
sample_0068.jpg,images/sample_0068.jpg,GPT56_Luna,Template-Free,
sample_0069.jpg,images/sample_0069.jpg,GPT56_Luna,Template-Free,
sample_0070.jpg,images/sample_0070.jpg,GPT56_Luna,Template-Free,
sample_0071.jpg,images/sample_0071.jpg,GPT56_Luna,Template-Free,
sample_0072.jpg,images/sample_0072.jpg,GPT56_Luna,Template-Free,
sample_0073.jpg,images/sample_0073.jpg,GPT56_Luna,Template-Free,
sample_0074.jpg,images/sample_0074.jpg,GPT56_Luna,Template-Free,
sample_0075.jpg,images/sample_0075.jpg,GPT56_Luna,skeptical-baby,
sample_0076.jpg,images/sample_0076.jpg,GPT56_Luna,they-dont-know,
sample_0077.jpg,images/sample_0077.jpg,GPT56_Luna,Template-Free,
sample_0078.jpg,images/sample_0078.jpg,GPT56_Luna,power-ranger-teletubbies,
sample_0079.jpg,images/sample_0079.jpg,GPT56_Luna,Template-Free,
sample_0080.jpg,images/sample_0080.jpg,GPT56_Luna,Template-Free,
sample_0081.jpg,images/sample_0081.jpg,GPT56_Luna,Template-Free,
sample_0082.jpg,images/sample_0082.jpg,GPT56_Luna,borat_2_tonight_queen,
sample_0083.jpg,images/sample_0083.jpg,GPT56_Luna,kevin-james,
sample_0084.jpg,images/sample_0084.jpg,GPT56_Luna,Template-Free,
sample_0085.jpg,images/sample_0085.jpg,GPT56_Luna,Template-Free,
sample_0086.jpg,images/sample_0086.jpg,GPT56_Luna,youtube_video_template,
sample_0087.jpg,images/sample_0087.jpg,GPT56_Luna,Template-Free,
sample_0088.jpg,images/sample_0088.jpg,GPT56_Luna,Template-Free,
sample_0089.jpg,images/sample_0089.jpg,GPT56_Luna,Template-Free,
sample_0090.jpg,images/sample_0090.jpg,GPT56_Luna,Template-Free,
sample_0091.jpg,images/sample_0091.jpg,GPT56_Luna,tuxedo-winnie-the-pooh-3-panel,
sample_0092.jpg,images/sample_0092.jpg,GPT56_Luna,Template-Free,
sample_0093.jpg,images/sample_0093.jpg,GPT56_Luna,at_home,
sample_0094.jpg,images/sample_0094.jpg,GPT56_Luna,Template-Free,
sample_0095.jpg,images/sample_0095.jpg,GPT56_Luna,Template-Free,
sample_0096.jpg,images/sample_0096.jpg,GPT56_Luna,Template-Free,
sample_0097.jpg,images/sample_0097.jpg,GPT56_Luna,Template-Free,
sample_0098.jpg,images/sample_0098.jpg,GPT56_Luna,Template-Free,
sample_0099.jpg,images/sample_0099.jpg,GPT56_Luna,Template-Free,
sample_0100.jpg,images/sample_0100.jpg,GPT56_Luna,Template-Free,
sample_0101.jpg,images/sample_0101.jpg,GPT56_Luna,mega-rage-face,
sample_0102.jpg,images/sample_0102.jpg,GPT56_Luna,the-scroll-of-truth,
sample_0103.jpg,images/sample_0103.jpg,GPT56_Luna,dabbing-dude,
sample_0104.jpg,images/sample_0104.jpg,GPT56_Luna,Template-Free,
sample_0105.jpg,images/sample_0105.jpg,GPT56_Luna,Template-Free,
sample_0106.jpg,images/sample_0106.jpg,GPT56_Luna,Template-Free,
sample_0107.jpg,images/sample_0107.jpg,GPT56_Luna,x_when_x_walks_in,
sample_0108.jpg,images/sample_0108.jpg,GPT56_Luna,Template-Free,
sample_0109.jpg,images/sample_0109.jpg,GPT56_Luna,Template-Free,
sample_0110.jpg,images/sample_0110.jpg,GPT56_Luna,Template-Free,
sample_0111.jpg,images/sample_0111.jpg,GPT56_Luna,Template-Free,
sample_0112.jpg,images/sample_0112.jpg,GPT56_Luna,change-my-mind,
sample_0113.jpg,images/sample_0113.jpg,GPT56_Luna,Template-Free,
sample_0114.jpg,images/sample_0114.jpg,GPT56_Luna,Template-Free,
sample_0115.jpg,images/sample_0115.jpg,GPT56_Luna,kong-godzilla-doge,
sample_0116.jpg,images/sample_0116.jpg,GPT56_Luna,Template-Free,
sample_0117.jpg,images/sample_0117.jpg,GPT56_Luna,Template-Free,
sample_0118.jpg,images/sample_0118.jpg,GPT56_Luna,Template-Free,
sample_0119.jpg,images/sample_0119.jpg,GPT56_Luna,Template-Free,
sample_0120.jpg,images/sample_0120.jpg,GPT56_Luna,running-away-balloon,
sample_0121.jpg,images/sample_0121.jpg,GPT56_Luna,bad-joke-eel,
sample_0122.jpg,images/sample_0122.jpg,GPT56_Luna,overly_manly_man,
sample_0123.jpg,images/sample_0123.jpg,GPT56_Luna,perturbed_portman,
sample_0124.jpg,images/sample_0124.jpg,GPT56_Luna,Template-Free,
sample_0125.jpg,images/sample_0125.jpg,GPT56_Luna,Template-Free,
sample_0126.jpg,images/sample_0126.jpg,GPT56_Luna,Template-Free,
sample_0127.jpg,images/sample_0127.jpg,GPT56_Luna,Template-Free,
sample_0128.jpg,images/sample_0128.jpg,GPT56_Luna,blank_white_template,
sample_0129.jpg,images/sample_0129.jpg,GPT56_Luna,elon-musk-blank-tweet,
sample_0130.jpg,images/sample_0130.jpg,GPT56_Luna,Template-Free,
sample_0131.jpg,images/sample_0131.jpg,GPT56_Luna,third-world-skeptical-kid,
sample_0132.jpg,images/sample_0132.jpg,GPT56_Luna,Template-Free,
sample_0133.jpg,images/sample_0133.jpg,GPT56_Luna,Template-Free,
sample_0134.jpg,images/sample_0134.jpg,GPT56_Luna,Template-Free,
sample_0135.jpg,images/sample_0135.jpg,GPT56_Luna,Template-Free,
sample_0136.jpg,images/sample_0136.jpg,GPT56_Luna,Template-Free,
sample_0137.jpg,images/sample_0137.jpg,GPT56_Luna,Template-Free,
sample_0138.jpg,images/sample_0138.jpg,GPT56_Luna,Template-Free,
sample_0139.jpg,images/sample_0139.jpg,GPT56_Luna,Template-Free,
sample_0140.jpg,images/sample_0140.jpg,GPT56_Luna,kombucha-girl,
sample_0141.jpg,images/sample_0141.jpg,GPT56_Luna,mr-incredible-uncanny,
sample_0142.jpg,images/sample_0142.jpg,GPT56_Luna,maybe-i-am-a-monster,
sample_0143.jpg,images/sample_0143.jpg,GPT56_Luna,black_background,
sample_0144.jpg,images/sample_0144.jpg,GPT56_Luna,Template-Free,
sample_0145.jpg,images/sample_0145.jpg,GPT56_Luna,skeletor-disturbing-facts,
sample_0146.jpg,images/sample_0146.jpg,GPT56_Luna,Template-Free,
sample_0147.jpg,images/sample_0147.jpg,GPT56_Luna,kahn,
sample_0148.jpg,images/sample_0148.jpg,GPT56_Luna,Template-Free,
sample_0149.jpg,images/sample_0149.jpg,GPT56_Luna,Template-Free,
sample_0150.jpg,images/sample_0150.jpg,GPT56_Luna,two-buttons,
sample_0151.jpg,images/sample_0151.jpg,GPT56_Luna,Template-Free,
sample_0152.jpg,images/sample_0152.jpg,GPT56_Luna,Template-Free,
sample_0153.jpg,images/sample_0153.jpg,GPT56_Luna,the-rock-driving,
sample_0154.jpg,images/sample_0154.jpg,GPT56_Luna,Template-Free,
sample_0155.jpg,images/sample_0155.jpg,GPT56_Luna,Template-Free,
sample_0156.jpg,images/sample_0156.jpg,GPT56_Luna,mr-krabs-money,
sample_0157.jpg,images/sample_0157.jpg,GPT56_Luna,blank_white_template,
sample_0158.jpg,images/sample_0158.jpg,GPT56_Luna,Template-Free,
sample_0159.jpg,images/sample_0159.jpg,GPT56_Luna,Template-Free,
sample_0160.jpg,images/sample_0160.jpg,GPT56_Luna,im_never_going_to_financially_recover_from_this,
sample_0161.jpg,images/sample_0161.jpg,GPT56_Luna,Template-Free,
sample_0162.jpg,images/sample_0162.jpg,GPT56_Luna,feel_like_pure_shit,
sample_0163.jpg,images/sample_0163.jpg,GPT56_Luna,Template-Free,
sample_0164.jpg,images/sample_0164.jpg,GPT56_Luna,Template-Free,
sample_0165.jpg,images/sample_0165.jpg,GPT56_Luna,Template-Free,
sample_0166.jpg,images/sample_0166.jpg,GPT56_Luna,Template-Free,
sample_0167.jpg,images/sample_0167.jpg,GPT56_Luna,elon-musk-blank-tweet,
sample_0168.jpg,images/sample_0168.jpg,GPT56_Luna,spongebob-stupid,
sample_0169.jpg,images/sample_0169.jpg,GPT56_Luna,Template-Free,
sample_0170.jpg,images/sample_0170.jpg,GPT56_Luna,comparison-table,
sample_0171.jpg,images/sample_0171.jpg,GPT56_Luna,yu-gi-oh,
sample_0172.jpg,images/sample_0172.jpg,GPT56_Luna,mom-can-we-have,
sample_0173.jpg,images/sample_0173.jpg,GPT56_Luna,Template-Free,
sample_0174.jpg,images/sample_0174.jpg,GPT56_Luna,Template-Free,
sample_0175.jpg,images/sample_0175.jpg,GPT56_Luna,Template-Free,
sample_0176.jpg,images/sample_0176.jpg,GPT56_Luna,lisa-simpsons-presentation,
sample_0177.jpg,images/sample_0177.jpg,GPT56_Luna,Template-Free,
sample_0178.jpg,images/sample_0178.jpg,GPT56_Luna,Template-Free,
sample_0179.jpg,images/sample_0179.jpg,GPT56_Luna,Template-Free,
sample_0180.jpg,images/sample_0180.jpg,GPT56_Luna,Template-Free,
sample_0181.jpg,images/sample_0181.jpg,GPT56_Luna,mahatma_gandhi_rocks,
sample_0182.jpg,images/sample_0182.jpg,GPT56_Luna,Template-Free,
sample_0183.jpg,images/sample_0183.jpg,GPT56_Luna,Template-Free,
sample_0184.jpg,images/sample_0184.jpg,GPT56_Luna,Template-Free,
sample_0185.jpg,images/sample_0185.jpg,GPT56_Luna,Template-Free,
sample_0186.jpg,images/sample_0186.jpg,GPT56_Luna,this-is-worthless,
sample_0187.jpg,images/sample_0187.jpg,GPT56_Luna,drake-yes-no-reverse,
sample_0188.jpg,images/sample_0188.jpg,GPT56_Luna,second-breakfast,
sample_0189.jpg,images/sample_0189.jpg,GPT56_Luna,Template-Free,
sample_0190.jpg,images/sample_0190.jpg,GPT56_Luna,nobody-is-born-cool,
sample_0191.jpg,images/sample_0191.jpg,GPT56_Luna,Template-Free,
sample_0192.jpg,images/sample_0192.jpg,GPT56_Luna,Template-Free,
sample_0193.jpg,images/sample_0193.jpg,GPT56_Luna,shrek-cat,
sample_0194.jpg,images/sample_0194.jpg,GPT56_Luna,screaming-seagull,
sample_0195.jpg,images/sample_0195.jpg,GPT56_Luna,Template-Free,
sample_0196.jpg,images/sample_0196.jpg,GPT56_Luna,squidward-chair,
sample_0197.jpg,images/sample_0197.jpg,GPT56_Luna,Template-Free,
sample_0198.jpg,images/sample_0198.jpg,GPT56_Luna,Template-Free,
sample_0199.jpg,images/sample_0199.jpg,GPT56_Luna,Template-Free,
sample_0200.jpg,images/sample_0200.jpg,GPT56_Luna,Template-Free,
sample_0201.jpg,images/sample_0201.jpg,GPT56_Luna,math-is-math,
sample_0202.jpg,images/sample_0202.jpg,GPT56_Luna,Template-Free,
sample_0203.jpg,images/sample_0203.jpg,GPT56_Luna,Template-Free,
sample_0204.jpg,images/sample_0204.jpg,GPT56_Luna,white_background,
sample_0205.jpg,images/sample_0205.jpg,GPT56_Luna,Template-Free,
sample_0206.jpg,images/sample_0206.jpg,GPT56_Luna,Template-Free,
sample_0207.jpg,images/sample_0207.jpg,GPT56_Luna,sad_wojak_cycle,
sample_0208.jpg,images/sample_0208.jpg,GPT56_Luna,Template-Free,
sample_0209.jpg,images/sample_0209.jpg,GPT56_Luna,Template-Free,
sample_0210.jpg,images/sample_0210.jpg,GPT56_Luna,blank_transparent_square,
sample_0211.jpg,images/sample_0211.jpg,GPT56_Luna,Template-Free,
sample_0212.jpg,images/sample_0212.jpg,GPT56_Luna,Template-Free,
sample_0213.jpg,images/sample_0213.jpg,GPT56_Luna,surprised-joey,
sample_0214.jpg,images/sample_0214.jpg,GPT56_Luna,blank_transparent_square,
sample_0215.jpg,images/sample_0215.jpg,GPT56_Luna,Template-Free,
sample_0216.jpg,images/sample_0216.jpg,GPT56_Luna,the-scroll-of-truth,
sample_0217.jpg,images/sample_0217.jpg,GPT56_Luna,men-laughing,
sample_0218.jpg,images/sample_0218.jpg,GPT56_Luna,Template-Free,
sample_0219.jpg,images/sample_0219.jpg,GPT56_Luna,Template-Free,
sample_0220.jpg,images/sample_0220.jpg,GPT56_Luna,Template-Free,
sample_0221.jpg,images/sample_0221.jpg,GPT56_Luna,Template-Free,
sample_0222.jpg,images/sample_0222.jpg,GPT56_Luna,blank_white_template,
sample_0223.jpg,images/sample_0223.jpg,GPT56_Luna,drake-yes-no-reverse,
sample_0224.jpg,images/sample_0224.jpg,GPT56_Luna,Template-Free,
sample_0225.jpg,images/sample_0225.jpg,GPT56_Luna,Template-Free,
sample_0226.jpg,images/sample_0226.jpg,GPT56_Luna,Template-Free,
sample_0227.jpg,images/sample_0227.jpg,GPT56_Luna,Template-Free,
sample_0228.jpg,images/sample_0228.jpg,GPT56_Luna,youtube_video_template,
sample_0229.jpg,images/sample_0229.jpg,GPT56_Luna,Template-Free,
sample_0230.jpg,images/sample_0230.jpg,GPT56_Luna,Template-Free,
sample_0231.jpg,images/sample_0231.jpg,GPT56_Luna,Template-Free,
sample_0232.jpg,images/sample_0232.jpg,GPT56_Luna,black_background,
sample_0233.jpg,images/sample_0233.jpg,GPT56_Luna,Template-Free,
sample_0234.jpg,images/sample_0234.jpg,GPT56_Luna,girl-putting-tuba-on-girls-head,
sample_0235.jpg,images/sample_0235.jpg,GPT56_Luna,Template-Free,
sample_0236.jpg,images/sample_0236.jpg,GPT56_Luna,Template-Free,
sample_0237.jpg,images/sample_0237.jpg,GPT56_Luna,Template-Free,
sample_0238.jpg,images/sample_0238.jpg,GPT56_Luna,Template-Free,
sample_0239.jpg,images/sample_0239.jpg,GPT56_Luna,Template-Free,
sample_0240.jpg,images/sample_0240.jpg,GPT56_Luna,Template-Free,
sample_0241.jpg,images/sample_0241.jpg,GPT56_Luna,Template-Free,
sample_0242.jpg,images/sample_0242.jpg,GPT56_Luna,Template-Free,
sample_0243.jpg,images/sample_0243.jpg,GPT56_Luna,kermit-sipping-tea,
sample_0244.jpg,images/sample_0244.jpg,GPT56_Luna,Template-Free,
sample_0245.jpg,images/sample_0245.jpg,GPT56_Luna,Template-Free,
sample_0246.jpg,images/sample_0246.jpg,GPT56_Luna,Template-Free,
sample_0247.jpg,images/sample_0247.jpg,GPT56_Luna,Template-Free,
sample_0248.jpg,images/sample_0248.jpg,GPT56_Luna,Template-Free,
sample_0249.jpg,images/sample_0249.jpg,GPT56_Luna,Template-Free,
sample_0250.jpg,images/sample_0250.jpg,GPT56_Luna,Template-Free,
sample_0251.jpg,images/sample_0251.jpg,GPT56_Luna,Template-Free,
sample_0252.jpg,images/sample_0252.jpg,GPT56_Luna,expectation_vs_reality,
sample_0253.jpg,images/sample_0253.jpg,GPT56_Luna,Template-Free,
sample_0254.jpg,images/sample_0254.jpg,GPT56_Luna,Template-Free,
sample_0255.jpg,images/sample_0255.jpg,GPT56_Luna,Template-Free,
sample_0256.jpg,images/sample_0256.jpg,GPT56_Luna,Template-Free,
sample_0257.jpg,images/sample_0257.jpg,GPT56_Luna,depends-on-the-context,
sample_0258.jpg,images/sample_0258.jpg,GPT56_Luna,Template-Free,
sample_0259.jpg,images/sample_0259.jpg,GPT56_Luna,we-are-the-millers,
sample_0260.jpg,images/sample_0260.jpg,GPT56_Luna,Template-Free,
sample_0261.jpg,images/sample_0261.jpg,GPT56_Luna,i-fear-no-man-but-that-thingit-scares-me,
sample_0262.jpg,images/sample_0262.jpg,GPT56_Luna,Template-Free,
sample_0263.jpg,images/sample_0263.jpg,GPT56_Luna,skeletor-disturbing-facts,
sample_0264.jpg,images/sample_0264.jpg,GPT56_Luna,Template-Free,
sample_0265.jpg,images/sample_0265.jpg,GPT56_Luna,Template-Free,
sample_0266.jpg,images/sample_0266.jpg,GPT56_Luna,Template-Free,
sample_0267.jpg,images/sample_0267.jpg,GPT56_Luna,Template-Free,
sample_0268.jpg,images/sample_0268.jpg,GPT56_Luna,Template-Free,
sample_0269.jpg,images/sample_0269.jpg,GPT56_Luna,Template-Free,
sample_0270.jpg,images/sample_0270.jpg,GPT56_Luna,Template-Free,
sample_0271.jpg,images/sample_0271.jpg,GPT56_Luna,Template-Free,
sample_0272.jpg,images/sample_0272.jpg,GPT56_Luna,Template-Free,
sample_0273.jpg,images/sample_0273.jpg,GPT56_Luna,Template-Free,
sample_0274.jpg,images/sample_0274.jpg,GPT56_Luna,Template-Free,
sample_0275.jpg,images/sample_0275.jpg,GPT56_Luna,Template-Free,
sample_0276.jpg,images/sample_0276.jpg,GPT56_Luna,Template-Free,
sample_0277.jpg,images/sample_0277.jpg,GPT56_Luna,zorg,
sample_0278.jpg,images/sample_0278.jpg,GPT56_Luna,Template-Free,
sample_0279.jpg,images/sample_0279.jpg,GPT56_Luna,Template-Free,
sample_0280.jpg,images/sample_0280.jpg,GPT56_Luna,Template-Free,
sample_0281.jpg,images/sample_0281.jpg,GPT56_Luna,Template-Free,
sample_0282.jpg,images/sample_0282.jpg,GPT56_Luna,unsettled-tom,
sample_0283.jpg,images/sample_0283.jpg,GPT56_Luna,guy-getting-beat-up,
sample_0284.jpg,images/sample_0284.jpg,GPT56_Luna,spider-man-triple,
sample_0285.jpg,images/sample_0285.jpg,GPT56_Luna,Template-Free,
sample_0286.jpg,images/sample_0286.jpg,GPT56_Luna,Template-Free,
sample_0287.jpg,images/sample_0287.jpg,GPT56_Luna,Template-Free,
sample_0288.jpg,images/sample_0288.jpg,GPT56_Luna,looks-good-to-me,
sample_0289.jpg,images/sample_0289.jpg,GPT56_Luna,Template-Free,
sample_0290.jpg,images/sample_0290.jpg,GPT56_Luna,Template-Free,
sample_0291.jpg,images/sample_0291.jpg,GPT56_Luna,dat-boi,
sample_0292.jpg,images/sample_0292.jpg,GPT56_Luna,white_background,
sample_0293.jpg,images/sample_0293.jpg,GPT56_Luna,Template-Free,
sample_0294.jpg,images/sample_0294.jpg,GPT56_Luna,Template-Free,
sample_0295.jpg,images/sample_0295.jpg,GPT56_Luna,star_trek_kirk_khan,
sample_0296.jpg,images/sample_0296.jpg,GPT56_Luna,Template-Free,
sample_0297.jpg,images/sample_0297.jpg,GPT56_Luna,soldiers-hold-up-society,
sample_0298.jpg,images/sample_0298.jpg,GPT56_Luna,Template-Free,
sample_0299.jpg,images/sample_0299.jpg,GPT56_Luna,Template-Free,
sample_0300.jpg,images/sample_0300.jpg,GPT56_Luna,Template-Free,
sample_0301.jpg,images/sample_0301.jpg,GPT56_Luna,Template-Free,
sample_0302.jpg,images/sample_0302.jpg,GPT56_Luna,Template-Free,
sample_0303.jpg,images/sample_0303.jpg,GPT56_Luna,Template-Free,
sample_0304.jpg,images/sample_0304.jpg,GPT56_Luna,elon-musk-blank-tweet,
sample_0305.jpg,images/sample_0305.jpg,GPT56_Luna,Template-Free,
sample_0306.jpg,images/sample_0306.jpg,GPT56_Luna,Template-Free,
sample_0307.jpg,images/sample_0307.jpg,GPT56_Luna,Template-Free,
sample_0308.jpg,images/sample_0308.jpg,GPT56_Luna,Template-Free,
sample_0309.jpg,images/sample_0309.jpg,GPT56_Luna,Template-Free,
sample_0310.jpg,images/sample_0310.jpg,GPT56_Luna,Template-Free,
sample_0311.jpg,images/sample_0311.jpg,GPT56_Luna,Template-Free,
sample_0312.jpg,images/sample_0312.jpg,GPT56_Luna,sisyphus,
sample_0313.jpg,images/sample_0313.jpg,GPT56_Luna,Template-Free,
sample_0314.jpg,images/sample_0314.jpg,GPT56_Luna,Template-Free,
sample_0315.jpg,images/sample_0315.jpg,GPT56_Luna,i-am-inevitable,
sample_0316.jpg,images/sample_0316.jpg,GPT56_Luna,Template-Free,
sample_0317.jpg,images/sample_0317.jpg,GPT56_Luna,you-were-the-chosen-one-star-wars,
sample_0318.jpg,images/sample_0318.jpg,GPT56_Luna,Template-Free,
sample_0319.jpg,images/sample_0319.jpg,GPT56_Luna,Looks_like_meats_back_on_the_menu_boys,
sample_0320.jpg,images/sample_0320.jpg,GPT56_Luna,Template-Free,
sample_0321.jpg,images/sample_0321.jpg,GPT56_Luna,Template-Free,
sample_0322.jpg,images/sample_0322.jpg,GPT56_Luna,sad-baby,
sample_0323.jpg,images/sample_0323.jpg,GPT56_Luna,am-i-a-joke-to-you,
sample_0324.jpg,images/sample_0324.jpg,GPT56_Luna,Template-Free,
sample_0325.jpg,images/sample_0325.jpg,GPT56_Luna,youtube_video_template,
sample_0326.jpg,images/sample_0326.jpg,GPT56_Luna,Template-Free,
sample_0327.jpg,images/sample_0327.jpg,GPT56_Luna,happy-then-sad,
sample_0328.jpg,images/sample_0328.jpg,GPT56_Luna,talking-to-wall,
sample_0329.jpg,images/sample_0329.jpg,GPT56_Luna,Template-Free,
sample_0330.jpg,images/sample_0330.jpg,GPT56_Luna,Template-Free,
sample_0331.jpg,images/sample_0331.jpg,GPT56_Luna,Template-Free,
sample_0332.jpg,images/sample_0332.jpg,GPT56_Luna,Template-Free,
sample_0333.jpg,images/sample_0333.jpg,GPT56_Luna,Template-Free,
sample_0334.jpg,images/sample_0334.jpg,GPT56_Luna,dabbing-dude,
sample_0335.jpg,images/sample_0335.jpg,GPT56_Luna,Template-Free,
sample_0336.jpg,images/sample_0336.jpg,GPT56_Luna,Template-Free,
sample_0337.jpg,images/sample_0337.jpg,GPT56_Luna,Template-Free,
sample_0338.jpg,images/sample_0338.jpg,GPT56_Luna,society-if,
sample_0339.jpg,images/sample_0339.jpg,GPT56_Luna,Template-Free,
sample_0340.jpg,images/sample_0340.jpg,GPT56_Luna,Template-Free,
sample_0341.jpg,images/sample_0341.jpg,GPT56_Luna,unwanted-house-guest,
sample_0342.jpg,images/sample_0342.jpg,GPT56_Luna,Template-Free,
sample_0343.jpg,images/sample_0343.jpg,GPT56_Luna,black_background,
sample_0344.jpg,images/sample_0344.jpg,GPT56_Luna,Template-Free,
sample_0345.jpg,images/sample_0345.jpg,GPT56_Luna,Template-Free,
sample_0346.jpg,images/sample_0346.jpg,GPT56_Luna,sad-cat-holding-dog,
sample_0347.jpg,images/sample_0347.jpg,GPT56_Luna,Template-Free,
sample_0348.jpg,images/sample_0348.jpg,GPT56_Luna,Template-Free,
sample_0349.jpg,images/sample_0349.jpg,GPT56_Luna,spongebob-vs-squidward-alarm-clocks,
sample_0350.jpg,images/sample_0350.jpg,GPT56_Luna,youtube_video_template,
sample_0351.jpg,images/sample_0351.jpg,GPT56_Luna,Template-Free,
sample_0352.jpg,images/sample_0352.jpg,GPT56_Luna,Template-Free,
sample_0353.jpg,images/sample_0353.jpg,GPT56_Luna,bernie-sanders-once-again-asking,
sample_0354.jpg,images/sample_0354.jpg,GPT56_Luna,Template-Free,
sample_0355.jpg,images/sample_0355.jpg,GPT56_Luna,kermit-window,
sample_0356.jpg,images/sample_0356.jpg,GPT56_Luna,keep-calm-and-carry-on-purple,
sample_0357.jpg,images/sample_0357.jpg,GPT56_Luna,Template-Free,
sample_0358.jpg,images/sample_0358.jpg,GPT56_Luna,Template-Free,
sample_0359.jpg,images/sample_0359.jpg,GPT56_Luna,stonks,
sample_0360.jpg,images/sample_0360.jpg,GPT56_Luna,Template-Free,
sample_0361.jpg,images/sample_0361.jpg,GPT56_Luna,angry-chihuahua-happy-chihuahua,
sample_0362.jpg,images/sample_0362.jpg,GPT56_Luna,milking-the-cow,
sample_0363.jpg,images/sample_0363.jpg,GPT56_Luna,Template-Free,
sample_0364.jpg,images/sample_0364.jpg,GPT56_Luna,Template-Free,
sample_0365.jpg,images/sample_0365.jpg,GPT56_Luna,Template-Free,
sample_0366.jpg,images/sample_0366.jpg,GPT56_Luna,youtube_video_template,
sample_0367.jpg,images/sample_0367.jpg,GPT56_Luna,Template-Free,
sample_0368.jpg,images/sample_0368.jpg,GPT56_Luna,peter_parker_reading_book__crying,
sample_0369.jpg,images/sample_0369.jpg,GPT56_Luna,Template-Free,
sample_0370.jpg,images/sample_0370.jpg,GPT56_Luna,Template-Free,
sample_0371.jpg,images/sample_0371.jpg,GPT56_Luna,Template-Free,
sample_0372.jpg,images/sample_0372.jpg,GPT56_Luna,Template-Free,
sample_0373.jpg,images/sample_0373.jpg,GPT56_Luna,spiderman-presentation,
sample_0374.jpg,images/sample_0374.jpg,GPT56_Luna,Template-Free,
sample_0375.jpg,images/sample_0375.jpg,GPT56_Luna,strong-dog-vs-weak-dog,
sample_0376.jpg,images/sample_0376.jpg,GPT56_Luna,Template-Free,
sample_0377.jpg,images/sample_0377.jpg,GPT56_Luna,running-away-balloon,
sample_0378.jpg,images/sample_0378.jpg,GPT56_Luna,Template-Free,
sample_0379.jpg,images/sample_0379.jpg,GPT56_Luna,two_cats_fighting_for_real,
sample_0380.jpg,images/sample_0380.jpg,GPT56_Luna,Template-Free,
sample_0381.jpg,images/sample_0381.jpg,GPT56_Luna,Template-Free,
sample_0382.jpg,images/sample_0382.jpg,GPT56_Luna,Template-Free,
sample_0383.jpg,images/sample_0383.jpg,GPT56_Luna,Template-Free,
sample_0384.jpg,images/sample_0384.jpg,GPT56_Luna,Template-Free,
sample_0385.jpg,images/sample_0385.jpg,GPT56_Luna,elon-musk-blank-tweet,
sample_0386.jpg,images/sample_0386.jpg,GPT56_Luna,Template-Free,
sample_0387.jpg,images/sample_0387.jpg,GPT56_Luna,girls_when,
sample_0388.jpg,images/sample_0388.jpg,GPT56_Luna,virgin-vs-chad,
sample_0389.jpg,images/sample_0389.jpg,GPT56_Luna,Template-Free,
sample_0390.jpg,images/sample_0390.jpg,GPT56_Luna,Template-Free,
sample_0391.jpg,images/sample_0391.jpg,GPT56_Luna,ptsd-chihuahua,
sample_0392.jpg,images/sample_0392.jpg,GPT56_Luna,Template-Free,
sample_0393.jpg,images/sample_0393.jpg,GPT56_Luna,Template-Free,
sample_0394.jpg,images/sample_0394.jpg,GPT56_Luna,Template-Free,
sample_0395.jpg,images/sample_0395.jpg,GPT56_Luna,blank_white_template,
sample_0396.jpg,images/sample_0396.jpg,GPT56_Luna,Template-Free,
sample_0397.jpg,images/sample_0397.jpg,GPT56_Luna,blank_white_template,
sample_0398.jpg,images/sample_0398.jpg,GPT56_Luna,Template-Free,
sample_0399.jpg,images/sample_0399.jpg,GPT56_Luna,Template-Free,
sample_0400.jpg,images/sample_0400.jpg,GPT56_Luna,Template-Free,
sample_0401.jpg,images/sample_0401.jpg,GPT56_Luna,leonardo-dicaprio-pointing,
sample_0402.jpg,images/sample_0402.jpg,GPT56_Luna,Template-Free,
sample_0403.jpg,images/sample_0403.jpg,GPT56_Luna,i-bet-hes-thinking-about-other-women,
sample_0404.jpg,images/sample_0404.jpg,GPT56_Luna,Template-Free,
sample_0405.jpg,images/sample_0405.jpg,GPT56_Luna,Template-Free,
sample_0406.jpg,images/sample_0406.jpg,GPT56_Luna,elon-musk-blank-tweet,
sample_0407.jpg,images/sample_0407.jpg,GPT56_Luna,Template-Free,
sample_0408.jpg,images/sample_0408.jpg,GPT56_Luna,Template-Free,
sample_0409.jpg,images/sample_0409.jpg,GPT56_Luna,Template-Free,
sample_0410.jpg,images/sample_0410.jpg,GPT56_Luna,Template-Free,
sample_0411.jpg,images/sample_0411.jpg,GPT56_Luna,you-have-no-power-here,
sample_0412.jpg,images/sample_0412.jpg,GPT56_Luna,Template-Free,
sample_0413.jpg,images/sample_0413.jpg,GPT56_Luna,Template-Free,
sample_0414.jpg,images/sample_0414.jpg,GPT56_Luna,Template-Free,
sample_0415.jpg,images/sample_0415.jpg,GPT56_Luna,Template-Free,
sample_0416.jpg,images/sample_0416.jpg,GPT56_Luna,Template-Free,
sample_0417.jpg,images/sample_0417.jpg,GPT56_Luna,Template-Free,
sample_0418.jpg,images/sample_0418.jpg,GPT56_Luna,Template-Free,
sample_0419.jpg,images/sample_0419.jpg,GPT56_Luna,Template-Free,
sample_0420.jpg,images/sample_0420.jpg,GPT56_Luna,doomguy,
sample_0421.jpg,images/sample_0421.jpg,GPT56_Luna,Template-Free,
sample_0422.jpg,images/sample_0422.jpg,GPT56_Luna,Template-Free,
sample_0423.jpg,images/sample_0423.jpg,GPT56_Luna,Template-Free,
sample_0424.jpg,images/sample_0424.jpg,GPT56_Luna,Template-Free,
sample_0425.jpg,images/sample_0425.jpg,GPT56_Luna,Template-Free,
sample_0426.jpg,images/sample_0426.jpg,GPT56_Luna,Template-Free,
sample_0427.jpg,images/sample_0427.jpg,GPT56_Luna,Template-Free,
sample_0428.jpg,images/sample_0428.jpg,GPT56_Luna,Template-Free,
sample_0429.jpg,images/sample_0429.jpg,GPT56_Luna,Template-Free,
sample_0430.jpg,images/sample_0430.jpg,GPT56_Luna,Template-Free,
sample_0431.jpg,images/sample_0431.jpg,GPT56_Luna,Template-Free,
sample_0432.jpg,images/sample_0432.jpg,GPT56_Luna,Template-Free,
sample_0433.jpg,images/sample_0433.jpg,GPT56_Luna,Template-Free,
sample_0434.jpg,images/sample_0434.jpg,GPT56_Luna,Template-Free,
sample_0435.jpg,images/sample_0435.jpg,GPT56_Luna,Template-Free,
sample_0436.jpg,images/sample_0436.jpg,GPT56_Luna,communist_cat,
sample_0437.jpg,images/sample_0437.jpg,GPT56_Luna,drake-yes-no-reverse,
sample_0438.jpg,images/sample_0438.jpg,GPT56_Luna,Template-Free,
sample_0439.jpg,images/sample_0439.jpg,GPT56_Luna,Template-Free,
sample_0440.jpg,images/sample_0440.jpg,GPT56_Luna,Template-Free,
sample_0441.jpg,images/sample_0441.jpg,GPT56_Luna,signature_look_of_superiority,
sample_0442.jpg,images/sample_0442.jpg,GPT56_Luna,Template-Free,
sample_0443.jpg,images/sample_0443.jpg,GPT56_Luna,Template-Free,
sample_0444.jpg,images/sample_0444.jpg,GPT56_Luna,drake_meme_3_panels,
sample_0445.jpg,images/sample_0445.jpg,GPT56_Luna,Template-Free,
sample_0446.jpg,images/sample_0446.jpg,GPT56_Luna,Template-Free,
sample_0447.jpg,images/sample_0447.jpg,GPT56_Luna,Template-Free,
sample_0448.jpg,images/sample_0448.jpg,GPT56_Luna,Template-Free,
sample_0449.jpg,images/sample_0449.jpg,GPT56_Luna,Template-Free,
sample_0450.jpg,images/sample_0450.jpg,GPT56_Luna,elon-musk-blank-tweet,
sample_0451.jpg,images/sample_0451.jpg,GPT56_Luna,Template-Free,
sample_0452.jpg,images/sample_0452.jpg,GPT56_Luna,hard-to-swallow-pills,
sample_0453.jpg,images/sample_0453.jpg,GPT56_Luna,successful-black-man,
sample_0454.jpg,images/sample_0454.jpg,GPT56_Luna,Template-Free,
sample_0455.jpg,images/sample_0455.jpg,GPT56_Luna,Template-Free,
sample_0456.jpg,images/sample_0456.jpg,GPT56_Luna,Template-Free,
sample_0457.jpg,images/sample_0457.jpg,GPT56_Luna,blank_transparent_square,
sample_0458.jpg,images/sample_0458.jpg,GPT56_Luna,guy_fawkes,
sample_0459.jpg,images/sample_0459.jpg,GPT56_Luna,Template-Free,
sample_0460.jpg,images/sample_0460.jpg,GPT56_Luna,drake-yes-no-reverse,
sample_0461.jpg,images/sample_0461.jpg,GPT56_Luna,drowning-kid-in-the-pool,
sample_0462.jpg,images/sample_0462.jpg,GPT56_Luna,what-if-i-told-you,
sample_0463.jpg,images/sample_0463.jpg,GPT56_Luna,Template-Free,
sample_0464.jpg,images/sample_0464.jpg,GPT56_Luna,Template-Free,
sample_0465.jpg,images/sample_0465.jpg,GPT56_Luna,Template-Free,
sample_0466.jpg,images/sample_0466.jpg,GPT56_Luna,you-like-krabby-patties,
sample_0467.jpg,images/sample_0467.jpg,GPT56_Luna,adios,
sample_0468.jpg,images/sample_0468.jpg,GPT56_Luna,blank_comic_panel_2x2,
sample_0469.jpg,images/sample_0469.jpg,GPT56_Luna,angry-flower,
sample_0470.jpg,images/sample_0470.jpg,GPT56_Luna,Template-Free,
sample_0471.jpg,images/sample_0471.jpg,GPT56_Luna,why-cant-you-just-be-normal-blank,
sample_0472.jpg,images/sample_0472.jpg,GPT56_Luna,Template-Free,
sample_0473.jpg,images/sample_0473.jpg,GPT56_Luna,Template-Free,
sample_0474.jpg,images/sample_0474.jpg,GPT56_Luna,its-free-real-estate,
sample_0475.jpg,images/sample_0475.jpg,GPT56_Luna,Template-Free,
sample_0476.jpg,images/sample_0476.jpg,GPT56_Luna,Template-Free,
sample_0477.jpg,images/sample_0477.jpg,GPT56_Luna,Template-Free,
sample_0478.jpg,images/sample_0478.jpg,GPT56_Luna,Template-Free,
sample_0479.jpg,images/sample_0479.jpg,GPT56_Luna,black_background,
sample_0480.jpg,images/sample_0480.jpg,GPT56_Luna,Template-Free,
sample_0481.jpg,images/sample_0481.jpg,GPT56_Luna,Template-Free,
sample_0482.jpg,images/sample_0482.jpg,GPT56_Luna,ew-i-stepped-in-shit,
sample_0483.jpg,images/sample_0483.jpg,GPT56_Luna,Template-Free,
sample_0484.jpg,images/sample_0484.jpg,GPT56_Luna,Template-Free,
sample_0485.jpg,images/sample_0485.jpg,GPT56_Luna,blinking-guy,
sample_0486.jpg,images/sample_0486.jpg,GPT56_Luna,pink-guy-vs-bane,
sample_0487.jpg,images/sample_0487.jpg,GPT56_Luna,Template-Free,
sample_0488.jpg,images/sample_0488.jpg,GPT56_Luna,are_ya_winning_son,
sample_0489.jpg,images/sample_0489.jpg,GPT56_Luna,Template-Free,
sample_0490.jpg,images/sample_0490.jpg,GPT56_Luna,tom-the-cat-shooting-himself,
sample_0491.jpg,images/sample_0491.jpg,GPT56_Luna,lisa-simpsons-presentation,
sample_0492.jpg,images/sample_0492.jpg,GPT56_Luna,Template-Free,
sample_0493.jpg,images/sample_0493.jpg,GPT56_Luna,Template-Free,
sample_0494.jpg,images/sample_0494.jpg,GPT56_Luna,Template-Free,
sample_0495.jpg,images/sample_0495.jpg,GPT56_Luna,and-thats-a-fact,
sample_0496.jpg,images/sample_0496.jpg,GPT56_Luna,elon-musk-blank-tweet,
sample_0497.jpg,images/sample_0497.jpg,GPT56_Luna,woman-showing-paper-to-cat,
sample_0498.jpg,images/sample_0498.jpg,GPT56_Luna,Template-Free,
sample_0499.jpg,images/sample_0499.jpg,GPT56_Luna,Template-Free,
sample_0500.jpg,images/sample_0500.jpg,GPT56_Luna,Template-Free,
sample_0501.jpg,images/sample_0501.jpg,GPT56_Luna,master_oogway,
sample_0502.jpg,images/sample_0502.jpg,GPT56_Luna,blinking-guy,
sample_0503.jpg,images/sample_0503.jpg,GPT56_Luna,Template-Free,
sample_0504.jpg,images/sample_0504.jpg,GPT56_Luna,Template-Free,
sample_0505.jpg,images/sample_0505.jpg,GPT56_Luna,Template-Free,
sample_0506.jpg,images/sample_0506.jpg,GPT56_Luna,blank,
sample_0507.jpg,images/sample_0507.jpg,GPT56_Luna,computer_guy,
sample_0508.jpg,images/sample_0508.jpg,GPT56_Luna,Template-Free,
sample_0509.jpg,images/sample_0509.jpg,GPT56_Luna,Template-Free,
sample_0510.jpg,images/sample_0510.jpg,GPT56_Luna,borat_2_tonight_queen,
sample_0511.jpg,images/sample_0511.jpg,GPT56_Luna,Template-Free,
sample_0512.jpg,images/sample_0512.jpg,GPT56_Luna,Template-Free,
sample_0513.jpg,images/sample_0513.jpg,GPT56_Luna,nobody-is-born-cool,
sample_0514.jpg,images/sample_0514.jpg,GPT56_Luna,Template-Free,
sample_0515.jpg,images/sample_0515.jpg,GPT56_Luna,change-my-mind,
sample_0516.jpg,images/sample_0516.jpg,GPT56_Luna,Template-Free,
sample_0517.jpg,images/sample_0517.jpg,GPT56_Luna,sparta-leonidas,
sample_0518.jpg,images/sample_0518.jpg,GPT56_Luna,Template-Free,
sample_0519.jpg,images/sample_0519.jpg,GPT56_Luna,Template-Free,
sample_0520.jpg,images/sample_0520.jpg,GPT56_Luna,Template-Free,
sample_0521.jpg,images/sample_0521.jpg,GPT56_Luna,Template-Free,
sample_0522.jpg,images/sample_0522.jpg,GPT56_Luna,lisa-simpsons-presentation,
sample_0523.jpg,images/sample_0523.jpg,GPT56_Luna,Template-Free,
sample_0524.jpg,images/sample_0524.jpg,GPT56_Luna,Template-Free,
sample_0525.jpg,images/sample_0525.jpg,GPT56_Luna,Template-Free,
sample_0526.jpg,images/sample_0526.jpg,GPT56_Luna,Template-Free,
sample_0527.jpg,images/sample_0527.jpg,GPT56_Luna,Template-Free,
sample_0528.jpg,images/sample_0528.jpg,GPT56_Luna,Template-Free,
sample_0529.jpg,images/sample_0529.jpg,GPT56_Luna,Template-Free,
sample_0530.jpg,images/sample_0530.jpg,GPT56_Luna,Template-Free,
sample_0531.jpg,images/sample_0531.jpg,GPT56_Luna,Template-Free,
sample_0532.jpg,images/sample_0532.jpg,GPT56_Luna,Template-Free,
sample_0533.jpg,images/sample_0533.jpg,GPT56_Luna,creepy-condescending-wonka,
sample_0534.jpg,images/sample_0534.jpg,GPT56_Luna,well-yes-but-actually-no,
sample_0535.jpg,images/sample_0535.jpg,GPT56_Luna,Template-Free,
sample_0536.jpg,images/sample_0536.jpg,GPT56_Luna,titanic_band,
sample_0537.jpg,images/sample_0537.jpg,GPT56_Luna,drake-yes-no-reverse,
sample_0538.jpg,images/sample_0538.jpg,GPT56_Luna,youtube_video_template,
sample_0539.jpg,images/sample_0539.jpg,GPT56_Luna,Template-Free,
sample_0540.jpg,images/sample_0540.jpg,GPT56_Luna,Template-Free,
sample_0541.jpg,images/sample_0541.jpg,GPT56_Luna,pepe-punch,
sample_0542.jpg,images/sample_0542.jpg,GPT56_Luna,Template-Free,
sample_0543.jpg,images/sample_0543.jpg,GPT56_Luna,Template-Free,
sample_0544.jpg,images/sample_0544.jpg,GPT56_Luna,elon-musk-blank-tweet,
sample_0545.jpg,images/sample_0545.jpg,GPT56_Luna,well-yes-but-actually-no,
sample_0546.jpg,images/sample_0546.jpg,GPT56_Luna,elon-musk-blank-tweet,
sample_0547.jpg,images/sample_0547.jpg,GPT56_Luna,Template-Free,
sample_0548.jpg,images/sample_0548.jpg,GPT56_Luna,Template-Free,
sample_0549.jpg,images/sample_0549.jpg,GPT56_Luna,afraid-to-ask-andy,
sample_0550.jpg,images/sample_0550.jpg,GPT56_Luna,bonjour,
sample_0551.jpg,images/sample_0551.jpg,GPT56_Luna,Template-Free,
sample_0552.jpg,images/sample_0552.jpg,GPT56_Luna,Template-Free,
sample_0553.jpg,images/sample_0553.jpg,GPT56_Luna,unsettled-tom,
sample_0554.jpg,images/sample_0554.jpg,GPT56_Luna,Template-Free,
sample_0555.jpg,images/sample_0555.jpg,GPT56_Luna,squidward-chair,
sample_0556.jpg,images/sample_0556.jpg,GPT56_Luna,blinking-guy,
sample_0557.jpg,images/sample_0557.jpg,GPT56_Luna,Template-Free,
sample_0558.jpg,images/sample_0558.jpg,GPT56_Luna,Template-Free,
sample_0559.jpg,images/sample_0559.jpg,GPT56_Luna,Template-Free,
sample_0560.jpg,images/sample_0560.jpg,GPT56_Luna,Template-Free,
sample_0561.jpg,images/sample_0561.jpg,GPT56_Luna,Template-Free,
sample_0562.jpg,images/sample_0562.jpg,GPT56_Luna,Template-Free,
sample_0563.jpg,images/sample_0563.jpg,GPT56_Luna,Template-Free,
sample_0564.jpg,images/sample_0564.jpg,GPT56_Luna,michael-jackson-eating-popcorn,
sample_0565.jpg,images/sample_0565.jpg,GPT56_Luna,lion-king,
sample_0566.jpg,images/sample_0566.jpg,GPT56_Luna,Template-Free,
sample_0567.jpg,images/sample_0567.jpg,GPT56_Luna,Template-Free,
sample_0568.jpg,images/sample_0568.jpg,GPT56_Luna,Template-Free,
sample_0569.jpg,images/sample_0569.jpg,GPT56_Luna,Template-Free,
sample_0570.jpg,images/sample_0570.jpg,GPT56_Luna,disloyal-boyfriend,
sample_0571.jpg,images/sample_0571.jpg,GPT56_Luna,solemn_lumberjack,
sample_0572.jpg,images/sample_0572.jpg,GPT56_Luna,Template-Free,
sample_0573.jpg,images/sample_0573.jpg,GPT56_Luna,Template-Free,
sample_0574.jpg,images/sample_0574.jpg,GPT56_Luna,Template-Free,
sample_0575.jpg,images/sample_0575.jpg,GPT56_Luna,Template-Free,
sample_0576.jpg,images/sample_0576.jpg,GPT56_Luna,Template-Free,
sample_0577.jpg,images/sample_0577.jpg,GPT56_Luna,Template-Free,
sample_0578.jpg,images/sample_0578.jpg,GPT56_Luna,Template-Free,
sample_0579.jpg,images/sample_0579.jpg,GPT56_Luna,Template-Free,
sample_0580.jpg,images/sample_0580.jpg,GPT56_Luna,Template-Free,
sample_0581.jpg,images/sample_0581.jpg,GPT56_Luna,vein-popping-kid,
sample_0582.jpg,images/sample_0582.jpg,GPT56_Luna,Template-Free,
sample_0583.jpg,images/sample_0583.jpg,GPT56_Luna,lisa-simpsons-presentation,
sample_0584.jpg,images/sample_0584.jpg,GPT56_Luna,Template-Free,
sample_0585.jpg,images/sample_0585.jpg,GPT56_Luna,Template-Free,
sample_0586.jpg,images/sample_0586.jpg,GPT56_Luna,Template-Free,
sample_0587.jpg,images/sample_0587.jpg,GPT56_Luna,Template-Free,
sample_0588.jpg,images/sample_0588.jpg,GPT56_Luna,Template-Free,
sample_0589.jpg,images/sample_0589.jpg,GPT56_Luna,Template-Free,
sample_0590.jpg,images/sample_0590.jpg,GPT56_Luna,Template-Free,
sample_0591.jpg,images/sample_0591.jpg,GPT56_Luna,Template-Free,
sample_0592.jpg,images/sample_0592.jpg,GPT56_Luna,Template-Free,
sample_0593.jpg,images/sample_0593.jpg,GPT56_Luna,Template-Free,
sample_0594.jpg,images/sample_0594.jpg,GPT56_Luna,mozart_not_sure,
sample_0595.jpg,images/sample_0595.jpg,GPT56_Luna,Template-Free,
sample_0596.jpg,images/sample_0596.jpg,GPT56_Luna,listen-here-you-little-shit-bird,
sample_0597.jpg,images/sample_0597.jpg,GPT56_Luna,Template-Free,
sample_0598.jpg,images/sample_0598.jpg,GPT56_Luna,Template-Free,
sample_0599.jpg,images/sample_0599.jpg,GPT56_Luna,Template-Free,
sample_0600.jpg,images/sample_0600.jpg,GPT56_Luna,borat_2_tonight_queen,
sample_0601.jpg,images/sample_0601.jpg,GPT56_Luna,its-over-anakin-i-have-the-high-ground,
sample_0602.jpg,images/sample_0602.jpg,GPT56_Luna,Template-Free,
sample_0603.jpg,images/sample_0603.jpg,GPT56_Luna,Template-Free,
sample_0604.jpg,images/sample_0604.jpg,GPT56_Luna,me-explaining-to-my-mom,
sample_0605.jpg,images/sample_0605.jpg,GPT56_Luna,blank_white_template,
sample_0606.jpg,images/sample_0606.jpg,GPT56_Luna,Template-Free,
sample_0607.jpg,images/sample_0607.jpg,GPT56_Luna,red_button_hand,
sample_0608.jpg,images/sample_0608.jpg,GPT56_Luna,Template-Free,
sample_0609.jpg,images/sample_0609.jpg,GPT56_Luna,i-have-no-idea-what-i-am-doing-dog,
sample_0610.jpg,images/sample_0610.jpg,GPT56_Luna,Template-Free,
sample_0611.jpg,images/sample_0611.jpg,GPT56_Luna,Template-Free,
sample_0612.jpg,images/sample_0612.jpg,GPT56_Luna,Template-Free,
sample_0613.jpg,images/sample_0613.jpg,GPT56_Luna,Template-Free,
sample_0614.jpg,images/sample_0614.jpg,GPT56_Luna,Template-Free,
sample_0615.jpg,images/sample_0615.jpg,GPT56_Luna,eric-andre-let-me-in-meme,
sample_0616.jpg,images/sample_0616.jpg,GPT56_Luna,sitting_wolf,
sample_0617.jpg,images/sample_0617.jpg,GPT56_Luna,Template-Free,
sample_0618.jpg,images/sample_0618.jpg,GPT56_Luna,Template-Free,
sample_0619.jpg,images/sample_0619.jpg,GPT56_Luna,Template-Free,
sample_0620.jpg,images/sample_0620.jpg,GPT56_Luna,Template-Free,
sample_0621.jpg,images/sample_0621.jpg,GPT56_Luna,white_background,
sample_0622.jpg,images/sample_0622.jpg,GPT56_Luna,guy-recording-a-fight,
sample_0623.jpg,images/sample_0623.jpg,GPT56_Luna,Template-Free,
sample_0624.jpg,images/sample_0624.jpg,GPT56_Luna,Template-Free,
sample_0625.jpg,images/sample_0625.jpg,GPT56_Luna,Template-Free,
sample_0626.jpg,images/sample_0626.jpg,GPT56_Luna,im-tired-of-pretending-its-not,
sample_0627.jpg,images/sample_0627.jpg,GPT56_Luna,Template-Free,
sample_0628.jpg,images/sample_0628.jpg,GPT56_Luna,Template-Free,
sample_0629.jpg,images/sample_0629.jpg,GPT56_Luna,Template-Free,
sample_0630.jpg,images/sample_0630.jpg,GPT56_Luna,Template-Free,
sample_0631.jpg,images/sample_0631.jpg,GPT56_Luna,Template-Free,
sample_0632.jpg,images/sample_0632.jpg,GPT56_Luna,Template-Free,
sample_0633.jpg,images/sample_0633.jpg,GPT56_Luna,red_button_hand,
sample_0634.jpg,images/sample_0634.jpg,GPT56_Luna,Template-Free,
sample_0635.jpg,images/sample_0635.jpg,GPT56_Luna,actual-advice-mallard,
sample_0636.jpg,images/sample_0636.jpg,GPT56_Luna,what-if-you-but-god-said,
sample_0637.jpg,images/sample_0637.jpg,GPT56_Luna,Template-Free,
sample_0638.jpg,images/sample_0638.jpg,GPT56_Luna,Template-Free,
sample_0639.jpg,images/sample_0639.jpg,GPT56_Luna,Template-Free,
sample_0640.jpg,images/sample_0640.jpg,GPT56_Luna,dead-baby-voldemort-what-happened-to-him,
sample_0641.jpg,images/sample_0641.jpg,GPT56_Luna,homer-bush,
sample_0642.jpg,images/sample_0642.jpg,GPT56_Luna,Template-Free,
sample_0643.jpg,images/sample_0643.jpg,GPT56_Luna,disloyal-boyfriend,
sample_0644.jpg,images/sample_0644.jpg,GPT56_Luna,Template-Free,
sample_0645.jpg,images/sample_0645.jpg,GPT56_Luna,disappearing,
sample_0646.jpg,images/sample_0646.jpg,GPT56_Luna,Template-Free,
sample_0647.jpg,images/sample_0647.jpg,GPT56_Luna,arthur-fist,
sample_0648.jpg,images/sample_0648.jpg,GPT56_Luna,panik-kalm-panik,
sample_0649.jpg,images/sample_0649.jpg,GPT56_Luna,panik-kalm-panik,
sample_0650.jpg,images/sample_0650.jpg,GPT56_Luna,Template-Free,
sample_0651.jpg,images/sample_0651.jpg,GPT56_Luna,Template-Free,
sample_0652.jpg,images/sample_0652.jpg,GPT56_Luna,Template-Free,
sample_0653.jpg,images/sample_0653.jpg,GPT56_Luna,anime-girl-hiding-from-terminator,
sample_0654.jpg,images/sample_0654.jpg,GPT56_Luna,Template-Free,
sample_0655.jpg,images/sample_0655.jpg,GPT56_Luna,Template-Free,
sample_0656.jpg,images/sample_0656.jpg,GPT56_Luna,Template-Free,
sample_0657.jpg,images/sample_0657.jpg,GPT56_Luna,Template-Free,
sample_0658.jpg,images/sample_0658.jpg,GPT56_Luna,Template-Free,
sample_0659.jpg,images/sample_0659.jpg,GPT56_Luna,i-guarantee-it,
sample_0660.jpg,images/sample_0660.jpg,GPT56_Luna,Template-Free,
sample_0661.jpg,images/sample_0661.jpg,GPT56_Luna,Template-Free,
sample_0662.jpg,images/sample_0662.jpg,GPT56_Luna,Template-Free,
sample_0663.jpg,images/sample_0663.jpg,GPT56_Luna,debo,
sample_0664.jpg,images/sample_0664.jpg,GPT56_Luna,Template-Free,
sample_0665.jpg,images/sample_0665.jpg,GPT56_Luna,Template-Free,
sample_0666.jpg,images/sample_0666.jpg,GPT56_Luna,boardroom-meeting-suggestion,
sample_0667.jpg,images/sample_0667.jpg,GPT56_Luna,Template-Free,
sample_0668.jpg,images/sample_0668.jpg,GPT56_Luna,Template-Free,
sample_0669.jpg,images/sample_0669.jpg,GPT56_Luna,Template-Free,
sample_0670.jpg,images/sample_0670.jpg,GPT56_Luna,Template-Free,
sample_0671.jpg,images/sample_0671.jpg,GPT56_Luna,Template-Free,
sample_0672.jpg,images/sample_0672.jpg,GPT56_Luna,Template-Free,
sample_0673.jpg,images/sample_0673.jpg,GPT56_Luna,Template-Free,
sample_0674.jpg,images/sample_0674.jpg,GPT56_Luna,realistic-red-angry-birds,
sample_0675.jpg,images/sample_0675.jpg,GPT56_Luna,Template-Free,
sample_0676.jpg,images/sample_0676.jpg,GPT56_Luna,Template-Free,
sample_0677.jpg,images/sample_0677.jpg,GPT56_Luna,Template-Free,
sample_0678.jpg,images/sample_0678.jpg,GPT56_Luna,doge,
sample_0679.jpg,images/sample_0679.jpg,GPT56_Luna,Template-Free,
sample_0680.jpg,images/sample_0680.jpg,GPT56_Luna,Template-Free,
sample_0681.jpg,images/sample_0681.jpg,GPT56_Luna,Template-Free,
sample_0682.jpg,images/sample_0682.jpg,GPT56_Luna,Template-Free,
sample_0683.jpg,images/sample_0683.jpg,GPT56_Luna,Template-Free,
sample_0684.jpg,images/sample_0684.jpg,GPT56_Luna,Template-Free,
sample_0685.jpg,images/sample_0685.jpg,GPT56_Luna,nailed_it,
sample_0686.jpg,images/sample_0686.jpg,GPT56_Luna,Template-Free,
sample_0687.jpg,images/sample_0687.jpg,GPT56_Luna,Template-Free,
sample_0688.jpg,images/sample_0688.jpg,GPT56_Luna,Template-Free,
sample_0689.jpg,images/sample_0689.jpg,GPT56_Luna,Template-Free,
sample_0690.jpg,images/sample_0690.jpg,GPT56_Luna,Template-Free,
sample_0691.jpg,images/sample_0691.jpg,GPT56_Luna,success-kid-original,
sample_0692.jpg,images/sample_0692.jpg,GPT56_Luna,Template-Free,
sample_0693.jpg,images/sample_0693.jpg,GPT56_Luna,Template-Free,
sample_0694.jpg,images/sample_0694.jpg,GPT56_Luna,batman-signal,
sample_0695.jpg,images/sample_0695.jpg,GPT56_Luna,grave-spongebob,
sample_0696.jpg,images/sample_0696.jpg,GPT56_Luna,Template-Free,
sample_0697.jpg,images/sample_0697.jpg,GPT56_Luna,Template-Free,
sample_0698.jpg,images/sample_0698.jpg,GPT56_Luna,Template-Free,
sample_0699.jpg,images/sample_0699.jpg,GPT56_Luna,Template-Free,
sample_0700.jpg,images/sample_0700.jpg,GPT56_Luna,Template-Free,
sample_0701.jpg,images/sample_0701.jpg,GPT56_Luna,Template-Free,
sample_0702.jpg,images/sample_0702.jpg,GPT56_Luna,Template-Free,
sample_0703.jpg,images/sample_0703.jpg,GPT56_Luna,Template-Free,
sample_0704.jpg,images/sample_0704.jpg,GPT56_Luna,Template-Free,
sample_0705.jpg,images/sample_0705.jpg,GPT56_Luna,Template-Free,
sample_0706.jpg,images/sample_0706.jpg,GPT56_Luna,sidious-error,
sample_0707.jpg,images/sample_0707.jpg,GPT56_Luna,Template-Free,
sample_0708.jpg,images/sample_0708.jpg,GPT56_Luna,Template-Free,
sample_0709.jpg,images/sample_0709.jpg,GPT56_Luna,ah-shit-here-we-go-again,
sample_0710.jpg,images/sample_0710.jpg,GPT56_Luna,Template-Free,
sample_0711.jpg,images/sample_0711.jpg,GPT56_Luna,drake-yes-no-reverse,
sample_0712.jpg,images/sample_0712.jpg,GPT56_Luna,happy-then-sad,
sample_0713.jpg,images/sample_0713.jpg,GPT56_Luna,white_background,
sample_0714.jpg,images/sample_0714.jpg,GPT56_Luna,Template-Free,
sample_0715.jpg,images/sample_0715.jpg,GPT56_Luna,today-was-a-good-day,
sample_0716.jpg,images/sample_0716.jpg,GPT56_Luna,blank_comic_panel_2x2,
sample_0717.jpg,images/sample_0717.jpg,GPT56_Luna,Template-Free,
sample_0718.jpg,images/sample_0718.jpg,GPT56_Luna,Template-Free,
sample_0719.jpg,images/sample_0719.jpg,GPT56_Luna,Template-Free,
sample_0720.jpg,images/sample_0720.jpg,GPT56_Luna,assassination-chain,
sample_0721.jpg,images/sample_0721.jpg,GPT56_Luna,leonardo-dicaprio-pointing,
sample_0722.jpg,images/sample_0722.jpg,GPT56_Luna,Template-Free,
sample_0723.jpg,images/sample_0723.jpg,GPT56_Luna,brace_yourselves_x_is_coming,
sample_0724.jpg,images/sample_0724.jpg,GPT56_Luna,iceberg,
sample_0725.jpg,images/sample_0725.jpg,GPT56_Luna,Template-Free,
sample_0726.jpg,images/sample_0726.jpg,GPT56_Luna,Template-Free,
sample_0727.jpg,images/sample_0727.jpg,GPT56_Luna,Template-Free,
sample_0728.jpg,images/sample_0728.jpg,GPT56_Luna,weak-vs-strong-spongebob,
sample_0729.jpg,images/sample_0729.jpg,GPT56_Luna,Template-Free,
sample_0730.jpg,images/sample_0730.jpg,GPT56_Luna,Template-Free,
sample_0731.jpg,images/sample_0731.jpg,GPT56_Luna,Template-Free,
sample_0732.jpg,images/sample_0732.jpg,GPT56_Luna,Template-Free,
sample_0733.jpg,images/sample_0733.jpg,GPT56_Luna,its-not-going-to-happen,
sample_0734.jpg,images/sample_0734.jpg,GPT56_Luna,going_to_need_a_bigger_boat,
sample_0735.jpg,images/sample_0735.jpg,GPT56_Luna,heaven,
sample_0736.jpg,images/sample_0736.jpg,GPT56_Luna,panik-kalm-panik,
sample_0737.jpg,images/sample_0737.jpg,GPT56_Luna,aj-styles-undertaker,
sample_0738.jpg,images/sample_0738.jpg,GPT56_Luna,spongebob_hype_stand,
sample_0739.jpg,images/sample_0739.jpg,GPT56_Luna,Template-Free,
sample_0740.jpg,images/sample_0740.jpg,GPT56_Luna,Template-Free,
sample_0741.jpg,images/sample_0741.jpg,GPT56_Luna,Template-Free,
sample_0742.jpg,images/sample_0742.jpg,GPT56_Luna,Template-Free,
sample_0743.jpg,images/sample_0743.jpg,GPT56_Luna,society-if,
sample_0744.jpg,images/sample_0744.jpg,GPT56_Luna,Template-Free,
sample_0745.jpg,images/sample_0745.jpg,GPT56_Luna,Template-Free,
sample_0746.jpg,images/sample_0746.jpg,GPT56_Luna,Template-Free,
sample_0747.jpg,images/sample_0747.jpg,GPT56_Luna,Template-Free,
sample_0748.jpg,images/sample_0748.jpg,GPT56_Luna,Template-Free,
sample_0749.jpg,images/sample_0749.jpg,GPT56_Luna,Template-Free,
sample_0750.jpg,images/sample_0750.jpg,GPT56_Luna,Template-Free,
sample_0751.jpg,images/sample_0751.jpg,GPT56_Luna,elon-musk-blank-tweet,
sample_0752.jpg,images/sample_0752.jpg,GPT56_Luna,Template-Free,
sample_0753.jpg,images/sample_0753.jpg,GPT56_Luna,Template-Free,
sample_0754.jpg,images/sample_0754.jpg,GPT56_Luna,a-ustedes-les-pagan,
sample_0755.jpg,images/sample_0755.jpg,GPT56_Luna,Template-Free,
sample_0756.jpg,images/sample_0756.jpg,GPT56_Luna,Template-Free,
sample_0757.jpg,images/sample_0757.jpg,GPT56_Luna,Template-Free,
sample_0758.jpg,images/sample_0758.jpg,GPT56_Luna,Template-Free,
sample_0759.jpg,images/sample_0759.jpg,GPT56_Luna,Template-Free,
sample_0760.jpg,images/sample_0760.jpg,GPT56_Luna,finally-a-worthy-opponent,
sample_0761.jpg,images/sample_0761.jpg,GPT56_Luna,tuxedo-winnie-the-pooh,
sample_0762.jpg,images/sample_0762.jpg,GPT56_Luna,blinking-guy,
sample_0763.jpg,images/sample_0763.jpg,GPT56_Luna,trumpet-boy,
sample_0764.jpg,images/sample_0764.jpg,GPT56_Luna,rpg-fan,
sample_0765.jpg,images/sample_0765.jpg,GPT56_Luna,Template-Free,
sample_0766.jpg,images/sample_0766.jpg,GPT56_Luna,Template-Free,
sample_0767.jpg,images/sample_0767.jpg,GPT56_Luna,nobody-absolutely-no-one,
sample_0768.jpg,images/sample_0768.jpg,GPT56_Luna,skeletor-disturbing-facts,
sample_0769.jpg,images/sample_0769.jpg,GPT56_Luna,Template-Free,
sample_0770.jpg,images/sample_0770.jpg,GPT56_Luna,Template-Free,
sample_0771.jpg,images/sample_0771.jpg,GPT56_Luna,Template-Free,
sample_0772.jpg,images/sample_0772.jpg,GPT56_Luna,la-vieja-confiable,
sample_0773.jpg,images/sample_0773.jpg,GPT56_Luna,Template-Free,
sample_0774.jpg,images/sample_0774.jpg,GPT56_Luna,Template-Free,
sample_0775.jpg,images/sample_0775.jpg,GPT56_Luna,Template-Free,
sample_0776.jpg,images/sample_0776.jpg,GPT56_Luna,damn-got-hands,
sample_0777.jpg,images/sample_0777.jpg,GPT56_Luna,Template-Free,
sample_0778.jpg,images/sample_0778.jpg,GPT56_Luna,Template-Free,
sample_0779.jpg,images/sample_0779.jpg,GPT56_Luna,Template-Free,
sample_0780.jpg,images/sample_0780.jpg,GPT56_Luna,Template-Free,
sample_0781.jpg,images/sample_0781.jpg,GPT56_Luna,Template-Free,
sample_0782.jpg,images/sample_0782.jpg,GPT56_Luna,drake-yes-no-reverse,
sample_0783.jpg,images/sample_0783.jpg,GPT56_Luna,Template-Free,
sample_0784.jpg,images/sample_0784.jpg,GPT56_Luna,Template-Free,
sample_0785.jpg,images/sample_0785.jpg,GPT56_Luna,Template-Free,
sample_0786.jpg,images/sample_0786.jpg,GPT56_Luna,obama-medal,
sample_0787.jpg,images/sample_0787.jpg,GPT56_Luna,staring-fish,
sample_0788.jpg,images/sample_0788.jpg,GPT56_Luna,angry_turkish_man_playing_cards_meme,
sample_0789.jpg,images/sample_0789.jpg,GPT56_Luna,stonks,
sample_0790.jpg,images/sample_0790.jpg,GPT56_Luna,Template-Free,
sample_0791.jpg,images/sample_0791.jpg,GPT56_Luna,too_drunk_at_party_tina,
sample_0792.jpg,images/sample_0792.jpg,GPT56_Luna,expanding-brain,
sample_0793.jpg,images/sample_0793.jpg,GPT56_Luna,Template-Free,
sample_0794.jpg,images/sample_0794.jpg,GPT56_Luna,Template-Free,
sample_0795.jpg,images/sample_0795.jpg,GPT56_Luna,Template-Free,
sample_0796.jpg,images/sample_0796.jpg,GPT56_Luna,i_was_there,
sample_0797.jpg,images/sample_0797.jpg,GPT56_Luna,Template-Free,
sample_0798.jpg,images/sample_0798.jpg,GPT56_Luna,Template-Free,
sample_0799.jpg,images/sample_0799.jpg,GPT56_Luna,Template-Free,
sample_0800.jpg,images/sample_0800.jpg,GPT56_Luna,Template-Free,
sample_0801.jpg,images/sample_0801.jpg,GPT56_Luna,Template-Free,
sample_0802.jpg,images/sample_0802.jpg,GPT56_Luna,Template-Free,
sample_0803.jpg,images/sample_0803.jpg,GPT56_Luna,Template-Free,
sample_0804.jpg,images/sample_0804.jpg,GPT56_Luna,Template-Free,
sample_0805.jpg,images/sample_0805.jpg,GPT56_Luna,Template-Free,
sample_0806.jpg,images/sample_0806.jpg,GPT56_Luna,Template-Free,
sample_0807.jpg,images/sample_0807.jpg,GPT56_Luna,Template-Free,
sample_0808.jpg,images/sample_0808.jpg,GPT56_Luna,Template-Free,
sample_0809.jpg,images/sample_0809.jpg,GPT56_Luna,Template-Free,
sample_0810.jpg,images/sample_0810.jpg,GPT56_Luna,Template-Free,
sample_0811.jpg,images/sample_0811.jpg,GPT56_Luna,blank_white_template,
sample_0812.jpg,images/sample_0812.jpg,GPT56_Luna,Template-Free,
sample_0813.jpg,images/sample_0813.jpg,GPT56_Luna,genie_rules_meme,
sample_0814.jpg,images/sample_0814.jpg,GPT56_Luna,Template-Free,
sample_0815.jpg,images/sample_0815.jpg,GPT56_Luna,Template-Free,
sample_0816.jpg,images/sample_0816.jpg,GPT56_Luna,Template-Free,
sample_0817.jpg,images/sample_0817.jpg,GPT56_Luna,anime_girl_buying,
sample_0818.jpg,images/sample_0818.jpg,GPT56_Luna,Template-Free,
sample_0819.jpg,images/sample_0819.jpg,GPT56_Luna,unsettled-tom,
sample_0820.jpg,images/sample_0820.jpg,GPT56_Luna,Template-Free,
sample_0821.jpg,images/sample_0821.jpg,GPT56_Luna,Template-Free,
sample_0822.jpg,images/sample_0822.jpg,GPT56_Luna,Template-Free,
sample_0823.jpg,images/sample_0823.jpg,GPT56_Luna,Template-Free,
sample_0824.jpg,images/sample_0824.jpg,GPT56_Luna,lisa-simpsons-presentation,
sample_0825.jpg,images/sample_0825.jpg,GPT56_Luna,Template-Free,
sample_0826.jpg,images/sample_0826.jpg,GPT56_Luna,Template-Free,
sample_0827.jpg,images/sample_0827.jpg,GPT56_Luna,Template-Free,
sample_0828.jpg,images/sample_0828.jpg,GPT56_Luna,two-buttons,
sample_0829.jpg,images/sample_0829.jpg,GPT56_Luna,Template-Free,
sample_0830.jpg,images/sample_0830.jpg,GPT56_Luna,left-exit-12-off-ramp,
sample_0831.jpg,images/sample_0831.jpg,GPT56_Luna,Template-Free,
sample_0832.jpg,images/sample_0832.jpg,GPT56_Luna,Template-Free,
sample_0833.jpg,images/sample_0833.jpg,GPT56_Luna,grus-plan,
sample_0834.jpg,images/sample_0834.jpg,GPT56_Luna,Template-Free,
sample_0835.jpg,images/sample_0835.jpg,GPT56_Luna,Template-Free,
sample_0836.jpg,images/sample_0836.jpg,GPT56_Luna,Template-Free,
sample_0837.jpg,images/sample_0837.jpg,GPT56_Luna,Template-Free,
sample_0838.jpg,images/sample_0838.jpg,GPT56_Luna,Template-Free,
sample_0839.jpg,images/sample_0839.jpg,GPT56_Luna,Template-Free,
sample_0840.jpg,images/sample_0840.jpg,GPT56_Luna,Template-Free,
sample_0841.jpg,images/sample_0841.jpg,GPT56_Luna,Template-Free,
sample_0842.jpg,images/sample_0842.jpg,GPT56_Luna,black-guy-crying-and-black-guy-laughing,
sample_0843.jpg,images/sample_0843.jpg,GPT56_Luna,Template-Free,
sample_0844.jpg,images/sample_0844.jpg,GPT56_Luna,Template-Free,
sample_0845.jpg,images/sample_0845.jpg,GPT56_Luna,Template-Free,
sample_0846.jpg,images/sample_0846.jpg,GPT56_Luna,Template-Free,
sample_0847.jpg,images/sample_0847.jpg,GPT56_Luna,blank-blue-background,
sample_0848.jpg,images/sample_0848.jpg,GPT56_Luna,Template-Free,
sample_0849.jpg,images/sample_0849.jpg,GPT56_Luna,Template-Free,
sample_0850.jpg,images/sample_0850.jpg,GPT56_Luna,you-wouldnt-get-it,
sample_0851.jpg,images/sample_0851.jpg,GPT56_Luna,whe-im-in-a-competition-and-my-opponent-is,
sample_0852.jpg,images/sample_0852.jpg,GPT56_Luna,Template-Free,
sample_0853.jpg,images/sample_0853.jpg,GPT56_Luna,elmo-cocaine,
sample_0854.jpg,images/sample_0854.jpg,GPT56_Luna,Template-Free,
sample_0855.jpg,images/sample_0855.jpg,GPT56_Luna,Template-Free,
sample_0856.jpg,images/sample_0856.jpg,GPT56_Luna,20-minute-adventure-rick-morty,
sample_0857.jpg,images/sample_0857.jpg,GPT56_Luna,Template-Free,
sample_0858.jpg,images/sample_0858.jpg,GPT56_Luna,relaxed_office_guy,
sample_0859.jpg,images/sample_0859.jpg,GPT56_Luna,thinking-black-guy,
sample_0860.jpg,images/sample_0860.jpg,GPT56_Luna,Template-Free,
sample_0861.jpg,images/sample_0861.jpg,GPT56_Luna,shocked-black-guy,
sample_0862.jpg,images/sample_0862.jpg,GPT56_Luna,got_room_for_one_more,
sample_0863.jpg,images/sample_0863.jpg,GPT56_Luna,Template-Free,
sample_0864.jpg,images/sample_0864.jpg,GPT56_Luna,annoyed_face,
sample_0865.jpg,images/sample_0865.jpg,GPT56_Luna,Template-Free,
sample_0866.jpg,images/sample_0866.jpg,GPT56_Luna,Template-Free,
sample_0867.jpg,images/sample_0867.jpg,GPT56_Luna,Template-Free,
sample_0868.jpg,images/sample_0868.jpg,GPT56_Luna,Template-Free,
sample_0869.jpg,images/sample_0869.jpg,GPT56_Luna,write_that_down,
sample_0870.jpg,images/sample_0870.jpg,GPT56_Luna,tuxedo-winnie-the-pooh-3-panel,
sample_0871.jpg,images/sample_0871.jpg,GPT56_Luna,jim_lehrer_the_man,
sample_0872.jpg,images/sample_0872.jpg,GPT56_Luna,Template-Free,
sample_0873.jpg,images/sample_0873.jpg,GPT56_Luna,Template-Free,
sample_0874.jpg,images/sample_0874.jpg,GPT56_Luna,mr-incredible-uncanny,
sample_0875.jpg,images/sample_0875.jpg,GPT56_Luna,impractical_jokers,
sample_0876.jpg,images/sample_0876.jpg,GPT56_Luna,Template-Free,
sample_0877.jpg,images/sample_0877.jpg,GPT56_Luna,Template-Free,
sample_0878.jpg,images/sample_0878.jpg,GPT56_Luna,Template-Free,
sample_0879.jpg,images/sample_0879.jpg,GPT56_Luna,cheems,
sample_0880.jpg,images/sample_0880.jpg,GPT56_Luna,Template-Free,
sample_0881.jpg,images/sample_0881.jpg,GPT56_Luna,Template-Free,
sample_0882.jpg,images/sample_0882.jpg,GPT56_Luna,Template-Free,
sample_0883.jpg,images/sample_0883.jpg,GPT56_Luna,Template-Free,
sample_0884.jpg,images/sample_0884.jpg,GPT56_Luna,guess-ill-die,
sample_0885.jpg,images/sample_0885.jpg,GPT56_Luna,Template-Free,
sample_0886.jpg,images/sample_0886.jpg,GPT56_Luna,Template-Free,
sample_0887.jpg,images/sample_0887.jpg,GPT56_Luna,Template-Free,
sample_0888.jpg,images/sample_0888.jpg,GPT56_Luna,monkey-looking-away,
sample_0889.jpg,images/sample_0889.jpg,GPT56_Luna,Template-Free,
sample_0890.jpg,images/sample_0890.jpg,GPT56_Luna,Template-Free,
sample_0891.jpg,images/sample_0891.jpg,GPT56_Luna,Template-Free,
sample_0892.jpg,images/sample_0892.jpg,GPT56_Luna,Template-Free,
sample_0893.jpg,images/sample_0893.jpg,GPT56_Luna,Template-Free,
sample_0894.jpg,images/sample_0894.jpg,GPT56_Luna,Template-Free,
sample_0895.jpg,images/sample_0895.jpg,GPT56_Luna,men-laughing,
sample_0896.jpg,images/sample_0896.jpg,GPT56_Luna,bender,
sample_0897.jpg,images/sample_0897.jpg,GPT56_Luna,blank_comic_panel_2x1,
sample_0898.jpg,images/sample_0898.jpg,GPT56_Luna,Template-Free,
sample_0899.jpg,images/sample_0899.jpg,GPT56_Luna,Template-Free,
sample_0900.jpg,images/sample_0900.jpg,GPT56_Luna,Template-Free,
sample_0901.jpg,images/sample_0901.jpg,GPT56_Luna,fuze-elbow-dropping-a-hostage,
sample_0902.jpg,images/sample_0902.jpg,GPT56_Luna,spiderman-presentation,
sample_0903.jpg,images/sample_0903.jpg,GPT56_Luna,Template-Free,
sample_0904.jpg,images/sample_0904.jpg,GPT56_Luna,surprised-pikachu,
sample_0905.jpg,images/sample_0905.jpg,GPT56_Luna,Template-Free,
sample_0906.jpg,images/sample_0906.jpg,GPT56_Luna,Template-Free,
sample_0907.jpg,images/sample_0907.jpg,GPT56_Luna,Template-Free,
sample_0908.jpg,images/sample_0908.jpg,GPT56_Luna,laughing-leo,
sample_0909.jpg,images/sample_0909.jpg,GPT56_Luna,Template-Free,
sample_0910.jpg,images/sample_0910.jpg,GPT56_Luna,Template-Free,
sample_0911.jpg,images/sample_0911.jpg,GPT56_Luna,Template-Free,
sample_0912.jpg,images/sample_0912.jpg,GPT56_Luna,panzer-of-the-lake,
sample_0913.jpg,images/sample_0913.jpg,GPT56_Luna,Template-Free,
sample_0914.jpg,images/sample_0914.jpg,GPT56_Luna,Template-Free,
sample_0915.jpg,images/sample_0915.jpg,GPT56_Luna,Template-Free,
sample_0916.jpg,images/sample_0916.jpg,GPT56_Luna,Template-Free,
sample_0917.jpg,images/sample_0917.jpg,GPT56_Luna,Template-Free,
sample_0918.jpg,images/sample_0918.jpg,GPT56_Luna,Template-Free,
sample_0919.jpg,images/sample_0919.jpg,GPT56_Luna,x_when_x_walks_in,
sample_0920.jpg,images/sample_0920.jpg,GPT56_Luna,thanos_smile,
sample_0921.jpg,images/sample_0921.jpg,GPT56_Luna,Template-Free,
sample_0922.jpg,images/sample_0922.jpg,GPT56_Luna,Template-Free,
sample_0923.jpg,images/sample_0923.jpg,GPT56_Luna,Template-Free,
sample_0924.jpg,images/sample_0924.jpg,GPT56_Luna,Template-Free,
sample_0925.jpg,images/sample_0925.jpg,GPT56_Luna,no_i_dont_think_i_will,
sample_0926.jpg,images/sample_0926.jpg,GPT56_Luna,Template-Free,
sample_0927.jpg,images/sample_0927.jpg,GPT56_Luna,Template-Free,
sample_0928.jpg,images/sample_0928.jpg,GPT56_Luna,Template-Free,
sample_0929.jpg,images/sample_0929.jpg,GPT56_Luna,cnn-breaking-news-template,
sample_0930.jpg,images/sample_0930.jpg,GPT56_Luna,Template-Free,
sample_0931.jpg,images/sample_0931.jpg,GPT56_Luna,Template-Free,
sample_0932.jpg,images/sample_0932.jpg,GPT56_Luna,pink-guy-vs-bane,
sample_0933.jpg,images/sample_0933.jpg,GPT56_Luna,Template-Free,
sample_0934.jpg,images/sample_0934.jpg,GPT56_Luna,my-time-has-come,
sample_0935.jpg,images/sample_0935.jpg,GPT56_Luna,jackie-chan-wtf,
sample_0936.jpg,images/sample_0936.jpg,GPT56_Luna,Template-Free,
sample_0937.jpg,images/sample_0937.jpg,GPT56_Luna,Template-Free,
sample_0938.jpg,images/sample_0938.jpg,GPT56_Luna,Template-Free,
sample_0939.jpg,images/sample_0939.jpg,GPT56_Luna,Template-Free,
sample_0940.jpg,images/sample_0940.jpg,GPT56_Luna,Template-Free,
sample_0941.jpg,images/sample_0941.jpg,GPT56_Luna,Template-Free,
sample_0942.jpg,images/sample_0942.jpg,GPT56_Luna,sisyphus,
sample_0943.jpg,images/sample_0943.jpg,GPT56_Luna,Template-Free,
sample_0944.jpg,images/sample_0944.jpg,GPT56_Luna,Template-Free,
sample_0945.jpg,images/sample_0945.jpg,GPT56_Luna,Template-Free,
sample_0946.jpg,images/sample_0946.jpg,GPT56_Luna,Template-Free,
sample_0947.jpg,images/sample_0947.jpg,GPT56_Luna,gigachad,
sample_0948.jpg,images/sample_0948.jpg,GPT56_Luna,Template-Free,
sample_0949.jpg,images/sample_0949.jpg,GPT56_Luna,Template-Free,
sample_0950.jpg,images/sample_0950.jpg,GPT56_Luna,Template-Free,
sample_0951.jpg,images/sample_0951.jpg,GPT56_Luna,Template-Free,
sample_0952.jpg,images/sample_0952.jpg,GPT56_Luna,gordon-ramsay-kids-vs-adults,
sample_0953.jpg,images/sample_0953.jpg,GPT56_Luna,startrek,
sample_0954.jpg,images/sample_0954.jpg,GPT56_Luna,Template-Free,
sample_0955.jpg,images/sample_0955.jpg,GPT56_Luna,Template-Free,
sample_0956.jpg,images/sample_0956.jpg,GPT56_Luna,crying_kid_with_gun,
sample_0957.jpg,images/sample_0957.jpg,GPT56_Luna,who-are-we,
sample_0958.jpg,images/sample_0958.jpg,GPT56_Luna,Template-Free,
sample_0959.jpg,images/sample_0959.jpg,GPT56_Luna,Template-Free,
sample_0960.jpg,images/sample_0960.jpg,GPT56_Luna,Template-Free,
sample_0961.jpg,images/sample_0961.jpg,GPT56_Luna,Template-Free,
sample_0962.jpg,images/sample_0962.jpg,GPT56_Luna,lisa-simpsons-presentation,
sample_0963.jpg,images/sample_0963.jpg,GPT56_Luna,Template-Free,
sample_0964.jpg,images/sample_0964.jpg,GPT56_Luna,monkey-looking-away,
sample_0965.jpg,images/sample_0965.jpg,GPT56_Luna,spongebob-stupid,
sample_0966.jpg,images/sample_0966.jpg,GPT56_Luna,Template-Free,
sample_0967.jpg,images/sample_0967.jpg,GPT56_Luna,Template-Free,
sample_0968.jpg,images/sample_0968.jpg,GPT56_Luna,Template-Free,
sample_0969.jpg,images/sample_0969.jpg,GPT56_Luna,Template-Free,
sample_0970.jpg,images/sample_0970.jpg,GPT56_Luna,you-wouldnt-get-it,
sample_0971.jpg,images/sample_0971.jpg,GPT56_Luna,drake-yes-no-reverse,
sample_0972.jpg,images/sample_0972.jpg,GPT56_Luna,Template-Free,
sample_0973.jpg,images/sample_0973.jpg,GPT56_Luna,Template-Free,
sample_0974.jpg,images/sample_0974.jpg,GPT56_Luna,blank_transparent_square,
sample_0975.jpg,images/sample_0975.jpg,GPT56_Luna,blank_transparent_square,
sample_0976.jpg,images/sample_0976.jpg,GPT56_Luna,Template-Free,
sample_0977.jpg,images/sample_0977.jpg,GPT56_Luna,Template-Free,
sample_0978.jpg,images/sample_0978.jpg,GPT56_Luna,blank_transparent_square,
sample_0979.jpg,images/sample_0979.jpg,GPT56_Luna,vein-popping-kid,
sample_0980.jpg,images/sample_0980.jpg,GPT56_Luna,sad-pepe-suicide,
sample_0981.jpg,images/sample_0981.jpg,GPT56_Luna,blank_transparent_square,
sample_0982.jpg,images/sample_0982.jpg,GPT56_Luna,picard-riker-listening-to-a-pun,
sample_0983.jpg,images/sample_0983.jpg,GPT56_Luna,Template-Free,
sample_0984.jpg,images/sample_0984.jpg,GPT56_Luna,Template-Free,
sample_0985.jpg,images/sample_0985.jpg,GPT56_Luna,Template-Free,
sample_0986.jpg,images/sample_0986.jpg,GPT56_Luna,ah-shit-here-we-go-again,
sample_0987.jpg,images/sample_0987.jpg,GPT56_Luna,Template-Free,
sample_0988.jpg,images/sample_0988.jpg,GPT56_Luna,Template-Free,
sample_0989.jpg,images/sample_0989.jpg,GPT56_Luna,Template-Free,
sample_0990.jpg,images/sample_0990.jpg,GPT56_Luna,Template-Free,
sample_0991.jpg,images/sample_0991.jpg,GPT56_Luna,Template-Free,
sample_0992.jpg,images/sample_0992.jpg,GPT56_Luna,Template-Free,
sample_0993.jpg,images/sample_0993.jpg,GPT56_Luna,Template-Free,
sample_0994.jpg,images/sample_0994.jpg,GPT56_Luna,idiot-skull,
sample_0995.jpg,images/sample_0995.jpg,GPT56_Luna,Template-Free,
sample_0996.jpg,images/sample_0996.jpg,GPT56_Luna,Template-Free,
sample_0997.jpg,images/sample_0997.jpg,GPT56_Luna,Template-Free,
sample_0998.jpg,images/sample_0998.jpg,GPT56_Luna,fernanfloo-dresses-up,
sample_0999.jpg,images/sample_0999.jpg,GPT56_Luna,Template-Free,
sample_1000.jpg,images/sample_1000.jpg,GPT56_Luna,Template-Free,
