sample_id,corpus,source,sha256_source,sha256_released,bytes_source,bytes_released
sample_0001.jpg,social_media,facebook,eb1553aef853660de94cef2b64ad5bf257e49b3d72168552d7b786b10cb62d1c,a70b15a2e5e874488ce90d3da2db5a31240c8811188159148381ce7e64f594d6,39813,39679
sample_0002.jpg,social_media,twitter,bddcec6e38f6d6ec3090c210715eec086bf1e59e6adfba8f4e8aa1e7275d93a6,bddcec6e38f6d6ec3090c210715eec086bf1e59e6adfba8f4e8aa1e7275d93a6,15899,15899
sample_0003.jpg,social_media,twitter,4fa0043b45f79b451c173a2adca45bf01a8acf158a36184339df8f2315c9f3b4,4fa0043b45f79b451c173a2adca45bf01a8acf158a36184339df8f2315c9f3b4,55953,55953
sample_0004.jpg,social_media,facebook,a19ffe8651139fb0fe4e5e867b7b7ac9cca47c5cdaf1ff71de6ff8521f9f45e7,8850285d099752c21ca123c96639df86b7cbc04c082bfb746d520cbb8e9fae02,13371,12671
sample_0005.jpg,social_media,reddit,1f429969fc6d517f330dae84276a61e90237d989d61286ac28af0239babe238b,c301e641dd91d0f1146677b7ec0c13e32b28355c4c012e7412865a31fd335b5f,298642,298088
sample_0006.jpg,social_media,reddit,a848e159d75601a3b1ba7e436a4688851b27140de3384ddf1aa999c1998d37a7,a848e159d75601a3b1ba7e436a4688851b27140de3384ddf1aa999c1998d37a7,36708,36708
sample_0007.jpg,social_media,reddit,e209899e488746da01f79285fdd1149aaa1097bf9b357985c98d6728f73c4e72,e209899e488746da01f79285fdd1149aaa1097bf9b357985c98d6728f73c4e72,417521,417521
sample_0008.jpg,social_media,reddit,2b283ec0fda94c4d3a430759eb6c101ec34678eb24e8d7146e957d26e3df76bf,2b283ec0fda94c4d3a430759eb6c101ec34678eb24e8d7146e957d26e3df76bf,104122,104122
sample_0009.jpg,social_media,reddit,3d09a0bf338fb25239d96b8dfdfe057e36a40ce901155cf23aaafd8382b4db3d,3d09a0bf338fb25239d96b8dfdfe057e36a40ce901155cf23aaafd8382b4db3d,30705,30705
sample_0010.jpg,social_media,reddit,3c7c1c6622acc1f522c1f4b51a5076f69afeebf4a64f6613f3afc23740e1fa0b,50dab611f19f005880a1cf150ffcd9f2943ef20ab7fe95b4fcb407bb4c251899,70224,69670
sample_0011.jpg,social_media,reddit,209016a7da271e9a210541ba5222c7b7eee44e120c93d70352aeff20cd544c4e,209016a7da271e9a210541ba5222c7b7eee44e120c93d70352aeff20cd544c4e,12740,12740
sample_0012.jpg,social_media,reddit,c0e66c8e286d6cb6977842a3b92512e0c9ecb6365e7d79669a5ac3df93aa50c4,2271096f93fc42c5290b9fec7783f6086fdce1d955fa8886b760b3239d317d08,40793,40227
sample_0013.jpg,social_media,reddit,698a7ddc0c28f4c6f8a63141967a126162ae5a4f901c21dde790b1abaf4e7bb5,698a7ddc0c28f4c6f8a63141967a126162ae5a4f901c21dde790b1abaf4e7bb5,82380,82380
sample_0014.jpg,social_media,twitter,d978768b3cf564e13592202662a94e38984df1cf0a206b729f4a06e7ae114c1c,d978768b3cf564e13592202662a94e38984df1cf0a206b729f4a06e7ae114c1c,118992,118992
sample_0015.jpg,social_media,reddit,830cae09c8ce3ba1348ac3f4684797b22104f2f05c909d4dd7fcb44dcce95a1e,830cae09c8ce3ba1348ac3f4684797b22104f2f05c909d4dd7fcb44dcce95a1e,56210,56210
sample_0016.jpg,social_media,twitter,3e7e887d3bc3541864df3e0b8570998fa7ccbbad290e49a8a1aee6cacf7648e8,f6cfd9990bbb28d62155c5d58935ae8593cf3e03039026a1856e78b3fef5798d,41329,40787
sample_0017.jpg,social_media,reddit,438865bd5012e8efbf4d2be22469a128fd332b7131ca323d6f8331624332a449,438865bd5012e8efbf4d2be22469a128fd332b7131ca323d6f8331624332a449,109605,109605
sample_0018.jpg,social_media,facebook,2e14f6d8acce2ff07c814d05ef405c59727975f587ac892b935ace08958032c5,57f6038f2c190c39c88026abc6a39e30d2c881b0f627b2e2f889e8e72534237a,18237,18079
sample_0019.jpg,social_media,reddit,5b15f9b0011e3f9b4b4f3384130026862cd9e617150159581552001ceb15e435,c1a2e107b7350cf7e5a23d98d0a9bca2bd4d1ae39b58d944046288b1e0ac8d0f,117668,117114
sample_0020.jpg,social_media,reddit,c07b2fef8b049e0a39496456e8ae91cc369f71e07d41490a838f4f06936d1a1c,c07b2fef8b049e0a39496456e8ae91cc369f71e07d41490a838f4f06936d1a1c,67251,67251
sample_0021.jpg,social_media,twitter,39ccb327d2f1a4035d2adb0f2f097cb4147a6defe1e84afb21e7ffb1a200935d,39ccb327d2f1a4035d2adb0f2f097cb4147a6defe1e84afb21e7ffb1a200935d,142416,142416
sample_0022.jpg,non_memes,screenshots,9b12f47c018aab5b46f01a8d436a4c2759ac1d441bdb2883de5c9e7d8e3d3d6a,9b12f47c018aab5b46f01a8d436a4c2759ac1d441bdb2883de5c9e7d8e3d3d6a,26788,26788
sample_0023.jpg,social_media,facebook,10fbb673dda958863ff9edd3af73a9f12924c644d549c77fa3f4affb03302fac,4bd10cf86bb3aad0b37a14cee2fcd147ec56fd86bb24e0940d9a7e0f90ef292c,43095,42961
sample_0024.jpg,social_media,reddit,cddb2ea1db680bd2b731850be4c06d47c4f21e384b7e76907f44831c87e04ea4,cddb2ea1db680bd2b731850be4c06d47c4f21e384b7e76907f44831c87e04ea4,890849,890849
sample_0025.jpg,social_media,twitter,c540c7cbe41aeb1db956c7419db211a742261ab356a0e47888eceb5174d9965a,c540c7cbe41aeb1db956c7419db211a742261ab356a0e47888eceb5174d9965a,40453,40453
sample_0026.jpg,non_memes,screenshots,eaa7b709a72f11a0c3f76d3f4bff2a579ef06a72d978379afef9614f46fe02f5,eaa7b709a72f11a0c3f76d3f4bff2a579ef06a72d978379afef9614f46fe02f5,49291,49291
sample_0027.jpg,social_media,reddit,01b6b682b824648e761c777f2e0467be8417cfb09242e31f186f0cb74eaa7775,01b6b682b824648e761c777f2e0467be8417cfb09242e31f186f0cb74eaa7775,37064,37064
sample_0028.jpg,social_media,facebook,b760e3a3b1a81ffb8de51e160f8bf7b18c1374ce54ce8c1b62a280f856581fc3,53a0ee05d9441c43dd4e2cb722a3256855c6c5185a54ff226f1aa4bd6628224f,15871,15737
sample_0029.jpg,social_media,reddit,5de6500130ec3c98eb46416892d55b42da4f0a55ac5a1d3be45899fd9f2fac4c,5de6500130ec3c98eb46416892d55b42da4f0a55ac5a1d3be45899fd9f2fac4c,137429,137429
sample_0030.jpg,social_media,facebook,bed975c8f7358defe093a204d24fd3ffbe75e5d888a767da4f2f34d917f348c2,fc0180c83306abbb065d153d947e5bd39677ae311533e1da506a21f796ae29fd,39936,39802
sample_0031.jpg,social_media,facebook,338fba66dae54ed1c46e05c771ba56f1cd00000c3b7f63085c528e005cee74a8,3dc112f0bfaaf749a03d49611ced065d56e9174196e5bc0c9b62b137b7da23e9,32843,32685
sample_0032.jpg,social_media,reddit,5876c8ef8be88f9ddba4318498a77a2eed2438824e1d51becf4a2b506f68d1d4,5876c8ef8be88f9ddba4318498a77a2eed2438824e1d51becf4a2b506f68d1d4,58447,58447
sample_0033.jpg,social_media,reddit,1acf0c8033530c04da05a188f72e3587a7d6ac13c754a27c20809b33efd02d6a,c7d14819694954d167e3a3b56c95f55e26fbc9d5f8fe132cefa1f0be6ada0b18,96121,95579
sample_0034.jpg,social_media,facebook,4b9b9d6d7e75b0b2e9ca86e1c9ad282fa0daa970ad13aa81975c7bf0cb50759a,7b797204fa126b4fdde082dfb6517086d766dad29339333838a4b8e860d84170,40661,40527
sample_0035.jpg,social_media,reddit,cd3512587eda63a32f6db91059e2abf4835e02d9d8cde285557018d3468eb858,cd3512587eda63a32f6db91059e2abf4835e02d9d8cde285557018d3468eb858,60640,60640
sample_0036.jpg,social_media,facebook,a43add89742ff240384c788e7abd528f009ff661f30182e28bbfd3e19b799a0c,a263ba99cdfc338e9513dc2c4f33c57756d113c81a84cf80423099e409bc3074,17869,17193
sample_0037.jpg,non_memes,flickr20k,4b012936d09ed926853feddf358f274d87e06b4a155850ae9f2a0d23db331fdc,4b012936d09ed926853feddf358f274d87e06b4a155850ae9f2a0d23db331fdc,127952,127952
sample_0038.jpg,social_media,reddit,d90da91e4cbb0857e03a9a4d9118a67bb568dd507b4b27e2521f9df00efdd2d9,d90da91e4cbb0857e03a9a4d9118a67bb568dd507b4b27e2521f9df00efdd2d9,32623,32623
sample_0039.jpg,social_media,reddit,27bb37e3d51ae2b4fb50843a52d277df60551fab1f4ac429e785982c1b7212ed,27bb37e3d51ae2b4fb50843a52d277df60551fab1f4ac429e785982c1b7212ed,478440,478440
sample_0040.jpg,social_media,twitter,9362612f271ce01a6bef56c3532c854f6f0633a58d48135b2cde76bf80c0c688,9362612f271ce01a6bef56c3532c854f6f0633a58d48135b2cde76bf80c0c688,48340,48340
sample_0041.jpg,social_media,reddit,d3dcc11611a8368930b34c8807a7453328e81e30b2cfbea605f8583407900c88,0ebcb4dc3996ec4a9194fd20701ea4260e14d9ea8cdfd559606672235c0f5c26,77419,76853
sample_0042.jpg,social_media,reddit,82c3090ea29c2a5f6759d13ff5ce5cd0992c8eded5f5c9250b9773d077c9cc72,82c3090ea29c2a5f6759d13ff5ce5cd0992c8eded5f5c9250b9773d077c9cc72,37383,37383
sample_0043.jpg,social_media,twitter,dc1c65a87eab74ab8e8190822b8eec634c5aa50beee3f1643f95397f0361152f,dc1c65a87eab74ab8e8190822b8eec634c5aa50beee3f1643f95397f0361152f,8273,8273
sample_0044.jpg,social_media,reddit,a2a7672babe3c8aaf84d600a4ae1d496e4f4fcb8ccdec25f1f9b6f8ed5528554,a2a7672babe3c8aaf84d600a4ae1d496e4f4fcb8ccdec25f1f9b6f8ed5528554,526151,526151
sample_0045.jpg,social_media,twitter,f44643dd3e63fd1a225d9675613c1097c5f7663b428803737930706f492c9923,f44643dd3e63fd1a225d9675613c1097c5f7663b428803737930706f492c9923,7071,7071
sample_0046.jpg,social_media,facebook,e5f1c044613c6365b6d5589bfc6e427e205e3b1a49b2e472cf49ebe07caaf02d,672719bedd0a91dc4ac1d65a94551e2860ff90b603a53da1b0851de8fb135f87,41771,41163
sample_0047.jpg,non_memes,flickr20k,05c304b728a8593c901c1239cdfed9856777e522e0e2c17d0e9da3208598e943,f7e531406926dc8f9c8b1bb830aa8f6a105acca822a66bebed327f99103fd4c0,128521,125359
sample_0048.jpg,social_media,reddit,3272a0ccd49c7bcf028823f6cf26a6f44e249bd9685f38202be9fecf5426add0,0d6361ff48842eebe7f5c338cfc6e8819c13a2f7da5925a0396d48707b5a4148,78828,78262
sample_0049.jpg,social_media,reddit,a82fa129e85a3610d9650da7bfc3656df77ba33291f58ed0e212e3652bf58e2b,a82fa129e85a3610d9650da7bfc3656df77ba33291f58ed0e212e3652bf58e2b,107672,107672
sample_0050.jpg,social_media,reddit,6739b8b4d0837feead23c4af5d7eb72274de6540aa275bfa9f36906026f2e0e6,6739b8b4d0837feead23c4af5d7eb72274de6540aa275bfa9f36906026f2e0e6,19194,19194
sample_0051.jpg,social_media,reddit,65ad020432fa27ec54d1f477e00139b27dee42c58d40132f741b4ada130d7c94,65ad020432fa27ec54d1f477e00139b27dee42c58d40132f741b4ada130d7c94,1007594,1007594
sample_0052.jpg,social_media,reddit,68aa674d3c7419611f82e6c632fdba2dad1dc377ad5c14fb55c505a679d087eb,68aa674d3c7419611f82e6c632fdba2dad1dc377ad5c14fb55c505a679d087eb,67840,67840
sample_0053.jpg,social_media,reddit,f0d6fdd69af84224d3a3c1aec9ca6dcfbce89c48046215b6f9389ab424228858,f0d6fdd69af84224d3a3c1aec9ca6dcfbce89c48046215b6f9389ab424228858,1623860,1623860
sample_0054.jpg,non_memes,screenshots,be47403b9b5f19ef819c365dc1c345488d2bd8a07dcec2e3f5310f8f3b8137dc,be47403b9b5f19ef819c365dc1c345488d2bd8a07dcec2e3f5310f8f3b8137dc,159597,159597
sample_0055.jpg,non_memes,flickr20k,c91ee87ff6f17ebdad42fa438676b6eba695b1c5b42d13aaaf30a44c25376427,c91ee87ff6f17ebdad42fa438676b6eba695b1c5b42d13aaaf30a44c25376427,137597,137597
sample_0056.jpg,social_media,reddit,9d57bfb9249eb50a17f5e2d69c6973cd71d1884b47568788285ccf7ffa5113d5,9d57bfb9249eb50a17f5e2d69c6973cd71d1884b47568788285ccf7ffa5113d5,108208,108208
sample_0057.jpg,social_media,reddit,dfca8549be9dcf1e43fb71eb46ca450962469a5e1b53d182856d17e6a03f88ca,dfca8549be9dcf1e43fb71eb46ca450962469a5e1b53d182856d17e6a03f88ca,59987,59987
sample_0058.jpg,social_media,reddit,ab2ca2982064d19b88e4d0bab04f81f8195ac4bb33e14896407a9bc51f1ed48d,ab2ca2982064d19b88e4d0bab04f81f8195ac4bb33e14896407a9bc51f1ed48d,48629,48629
sample_0059.jpg,social_media,reddit,246475c22557516f724187a48dd2cf6e2718faaadd89ee9d80834274a5a5d798,246475c22557516f724187a48dd2cf6e2718faaadd89ee9d80834274a5a5d798,1335260,1335260
sample_0060.jpg,social_media,reddit,aa87dc3b2aba5d60b824611941de2c263a9c36eb5fd196b20751da279d3a9c94,aa87dc3b2aba5d60b824611941de2c263a9c36eb5fd196b20751da279d3a9c94,30726,30726
sample_0061.jpg,non_memes,flickr20k,386444c755b861b86481bcdb043fc96f3fe27aacbd3d5de27775322a4eae2f9c,34e1f8d4f3d111893279f4009c11b1616612079acfc45582e07a473e05ebae0b,117850,116480
sample_0062.jpg,social_media,reddit,00d9c22a9b0cf64f0d3dc5bfec5cedd62ca745fbb858dda07ceb1ecc8e2dd18b,00d9c22a9b0cf64f0d3dc5bfec5cedd62ca745fbb858dda07ceb1ecc8e2dd18b,29133,29133
sample_0063.jpg,social_media,facebook,e31889c9f923740764d0f83ac90fd273d42ccb41da7aaaff84da44cc1d70e61a,7e73e0288648d75d1a6de601262b8d49d5b8ffa252fc5812f6144c09a42c16b6,11129,10995
sample_0064.jpg,social_media,reddit,66aab27ca992c02fda89a42282e2b786062a5d8aebe4cdc9bf8cd0aa717bb90c,66aab27ca992c02fda89a42282e2b786062a5d8aebe4cdc9bf8cd0aa717bb90c,32726,32726
sample_0065.jpg,social_media,reddit,197d6a5e0322df475b9172c55fada6d7d311a0770d17a5f20607d12b195c657f,197d6a5e0322df475b9172c55fada6d7d311a0770d17a5f20607d12b195c657f,119280,119280
sample_0066.jpg,non_memes,flickr20k,1998dd2f324990088d0ec9e4dbcc77128f69043b2c5f1c35e0eee7019b1babd3,d134f37368f14bb37c92255c1af5de111c10c104d68b3b0545695e7c20f7efc8,202171,200787
sample_0067.jpg,social_media,twitter,5efb40cacc5cccfb20cb5a8e49ffbe68de0db8c52de1e6fe62ffa3c00532b31c,5efb40cacc5cccfb20cb5a8e49ffbe68de0db8c52de1e6fe62ffa3c00532b31c,68329,68329
sample_0068.jpg,social_media,reddit,b97a0385fbf2fb0c97791087eb2357012ae2d0bdf3a354645880dc4f3892afe7,b97a0385fbf2fb0c97791087eb2357012ae2d0bdf3a354645880dc4f3892afe7,89608,89608
sample_0069.jpg,social_media,reddit,84d4cfd347da73502646bf8dec8122c35c8d36f301fc673ed39830ac3f76bfbe,84d4cfd347da73502646bf8dec8122c35c8d36f301fc673ed39830ac3f76bfbe,339851,339851
sample_0070.jpg,social_media,reddit,accb3628297bf047fd82d250ac5011ca7446d0efe21cce6b8fb30e15bba241b8,accb3628297bf047fd82d250ac5011ca7446d0efe21cce6b8fb30e15bba241b8,48850,48850
sample_0071.jpg,social_media,twitter,158cf68f80dc3adff2bd9439a0fb2f82ed21c28d9482b03ea391db516926b285,158cf68f80dc3adff2bd9439a0fb2f82ed21c28d9482b03ea391db516926b285,33205,33205
sample_0072.jpg,non_memes,screenshots,3f73f74aba018392d0ca1b1259fef04c2132b5e8158b74ef2eae63746fe8d1d5,3f73f74aba018392d0ca1b1259fef04c2132b5e8158b74ef2eae63746fe8d1d5,224632,224632
sample_0073.jpg,social_media,twitter,943d19cf792ad0462ec11fb657097e6d913bb84d805f3e5bf7148de829477939,943d19cf792ad0462ec11fb657097e6d913bb84d805f3e5bf7148de829477939,92778,92778
sample_0074.jpg,social_media,facebook,7ce2887ebc4b1d9c2b808819306579cd3c0ac39f4db82d56f5db8b7a67b560b9,b817dacdc9f121bd433c5068870ca4ffaca2ea041217cae801244bd957602a22,38766,38608
sample_0075.jpg,social_media,reddit,f8cf160658c56462c622e874263349a8e2cc4052696b914ec0732c585d337d12,f8cf160658c56462c622e874263349a8e2cc4052696b914ec0732c585d337d12,202452,202452
sample_0076.jpg,social_media,reddit,f22711d640d0182e56499d4f7ce4238525e49ea2eefca3436e43b4ca8831cfa3,f22711d640d0182e56499d4f7ce4238525e49ea2eefca3436e43b4ca8831cfa3,72679,72679
sample_0077.jpg,social_media,reddit,035a0c73b9392f7658aef4941818ef246fea0ae899b367fef63283b4052cc738,035a0c73b9392f7658aef4941818ef246fea0ae899b367fef63283b4052cc738,34442,34442
sample_0078.jpg,social_media,reddit,d0e8f510c31aa34920760dcb070e026f4be4310e27ff771585f493c704017ee1,d0e8f510c31aa34920760dcb070e026f4be4310e27ff771585f493c704017ee1,132328,132328
sample_0079.jpg,social_media,reddit,dd02f3c444d2620676c59fabac1e6451769e059d82ed855480fc4e333560c5c3,94edd88c345909395fbfac1c3d0c5b09f0547c06a457ed7c00b11e6c8b308e87,121251,120685
sample_0080.jpg,social_media,reddit,5651e0ece92a49b6eb073f52b42189f7105ef749506ec4d06a990da4bd694d77,4a3d0a5050a5b3b28f689315bfbde0a38a234528b0d07b2d585afd69d1c62a6f,108120,107554
sample_0081.jpg,non_memes,flickr20k,d5a7ecf51fa06aec5f0330e209af5711c22e7fc22ae3092fa34ad07faef381f0,d5a7ecf51fa06aec5f0330e209af5711c22e7fc22ae3092fa34ad07faef381f0,105905,105905
sample_0082.jpg,social_media,facebook,3ac18143c214c5417b2b15fba9b74910502afc99f22276b5617c2777471690f7,9ef7e8fbd4210ce02e5b4c990528781ce38273b00673117b17efe6051002b0df,8689,8555
sample_0083.jpg,social_media,reddit,1e46858317eae269f430ee83483e5cce6fa419159e1136b973422bd28e1a02af,7f08f36a323c55d51e59faa238a38dc335923b16af31bab935eeb21d5138f32b,161019,160453
sample_0084.jpg,social_media,facebook,1e423f8e49e595ba0d94c324506047b0fdbe4ccd6cf26bc408127e1facf23ebc,7fece495577a3d4b2490a26925e9acb05c2ce31258f451c9a98b8e4dd5217c0f,18731,18573
sample_0085.jpg,non_memes,screenshots,f8cf5e84d33837162068bf587306f779d34f0f03c237272c04afae7c05405d4c,f8cf5e84d33837162068bf587306f779d34f0f03c237272c04afae7c05405d4c,196394,196394
sample_0086.jpg,social_media,reddit,c28fbc03a2cf648f17447acc04100935faec8ff8a62314b0c31e8d53bdedeb55,c28fbc03a2cf648f17447acc04100935faec8ff8a62314b0c31e8d53bdedeb55,100324,100324
sample_0087.jpg,social_media,reddit,bd21fa8251aa4c32cc1f2f089dbc48ba24569a51fd7f67ac47af52739a95c9d7,f13b6bcd23e809f38ee91a1ee4245ec013285ea821e981010ac6d76349c39c27,44303,43737
sample_0088.jpg,social_media,reddit,018da4e6ce326ce2f07851ba63ac364523953135450dc2a9bb0f1141315d50ff,018da4e6ce326ce2f07851ba63ac364523953135450dc2a9bb0f1141315d50ff,64336,64336
sample_0089.jpg,social_media,reddit,b400beb2ddcc20c8840462554b25bf020bcc4143fe2bbc3a10df2c4ae819c421,b400beb2ddcc20c8840462554b25bf020bcc4143fe2bbc3a10df2c4ae819c421,51160,51160
sample_0090.jpg,social_media,reddit,bb2c49eaa264efd539870e4544ddcbe401d4d700ac268792dbce06a755ffc4dc,bb2c49eaa264efd539870e4544ddcbe401d4d700ac268792dbce06a755ffc4dc,55457,55457
sample_0091.jpg,social_media,reddit,ee9d27609883cdebb901e276ec74f7222429f8c13bf5f3278075aab756a3dde7,ee9d27609883cdebb901e276ec74f7222429f8c13bf5f3278075aab756a3dde7,46817,46817
sample_0092.jpg,social_media,reddit,5f8892582a5136d4369150a21f3581e50bbf3a5f6aed0ee147d478a835b19b6a,a42075881c845c43bf0f901676085d115b9128fe42b0818531a420bf50daa378,77235,77101
sample_0093.jpg,social_media,reddit,d846c74e155b775886b5109c03cdd1b4b190b6df5887f02d2811a6a2a6fda6ab,d846c74e155b775886b5109c03cdd1b4b190b6df5887f02d2811a6a2a6fda6ab,139075,139075
sample_0094.jpg,social_media,reddit,058d8f21cb4d4797a7578131d5e518c1da32f866d8e58c12749b422de6f4e102,058d8f21cb4d4797a7578131d5e518c1da32f866d8e58c12749b422de6f4e102,63994,63994
sample_0095.jpg,social_media,twitter,c60e4c22a83d9182894d621b3231b382bf98a5e29b333c1660731522fc25088f,c60e4c22a83d9182894d621b3231b382bf98a5e29b333c1660731522fc25088f,111119,111119
sample_0096.jpg,social_media,reddit,bbadc8d48734a065a0f2d587abdb09fedc397b5db781791407bdf0f1d81b4f36,bbadc8d48734a065a0f2d587abdb09fedc397b5db781791407bdf0f1d81b4f36,39833,39833
sample_0097.jpg,social_media,twitter,8f024c00da9926ce2b83a5187a3af8a7d74e1052ab497553e6b0560cd98b643d,8f024c00da9926ce2b83a5187a3af8a7d74e1052ab497553e6b0560cd98b643d,49283,49283
sample_0098.jpg,social_media,reddit,11972cbccf86f9b531ef52c25ba551cd6677e371a333a33d3ce53fa30a6d1bce,11972cbccf86f9b531ef52c25ba551cd6677e371a333a33d3ce53fa30a6d1bce,49381,49381
sample_0099.jpg,social_media,reddit,c1eb8a86775c7b6a04483707120d13a2b235c5d9f6343907a9eeaecf0fd57d3d,c1eb8a86775c7b6a04483707120d13a2b235c5d9f6343907a9eeaecf0fd57d3d,52209,52209
sample_0100.jpg,social_media,twitter,230eacd119d2bd8c1c4eee6757de64fb0806e51f317e2294212b94e68617d928,230eacd119d2bd8c1c4eee6757de64fb0806e51f317e2294212b94e68617d928,64689,64689
sample_0101.jpg,social_media,reddit,c835ac532f9e9412f9b371dd5ddf71995161ecebc44c0c50d740f57b51e5ac03,c835ac532f9e9412f9b371dd5ddf71995161ecebc44c0c50d740f57b51e5ac03,21527,21527
sample_0102.jpg,social_media,reddit,5ee0127c22fdcaddea752a9d4b59fa63ba299cb7ce94f2964e92c8d7a161774b,5ee0127c22fdcaddea752a9d4b59fa63ba299cb7ce94f2964e92c8d7a161774b,199133,199133
sample_0103.jpg,social_media,reddit,f3b780a3def61a94609c026590e7cf35b21397c5a5bd8f4e74056d31db970790,642090b90d49ecf91194cdc32f49e5e6ecfcebb37aba040d7bb47038d5406f07,33921,33787
sample_0104.jpg,social_media,twitter,f513554e2fb628622c14ec2cbd4199c0fa0731e372137c9b4d158bf985a01250,f513554e2fb628622c14ec2cbd4199c0fa0731e372137c9b4d158bf985a01250,24365,24365
sample_0105.jpg,social_media,twitter,a58790e5ee394d2a5c11c9a6fc3a37e3f280870c04057ddb56f44339ec292c14,c4d197a08924029a745a169a7abd8c9f5be9a18366cec0c95508f03bb54ff6cd,95944,95330
sample_0106.jpg,non_memes,flickr20k,2460d0e6d116c36c95cee3b4de01906d0b4b4a27cb8788a750024479027473dc,2460d0e6d116c36c95cee3b4de01906d0b4b4a27cb8788a750024479027473dc,83139,83139
sample_0107.jpg,social_media,reddit,609bc3244e9287f29b64b63aec027c13eee0ea5f118d212cd122ca9bbbe1bb74,609bc3244e9287f29b64b63aec027c13eee0ea5f118d212cd122ca9bbbe1bb74,54375,54375
sample_0108.jpg,social_media,reddit,e397119b8b98e1cb7b431fd2a5b6021c1cea20425b6e370dc2bc4dfeb9b6cd4f,e397119b8b98e1cb7b431fd2a5b6021c1cea20425b6e370dc2bc4dfeb9b6cd4f,46352,46352
sample_0109.jpg,social_media,reddit,195b770629fd49d8565be80e8c43cbdd45812145919ffca2963738c1162a8449,195b770629fd49d8565be80e8c43cbdd45812145919ffca2963738c1162a8449,66471,66471
sample_0110.jpg,social_media,reddit,31b3e495ece11460fdf40d5f54d30b70e9461a94db98492ec714409ab165ce8d,31b3e495ece11460fdf40d5f54d30b70e9461a94db98492ec714409ab165ce8d,72076,72076
sample_0111.jpg,social_media,facebook,8c385a7e6e2a25bbadab6fc0dbc4ed48287d9130436bd30e7694fe29b3ca66b8,25e49b9a9e4647a4fd62bf02e9eb0cbc6bee9aedfffff36d2fadb083c9bccc77,29534,26468
sample_0112.jpg,social_media,reddit,136219b35efcec625d79489ef20c1cbbc76fbc4a9c63c42af3218cbb087a9876,136219b35efcec625d79489ef20c1cbbc76fbc4a9c63c42af3218cbb087a9876,160587,160587
sample_0113.jpg,non_memes,flickr20k,6059c954b61bd2578c8677cd680ee7b59c9a633b19040039890d0c30cb4c56fd,e64ace343d83577a9487df8712e03b8bbdc9a1633903e5a7d977ad502279cf01,122013,121994
sample_0114.jpg,social_media,twitter,4bfdc496cb40a8d49c308f65181ec8119e4cd55aa66a5a9c8fb9f674de837d9c,4bfdc496cb40a8d49c308f65181ec8119e4cd55aa66a5a9c8fb9f674de837d9c,53330,53330
sample_0115.jpg,social_media,reddit,53183bd47621c44781996eb3f7443f200b1961f12ca641ef443fea0e0b836998,53183bd47621c44781996eb3f7443f200b1961f12ca641ef443fea0e0b836998,43671,43671
sample_0116.jpg,social_media,reddit,dff0ccac93247063ce9c3b53fe581c7d638bf7862311f6ab41d7b6c97c5ec053,2853bbb6c10424473453b23c580fa307bfda6b07aa1bff1921d5ce1e5db1d23f,82827,82261
sample_0117.jpg,social_media,reddit,c1b789b3b86befdd6a2d065d797a3cc26e9a45e691e561be5f6903420c849aab,c1b789b3b86befdd6a2d065d797a3cc26e9a45e691e561be5f6903420c849aab,63222,63222
sample_0118.jpg,social_media,facebook,8570bf684cbbe2816459dfb87e4e2fd4791b334450cddc33fc7ba5d07e77aaec,aef74f1b8e1f81e3988229e9d62491ff7a6cec862686455ead5d02827630ea7b,33669,33535
sample_0119.jpg,social_media,facebook,61469d783c041bfb3a7d43bf3a4d5aafea928f8a2d375f73fa49758a84d5e2f8,8b19d4705c2cc4b89c28d69dd0b1e8f346bdac6cb8db5dd58bc78c9e8ff398f3,62651,62177
sample_0120.jpg,social_media,reddit,b77dbcd970647fd87f1a525f5ba033e96a398d63a510ec6893961968afd67f13,b77dbcd970647fd87f1a525f5ba033e96a398d63a510ec6893961968afd67f13,317481,317481
sample_0121.jpg,social_media,reddit,c5e4f7c365dc98c9973d1ebd35970e121cf830a6e5f387d8c84ee5da2c156701,c5e4f7c365dc98c9973d1ebd35970e121cf830a6e5f387d8c84ee5da2c156701,53529,53529
sample_0122.jpg,social_media,reddit,74411e7af561ca8ff9fa91fce5cc636751b4accd256f44dc19d3c9d6b5908d6e,d0df651c7089694a38a7c0dd8c3979fecc7fafd95ecf5f5b3339dfc48037f28a,151122,150556
sample_0123.jpg,social_media,facebook,08a02bf8442851e81bc8054736109ab63dd9c8fcef63457817e7ca7d2ae7173d,fd1cd322c19e5efe86ed91fdcf18ea214381fd7c9474427c79127d149cdaf0c8,16744,16270
sample_0124.jpg,non_memes,screenshots,1f41cd4ba60d9dfd00d7d6b55f6a3b8a1b39b898199a6fd8ce8defc865e59631,1f41cd4ba60d9dfd00d7d6b55f6a3b8a1b39b898199a6fd8ce8defc865e59631,51526,51526
sample_0125.jpg,social_media,facebook,6a3700c0060b10d8c8d6dc729ece70d832d7c2039fd70c3e801c617438fafee8,30650b392863e19f63f9141bb4bc7fc9d0a6a3499a00e46eaa928ca3eeb3dcc7,16231,16097
sample_0126.jpg,social_media,reddit,df325de5656bd44d022a050a3d7b7e829da4281a011ab3f4f0eafec137522d1d,df325de5656bd44d022a050a3d7b7e829da4281a011ab3f4f0eafec137522d1d,20908,20908
sample_0127.jpg,social_media,reddit,b5d95cbb36aafd7f480361b33e4a46fe1c67bdb5251f4214842c523c8cd541d2,85211aeddb5993e2b4ddc6184f5dca42d1024aa1a05d6cd2073c2f12f41cf23e,194238,193684
sample_0128.jpg,social_media,twitter,eea1fe2aaf372450508343563f7defa62da44dc385183069e4902706b5ff5cc6,eea1fe2aaf372450508343563f7defa62da44dc385183069e4902706b5ff5cc6,26402,26402
sample_0129.jpg,social_media,facebook,31fb8796efb5a9d957837b91de83798ef2a514ce04fc0a98955e82975c3f05a1,0b31824e49b4858c84d623dada271b659a284188039f261ef0d142215aa744aa,20033,19899
sample_0130.jpg,social_media,reddit,94c1fc45a4b81edaa1e4c5b43a52657dd9deda8bbb3a8581006959e17c7e5287,d8c1ff2a541c6c84e9eb11f5df36a856264a50eab7e25025b2e889ce1184aa89,48509,47955
sample_0131.jpg,social_media,reddit,1e94911d7a72a93371fc32d0b5fe55bf3fbc6f4f045c70ee076adcd698595bd1,1e94911d7a72a93371fc32d0b5fe55bf3fbc6f4f045c70ee076adcd698595bd1,89982,89982
sample_0132.jpg,social_media,twitter,7a22e49a192dde88f00687c44f99a48decc5825479de4750ff0e32ebc92539a1,7a22e49a192dde88f00687c44f99a48decc5825479de4750ff0e32ebc92539a1,24275,24275
sample_0133.jpg,social_media,reddit,f76376aafb1153d1573d87ab42287d774972a57fe284f7482d2c2169f4e1ab02,f76376aafb1153d1573d87ab42287d774972a57fe284f7482d2c2169f4e1ab02,116487,116487
sample_0134.jpg,social_media,facebook,bca4d87f60ef6ced27a1599bae1967b00dcd9f17e66420d05bdc70430940751d,26f56e5586fa8ed2d37e1225cb43e975451addc3103eede2c1b8e8cd39c713b1,16275,15801
sample_0135.jpg,social_media,reddit,42a637fef7fd270a492803fb797be9f91f12610bd133163e45c7c66317e2d9e2,6dfb2df7f4e13f5b36f3a45df2810f37f1420512849ff2e0eff0b843a89c8b7e,52116,51982
sample_0136.jpg,social_media,reddit,a97357f6a1ec53ade43bb84fc637627f8c221f1dfa2faa88a5d76382f7c2e734,e83c1102499d6880d85faadc2692392129897cf06a0324ebb422f0416615d77e,25854,25288
sample_0137.jpg,social_media,reddit,f47730914498c69378fe6780c364db9df953e6acd86535bdf498cf5c2370fe20,f47730914498c69378fe6780c364db9df953e6acd86535bdf498cf5c2370fe20,18305,18305
sample_0138.jpg,social_media,twitter,a4f91b2ccc8762ecb8cac9795b6295bf4c7573a7d5369d6ba1ae3fb92ce9e1cc,a4f91b2ccc8762ecb8cac9795b6295bf4c7573a7d5369d6ba1ae3fb92ce9e1cc,41700,41700
sample_0139.jpg,social_media,reddit,cb591fb1ba76b8ccb98dd56c8249a6d24c796a143ea9ffe4fe7496144169e0a3,cb591fb1ba76b8ccb98dd56c8249a6d24c796a143ea9ffe4fe7496144169e0a3,76749,76749
sample_0140.jpg,social_media,twitter,1b8f857a5411fe7fc1ba54d961fbc60e99446bedd562d9ce8a36897c478c3650,1b8f857a5411fe7fc1ba54d961fbc60e99446bedd562d9ce8a36897c478c3650,32184,32184
sample_0141.jpg,social_media,reddit,11f0bfa24071f1ce8e6f4a12bade46f5ee46c50ac8f3c569bd783819c5992467,11f0bfa24071f1ce8e6f4a12bade46f5ee46c50ac8f3c569bd783819c5992467,130292,130292
sample_0142.jpg,social_media,reddit,c962416fffd391e07ae129b014b8059702aa0941998d6cde1dd7afffdfb54e88,c962416fffd391e07ae129b014b8059702aa0941998d6cde1dd7afffdfb54e88,254664,254664
sample_0143.jpg,social_media,reddit,b1224a4909ad60e758a4798c16325571e668bfd1affa9be271bdfe2e1b720caf,b1224a4909ad60e758a4798c16325571e668bfd1affa9be271bdfe2e1b720caf,92552,92552
sample_0144.jpg,social_media,reddit,0c2e846931dbbeed7fb66cc1720f57386bb8c704a3a3314b96b0f2793797d8ce,0c2e846931dbbeed7fb66cc1720f57386bb8c704a3a3314b96b0f2793797d8ce,50633,50633
sample_0145.jpg,social_media,reddit,a6584d710ecc7aa18ae3d1afa661677aa90d2687a31465d602e30d1571d71668,a6584d710ecc7aa18ae3d1afa661677aa90d2687a31465d602e30d1571d71668,1574709,1574709
sample_0146.jpg,non_memes,flickr20k,f6d391507f34cc2301eff2dae9fa1768481a490f40e0f45f9648b692ca7a0d7b,eead670696d9b1843f9e0b27a738b3d46e0f9db0ede5fd9142694467bacf20e5,166430,150472
sample_0147.jpg,social_media,reddit,15698346fe5868c73fa745605e5736266c0d631aab076fc0bb95373ecee5de79,15698346fe5868c73fa745605e5736266c0d631aab076fc0bb95373ecee5de79,178366,178366
sample_0148.jpg,social_media,reddit,66556d140b11dacc2415adaa0b7c7b7efa82f6d701e8c4dbdb18761485793fe8,1a5ffafb943e6e6906f83676a8477e12e2dc6d37e87aaae0c669b47110ea91f1,78869,78327
sample_0149.jpg,social_media,facebook,b814b2473f17edc745a5c5223afeb2c1d4482d17b179bbe713381c934d5d1fc3,4236d2e38a7be0bd3b84143ecdd91af2e2a3906489d466334df17582b14dfd56,37137,37003
sample_0150.jpg,social_media,reddit,44ee1784db4c0ce975eeb58e41c3433efd996e3b7929fe23695b4deceaaf4863,c252447084560ad1f675de45f4673d70bf80319c1ae574a30d7bc00529155490,88800,88234
sample_0151.jpg,social_media,facebook,14bc55d4446fe561d4c48429e94df49ad80af96f3980a10bd5149215730990b5,4748e4d3965a92311c2a7192f4ba4f79a551d23088bdfb001feac7b1e51492c5,136621,136487
sample_0152.jpg,social_media,facebook,e09ee62cb98b54bbba2f8c433aec2671fefb62b225b361987dc4b4442ddb9de8,eed63ce57952477f5611cbd753e3871684836bd6094031a74e766cb0514741e5,12410,12276
sample_0153.jpg,social_media,reddit,9d59bb7792384b304e24062f49b8fa52043720f777d279714c6d4a3487f57615,9d59bb7792384b304e24062f49b8fa52043720f777d279714c6d4a3487f57615,3053174,3053174
sample_0154.jpg,non_memes,screenshots,043a46c930af6339eb8972a8bc34070c8bd050c22f0ea6b0ac52a7481b2291d9,043a46c930af6339eb8972a8bc34070c8bd050c22f0ea6b0ac52a7481b2291d9,128732,128732
sample_0155.jpg,social_media,reddit,d94474e412bdac06f8fb3c352c621033a223ad6664d8d16d582451626a12d938,d94474e412bdac06f8fb3c352c621033a223ad6664d8d16d582451626a12d938,104825,104825
sample_0156.jpg,social_media,reddit,fc2adbeb7f900eb2484ede017ead737b06c39827011e12f99fa0360f1879b2d1,fc2adbeb7f900eb2484ede017ead737b06c39827011e12f99fa0360f1879b2d1,52107,52107
sample_0157.jpg,social_media,facebook,45e7ec3faf67635ca78a1b60c82375c49a117402377135a53a42dcc2ad6a1054,9eda080a414e130454304b022503d57288fae7463b628515b8316a8d06ee124f,20222,20064
sample_0158.jpg,social_media,twitter,40709fe65d52d1f65af6b2db49e79d45987cfaae90ce632b700f7c11f16941dd,40709fe65d52d1f65af6b2db49e79d45987cfaae90ce632b700f7c11f16941dd,107922,107922
sample_0159.jpg,social_media,reddit,5718bd6d69f844be30b3e90446e743b2e43703a4373197e22b2a8b33c36c19ef,5718bd6d69f844be30b3e90446e743b2e43703a4373197e22b2a8b33c36c19ef,104524,104524
sample_0160.jpg,social_media,reddit,a5df46972692f1d2f10b26294ba9462eb86f6dddc2a2890703a075e035f76460,a5df46972692f1d2f10b26294ba9462eb86f6dddc2a2890703a075e035f76460,97320,97320
sample_0161.jpg,non_memes,screenshots,c4ee7e502f8f7051e438567bd81a945bc0db4f5b401020f9ef1deb7459728869,c4ee7e502f8f7051e438567bd81a945bc0db4f5b401020f9ef1deb7459728869,52858,52858
sample_0162.jpg,social_media,reddit,1c9233b045b57c33b1d0a3ec0580609396c11125c6cdef1a8c382f66332f2d00,1c9233b045b57c33b1d0a3ec0580609396c11125c6cdef1a8c382f66332f2d00,42699,42699
sample_0163.jpg,social_media,facebook,d60f56b1be6941aefac5eae3aa8ea53b4d9882abd426e2daf277c0c8501dc6a3,8e71b6a034780a56ca2b86b9fdbf81f0c5dcad3499dee4d7792fd032971f247f,49861,49703
sample_0164.jpg,social_media,reddit,68cc97e8722ac77bff7f30f8889462728bae61cb0f1bb8dd3290c99705a4ef80,68cc97e8722ac77bff7f30f8889462728bae61cb0f1bb8dd3290c99705a4ef80,641212,641212
sample_0165.jpg,non_memes,screenshots,6986bff383f39b9a0830b453c751b4402ca89ce14c40f85e088a1380924ef0fe,6986bff383f39b9a0830b453c751b4402ca89ce14c40f85e088a1380924ef0fe,113946,113946
sample_0166.jpg,social_media,reddit,9f99f23fca9e6008d199ceaacbb287fbc4395f0975732bc4bb96620ce6486c07,9f99f23fca9e6008d199ceaacbb287fbc4395f0975732bc4bb96620ce6486c07,53497,53497
sample_0167.jpg,social_media,facebook,faad2e3cf4678fc53a6c9af02916ab27a65e6ec5fc85f126e6137cbcc3bde4a0,241a2c243d987af6fdabf09fa0c92dc15e1511224cea4b2e0dff171dca50f142,28871,28397
sample_0168.jpg,social_media,reddit,5aea509195197e7edf3f2f482207258ba8bdf8fded915d883cecd49d17513783,5aea509195197e7edf3f2f482207258ba8bdf8fded915d883cecd49d17513783,69112,69112
sample_0169.jpg,social_media,reddit,2e6b1e8c936c6a82e0d66a0642fee64772bf9bb2e404f8ce0c536601e63ee177,187d585be11e553ac9a44c452c47104cd49d0b8a759a480d3c21ae1a35758414,54656,54090
sample_0170.jpg,social_media,reddit,a9f043790c7cf0a414c7331ea7c3fdafae25cebac0d44ba00ff43dbd99217ec0,a9f043790c7cf0a414c7331ea7c3fdafae25cebac0d44ba00ff43dbd99217ec0,44909,44909
sample_0171.jpg,social_media,facebook,add712a6fba8adcbf02e3bb16571d0cb3f0259b8c87d1801e56358c5e700dfb8,28a619ea2b4b1920608d56dce93ac7be253766e0cffb25cf267fdc72e6b457ef,54894,54838
sample_0172.jpg,social_media,facebook,3c61ce2ae766045e74e4b265f7d5d53da10b10850f98e26732b0e7447c1a780b,e5a31725ffef679f5c6f1fdd75011ee528d2e891bbb775beb6b1d72b65dd9cfb,53295,53137
sample_0173.jpg,social_media,facebook,45c1e17e4a73662b7ddcc45c75b9da86fa81fc3e0076470646768e71d4ffab60,d3d296017b080b281e5d717e41e72acf133811b80742ace551c963ae990bacd8,46957,46823
sample_0174.jpg,social_media,reddit,b618aa5c3a1a47fbd4d7758bb7bceeb6125febc0311226df4886e4a5f1853ff1,6d5f78d8072df92ac4b847769a8ccccb412cb01a30c05fa784ef7103416aa2ab,104804,104238
sample_0175.jpg,social_media,reddit,ce86be17577d7a480606ce5ef72af786897d1fac0a6bea8a82bbaa190077e7ba,ce86be17577d7a480606ce5ef72af786897d1fac0a6bea8a82bbaa190077e7ba,181079,181079
sample_0176.jpg,social_media,reddit,9c485c2cc912f855fe90d4ba3fbb7b472ba3a8891efc939621b1a8af4dce93a6,9c485c2cc912f855fe90d4ba3fbb7b472ba3a8891efc939621b1a8af4dce93a6,40627,40627
sample_0177.jpg,social_media,facebook,554f8afad6bffd6f2c3685dcd33633f2ce151acf67315f1c654fc68e3760c2b2,717130371fdc992a701b2a014306c1817a3d4e922091d174543fc61b0718e6fe,57542,57408
sample_0178.jpg,social_media,reddit,9ee8421d6bbc3c56595916459028d5455ababb714dfff956599f99c169131f83,9ee8421d6bbc3c56595916459028d5455ababb714dfff956599f99c169131f83,56130,56130
sample_0179.jpg,social_media,facebook,0f9c4a73180f5b1261f10788c72007b6fac6eae16c7f09439fff5b6d54031297,233cb8ee5e0eb5fc89a1d20e8ee9e0b6dbfd8541ed02e49e5a4eeb5cf749b28b,21998,21840
sample_0180.jpg,social_media,twitter,8170e060443d60603e009675575ff49a9a79b0ee3446fc1e3312d5316640f293,8170e060443d60603e009675575ff49a9a79b0ee3446fc1e3312d5316640f293,91106,91106
sample_0181.jpg,social_media,reddit,8aa25a890175d70feb937e553d9322f9e04419be7b7c9ee16a76475bbeed517f,8aa25a890175d70feb937e553d9322f9e04419be7b7c9ee16a76475bbeed517f,74191,74191
sample_0182.jpg,social_media,reddit,fd8d40385ff02b1f189c3bd587c07daacdf271983e481c8b632241f1e0001354,fd8d40385ff02b1f189c3bd587c07daacdf271983e481c8b632241f1e0001354,73061,73061
sample_0183.jpg,social_media,reddit,e491ab3b3f136d39e94048314c6fbb38fafa030a18a14321e1bc8899b249d63b,14b9dd1c009002eccf8737eb78f7b8eec5592e7c8bdd9441acf86845ca189c09,86427,85873
sample_0184.jpg,social_media,facebook,5fc5358d6ebaf762949b8439afa6d5ed1a00009a9844b1a54f4d0f28bc8807e1,2a3ee774feb8210fb43d1de95d921e38b61e5985672e9c8dda535326a3c22269,19957,19823
sample_0185.jpg,social_media,twitter,e728781c3418f15841578937e5eb5d2fb342e6806549b604210e2be0ad152756,e728781c3418f15841578937e5eb5d2fb342e6806549b604210e2be0ad152756,65362,65362
sample_0186.jpg,social_media,reddit,016de67bae7e83e30dfa79ee0d93283bd2bbcd09037fb123f48feb34d4cc64ef,016de67bae7e83e30dfa79ee0d93283bd2bbcd09037fb123f48feb34d4cc64ef,111442,111442
sample_0187.jpg,social_media,reddit,1ca6f977ece2779017554a4a35965d7036e1308c30ecdea77bb90c7cab384dda,1ca6f977ece2779017554a4a35965d7036e1308c30ecdea77bb90c7cab384dda,81818,81818
sample_0188.jpg,social_media,reddit,c50ac5311aceadd0f8180bd3d13c4adb3136f2e167e5796f11e43187a708f13f,c50ac5311aceadd0f8180bd3d13c4adb3136f2e167e5796f11e43187a708f13f,671124,671124
sample_0189.jpg,social_media,facebook,d14d75b692acd1abb9c5e469f5aa6df9f15f841c3e68b36e1628b1bcfbcfa938,8942a8d57b9ad94384d4407a4db9462597ae23a77ca451248d8f78bc47d0c4f6,34818,34660
sample_0190.jpg,social_media,reddit,019a727e338a6f2453446f29853c9fb240229ac97103b86c03edf47209ec3b43,019a727e338a6f2453446f29853c9fb240229ac97103b86c03edf47209ec3b43,342099,342099
sample_0191.jpg,social_media,reddit,e8b04eff4494808b16b16a35aa132dbd99688598357c696772a652ec6484beff,e8b04eff4494808b16b16a35aa132dbd99688598357c696772a652ec6484beff,100228,100228
sample_0192.jpg,social_media,facebook,c62b1b68fdb8b5f011c421191c11bdc6e6cfcd4b3e35f8afca1fc65eaab37c55,09740833290e8eabaddc5ef76c1a19e477d35c4562907120db095d706da33ba5,38564,38406
sample_0193.jpg,social_media,reddit,fb6e93bcfc63d0bbad8150d43a675c9f4a2f2c7841dd0b0beeb6a21d81bf064d,fb6e93bcfc63d0bbad8150d43a675c9f4a2f2c7841dd0b0beeb6a21d81bf064d,34336,34336
sample_0194.jpg,social_media,reddit,fb804748bc46b40ef6ef7edf94108d4e0bf54d42b68b5f3d0daeefb5fe8e5609,859130e5bf7a82e6ad71ed282e7fe33d766d9016ea906ec8e2778d9c91023230,223397,223341
sample_0195.jpg,non_memes,screenshots,3aa54c4367da4f4fb023d1ca91feb9238c2870e58c05c6c5c36e2aa9a8ac8b55,3aa54c4367da4f4fb023d1ca91feb9238c2870e58c05c6c5c36e2aa9a8ac8b55,48592,48592
sample_0196.jpg,social_media,reddit,821adc4e682de8793a809024272bac6f0052cd875b8e223025972fbda8d41e64,f3071908700a456b934328c4bf2cf835f83509db75a074dbd18b05a14faba4e9,66888,66322
sample_0197.jpg,social_media,reddit,76c6b42eb98cae4701da9ffecfb89acf453e71e04407a942f9ba333d7aed0ef8,76c6b42eb98cae4701da9ffecfb89acf453e71e04407a942f9ba333d7aed0ef8,101880,101880
sample_0198.jpg,social_media,twitter,811ec59ff3fc035bce1e6f1efa3ec4958a026a546d540bea9d7b806c5c7b2714,811ec59ff3fc035bce1e6f1efa3ec4958a026a546d540bea9d7b806c5c7b2714,62850,62850
sample_0199.jpg,non_memes,flickr20k,0574320eca1278fcb17443f8c66f981942229c5394be586ab76bbd3512494630,0574320eca1278fcb17443f8c66f981942229c5394be586ab76bbd3512494630,86535,86535
sample_0200.jpg,social_media,facebook,3101e40382509abe9c0ac07d11629f1e141e9366ee049ee6f588548e9c73922c,eacd2f4c3866ff7cf324153a69db3d4d7e99b7295f6f83e099a7091c1fdb5648,9614,9480
sample_0201.jpg,social_media,reddit,0616f983f0f1fc15ae59a6c6edbeab2c7b73a5b349cf23a895757c0e0121cfe2,0616f983f0f1fc15ae59a6c6edbeab2c7b73a5b349cf23a895757c0e0121cfe2,46575,46575
sample_0202.jpg,social_media,facebook,a0446d338c5a8214fe4380b9482172a56151bed5e0f4557cd335fb92a21b3f2d,e069814dd8bd121c44f74e23f311c433259be643571eb13796ac616a5fe139bb,33882,33748
sample_0203.jpg,social_media,facebook,d063f812cb3a43154792077fe03464cfe2888d1a8840886aa80f3a5675c69a60,d5e3899c2f069d24188019b5ad9a6547d96783ea22d7f17b3c9bb94955f29795,44454,44320
sample_0204.jpg,social_media,facebook,df05d6b65a2f95ef712944b9358a1a4f0c2d60f9172dc0a3a3fd9d7909335047,45dc0d517fced3714215f5d1f36436a19eb7440e8451284939df3f09e8733798,18874,18740
sample_0205.jpg,social_media,twitter,21f046b28edd9438fda3b840b98eb473feb3925ed1ac10e73b1cf58cab8a9976,21f046b28edd9438fda3b840b98eb473feb3925ed1ac10e73b1cf58cab8a9976,75197,75197
sample_0206.jpg,social_media,reddit,5343b3e25ab7a15cf5821944ab230692c3441f941502a581a2b068baa16820b5,5343b3e25ab7a15cf5821944ab230692c3441f941502a581a2b068baa16820b5,29294,29294
sample_0207.jpg,social_media,reddit,c1f94da07afad95728a4992377dc891345ee727b37b69b987bcbf2bd24736fe0,70ed01b01224c71743f439d169d1358dda75731ec1c28de1a4ed7e465e898727,44214,43648
sample_0208.jpg,social_media,facebook,e5d883c56612fb7167a155d17dbb49a72769d60023707e31fe34f02bff8c2e10,fcc29684cef297f24b778a03705043de4f0d5ed0a631a0d59c45e8f4332f7d34,70945,70337
sample_0209.jpg,non_memes,screenshots,d52f0888263dd3b8ed5c1eec4e8f505bc0cc8460bd05342be6396cba88f7084e,d52f0888263dd3b8ed5c1eec4e8f505bc0cc8460bd05342be6396cba88f7084e,157101,157101
sample_0210.jpg,social_media,reddit,7dc52407ec7a20e445e1418c0f50a1d3f9b10e78c013a82f726638b32bba7e63,7dc52407ec7a20e445e1418c0f50a1d3f9b10e78c013a82f726638b32bba7e63,176797,176797
sample_0211.jpg,social_media,facebook,1c6f7aad1ecc38b02cac98ff4fc4ba1229ebac3956213e1eb005451f766c6662,2a03058f592b38c0f46dea082efd0ce17aa291ec75d2407a279c3ae7747257ab,39194,39036
sample_0212.jpg,social_media,reddit,254609f189564652fad92686edc42550404ba8b556acf007b7a9d0d2f4808454,254609f189564652fad92686edc42550404ba8b556acf007b7a9d0d2f4808454,63997,63997
sample_0213.jpg,social_media,reddit,eaea362c6b3a0b12a5c95a78a996286d333667e8f55582cc79afada9946855b1,cf5c10c2dc582c0aae264fdb6e7fbe150e6d045a079d1ee09c19e3ec92707827,63578,63024
sample_0214.jpg,social_media,facebook,4fa1ef3962c1d6f667e35ca515534b28ef39fd6c25a3e92b0e1675c5379e333d,cf9a67cd474621024172db0afeae9e8bc491a68528c4ed497c7d8f50966185e2,9848,9714
sample_0215.jpg,non_memes,flickr20k,a03f0a4c74c890b02979a7e99b4e3acf3c1075cdbd74fde2167aef42e5938aaf,a03f0a4c74c890b02979a7e99b4e3acf3c1075cdbd74fde2167aef42e5938aaf,206409,206409
sample_0216.jpg,social_media,reddit,3c54cb3f356bfe5c596f105b464ef9b20fb2cb6aa38f7e2eac4d085ae2e4ab5e,98c51555cf450a532f4cf987cd8ad3ac0dd6a4dd6f6c0716020cc6d657f99367,88221,87655
sample_0217.jpg,social_media,reddit,0abcfe15be89894fb799a727e45be4c5ac71217829d1c2fddb5302089d7b4f97,0abcfe15be89894fb799a727e45be4c5ac71217829d1c2fddb5302089d7b4f97,101814,101814
sample_0218.jpg,non_memes,flickr20k,41b0978435c5a32af5fa2eca337c8482c66b97daf15091bd7e54af09ec03370a,41b0978435c5a32af5fa2eca337c8482c66b97daf15091bd7e54af09ec03370a,122188,122188
sample_0219.jpg,social_media,reddit,8c19312ab4d207b5058009915e19ccadace9e13aa171b3f13b76229e8727c8de,8c19312ab4d207b5058009915e19ccadace9e13aa171b3f13b76229e8727c8de,82950,82950
sample_0220.jpg,non_memes,flickr20k,7277363117cdefc5039754e99bf1cdf9a2b4c519905e2ee685a3ce3fb9ad4eb6,fc6c2e32b9f48d043b74fb5223c8fd89122b7da96acd86160de5f41ddd23c048,157637,146901
sample_0221.jpg,social_media,twitter,829864a6fcc2cb6b6e65469b3afe6cd8aa83c6658a26ef7a44d9aac63277dd63,829864a6fcc2cb6b6e65469b3afe6cd8aa83c6658a26ef7a44d9aac63277dd63,73884,73884
sample_0222.jpg,social_media,facebook,959453268cbb4ed06110d10e6eabcaa6e485615cd0a93aaed4036c3a1ac54cfc,054d88d5e4dd9b43289004a01408be1a5594f7f664b79ebc61bf27f7d1768964,33925,33869
sample_0223.jpg,social_media,reddit,b25ad471180fab894a2402ad9268e90b324dd3d8007e97bb00a7f7c26bc15fa6,b25ad471180fab894a2402ad9268e90b324dd3d8007e97bb00a7f7c26bc15fa6,34915,34915
sample_0224.jpg,social_media,reddit,0f60be183bf9efa91cd4db8dc7ba02d0ecb871be38a4e3fad12b6418664a1d81,0f60be183bf9efa91cd4db8dc7ba02d0ecb871be38a4e3fad12b6418664a1d81,178881,178881
sample_0225.jpg,social_media,facebook,d3a9b2af24b7e4ba4d95220abea94a908d91abdb8c0423da2c6e80cd79918376,3e3e2e4553aee42547a08ff1971b3fc57dcb0911163ea59ee4c503a1933c065c,44898,44764
sample_0226.jpg,social_media,reddit,9870488d0e5eda52570418142aa5effb172cda6a91d29a8930e594946aec88d5,36f5ce94f1190ddaebd877ad81c0051041b5c461acde6ccec770d20a79fb38a3,35651,35109
sample_0227.jpg,social_media,reddit,aa8e78879db477b8900566a609dab007ccf0299dabf396e56ba9dc3a5d2779d2,aa8e78879db477b8900566a609dab007ccf0299dabf396e56ba9dc3a5d2779d2,185637,185637
sample_0228.jpg,social_media,twitter,11dab36a51abe671b53376c56ccd5139e829e8f61689cd21d2b77ec18292babe,11dab36a51abe671b53376c56ccd5139e829e8f61689cd21d2b77ec18292babe,56456,56456
sample_0229.jpg,social_media,reddit,ef01b7f5e35715a6e81353ac46317d4700610598cedec0f65313b51afb500527,ef01b7f5e35715a6e81353ac46317d4700610598cedec0f65313b51afb500527,104056,104056
sample_0230.jpg,social_media,twitter,59956b0011b14d394f143521eb60fb4af0a906c87406b14289e7a3fd4517f2ea,59956b0011b14d394f143521eb60fb4af0a906c87406b14289e7a3fd4517f2ea,101192,101192
sample_0231.jpg,non_memes,screenshots,85eba4113ac61761c989e71e29aa5bb6f507211e61241cf1f969cdaa8e2d3ab0,85eba4113ac61761c989e71e29aa5bb6f507211e61241cf1f969cdaa8e2d3ab0,170993,170993
sample_0232.jpg,social_media,facebook,d987c82947d2a5cdebd075cb84ed869886de9754a752f9d2b7c4436c1b5b6768,16e20bc28b4e3ef6d0648cd1f6d12b191ac0da088f0ac9abe41510c44de1b1d0,19837,19703
sample_0233.jpg,social_media,reddit,55548b1cd210f62c975aa7d9ef5cee8aae974bfddc454627057662d5411001e6,55548b1cd210f62c975aa7d9ef5cee8aae974bfddc454627057662d5411001e6,458843,458843
sample_0234.jpg,social_media,reddit,40ed7aa8664995d85c463cd737032c3f6129cfdec1cc676387ea8817f8be58a2,40ed7aa8664995d85c463cd737032c3f6129cfdec1cc676387ea8817f8be58a2,137605,137605
sample_0235.jpg,social_media,facebook,3200b5acc54c5e67d77fcf42ad20c21c609df83bd295e7e60a658426ce71ad88,a80959671a423617f759eae28f88bbefa265dd9c48e90262a176b68f1f0fdf35,69261,69127
sample_0236.jpg,social_media,reddit,1d8616079d3129cbb8a5b01ac34fa3b2782fbd9a1a5278b51c9cc5634dc8e21e,1d8616079d3129cbb8a5b01ac34fa3b2782fbd9a1a5278b51c9cc5634dc8e21e,48038,48038
sample_0237.jpg,social_media,reddit,926c5a513f7b7b6f33b7e0009275d70c78b7c359f5f551f82386d4a5dbd7af6d,c1bac573029cc973b0168631f074f72a3bb23d98bc60b3ddfd24e5cf724714da,46286,45720
sample_0238.jpg,social_media,reddit,6d46f0f4275554ea5247b87cd75b15643456a931a65415d5565b468cee147fa9,6d46f0f4275554ea5247b87cd75b15643456a931a65415d5565b468cee147fa9,53699,53699
sample_0239.jpg,social_media,reddit,7ba3a7233772851cb329442ef462ce8e1137e039127b1466e312464a9496845a,7ba3a7233772851cb329442ef462ce8e1137e039127b1466e312464a9496845a,30721,30721
sample_0240.jpg,social_media,twitter,5c65ec2fd17800c6cd7551001ca64991ba45f3bf39a8e0b369ac129cfcc895a5,fc16cbe8fc8a656d02e9148ddcddf25889ce696fa12f30a6b2b01e9dca43f300,38484,37918
sample_0241.jpg,social_media,twitter,90aea4e15cf507bdfb0b192c2a82a109d8ea66879c3543cb4ab598187f1103c1,90aea4e15cf507bdfb0b192c2a82a109d8ea66879c3543cb4ab598187f1103c1,52051,52051
sample_0242.jpg,social_media,reddit,9de2ffa76d5811e10051245720beecd67caced912771339021589940d0be1d0d,9de2ffa76d5811e10051245720beecd67caced912771339021589940d0be1d0d,338764,338764
sample_0243.jpg,social_media,reddit,7e2fa12c182f384f3fb5c9f3587c1a1887d7fc1d0297271ba9e19886162a760c,7e2fa12c182f384f3fb5c9f3587c1a1887d7fc1d0297271ba9e19886162a760c,49955,49955
sample_0244.jpg,non_memes,screenshots,a6586cffb97b4c3b05767c63e16959f1dc60e3d4a91859499ae4f49bea50cd6e,a6586cffb97b4c3b05767c63e16959f1dc60e3d4a91859499ae4f49bea50cd6e,198522,198522
sample_0245.jpg,social_media,twitter,c5de9e32e1cb3314aec65d695fb416a628f2ac33def23be3d49194c488e9a2a4,f6738f045c821d6ad45751ca1a5e9cdd9f59f42c6b71e0fd33ede8087a9e1a48,90717,90175
sample_0246.jpg,non_memes,flickr20k,e5946a3581e5a7ea81c1b23ea472c61c6afeffae4d107366c1ed2607d345e4dd,e5946a3581e5a7ea81c1b23ea472c61c6afeffae4d107366c1ed2607d345e4dd,114873,114873
sample_0247.jpg,social_media,reddit,823d4f6e616b94ebe16a3bb1f7659cb1cb25bb1bdaa727a4ccfead1a5bd4ea3a,0ae9e98e753f9e7499ddead26ae95fe210ce81c5e4da58258ed4e7aa5bef0e79,1889,1323
sample_0248.jpg,social_media,reddit,15c014987276e22112c55eefe5154c0d3e2f4967ef95818ad7d8aad9bdaee3a4,15c014987276e22112c55eefe5154c0d3e2f4967ef95818ad7d8aad9bdaee3a4,150449,150449
sample_0249.jpg,social_media,reddit,0af4edfd66f43e784fc92817954f54530ebf74ed31ae7bf832c1b2f428567000,0af4edfd66f43e784fc92817954f54530ebf74ed31ae7bf832c1b2f428567000,22098,22098
sample_0250.jpg,social_media,reddit,dc10f213c15a3a14310339b07c93f1cf8114b894231a98dad9ca6b95d9b04d83,75939bae2b0f0d983742949f2b43a85bd20741a5d6899aaf45490e2d18d543c2,73195,72629
sample_0251.jpg,non_memes,flickr20k,987f0519db90f6bb52945ab17ae2ee6089989166fb29dfc42918b0254d99823a,987f0519db90f6bb52945ab17ae2ee6089989166fb29dfc42918b0254d99823a,191974,191974
sample_0252.jpg,social_media,facebook,a5ea5fcf9b29911e75dec704505414da3fca2d941c3e5c67f1efdebdc94de3e5,39b0fb677b29c1fc33104e2158343943ee50f94ece4d97a5c6fdb8e58e09ee40,59465,59307
sample_0253.jpg,social_media,twitter,ed00340117826d0b791d3a3f0370dcfc86273e6859b1017f443e3af09d2ea655,1f45a3b41c4f407d5ffed0e0b749b4b1253d406435ea6c87c3c4deb4cde5fbdd,20512,19946
sample_0254.jpg,non_memes,flickr20k,bd139d851ce9b02601e02a4d6a6f99f536919cfa573550e4b78ae8467ebae0b9,bd139d851ce9b02601e02a4d6a6f99f536919cfa573550e4b78ae8467ebae0b9,146024,146024
sample_0255.jpg,social_media,facebook,9557272bbcb24cbb9d3652cf39e49528d506d45e9f47e8ea85ed06cca7ea6f22,71a989620ef8a0918b03329a484d6fe2e851a380ee94184aeb335e8769f7c1a4,16916,16782
sample_0256.jpg,social_media,twitter,c92662f273d4437cc8f7ec2eae82b245fae7dcfae34bf641d87c22f05de43af1,d624291944bb045f99aec9e66605dd6bb63ebce5e5f0eccf7387d7bef5a0eb9d,10659,9985
sample_0257.jpg,social_media,reddit,6778565c7ee3652f9a5139f685001e5db3d2ace4b9d287ba4a66c2ae9161cf81,6778565c7ee3652f9a5139f685001e5db3d2ace4b9d287ba4a66c2ae9161cf81,143351,143351
sample_0258.jpg,social_media,facebook,b8c1984339815b7b71f71d8301e16e2bdcaef96d43f3de904359424abb6335bd,9d3e96a101522a7f89c8081a8b548a4516d148b25240de4dbcc7d7a01dd942f4,38152,38018
sample_0259.jpg,social_media,reddit,514557753e4edac951962e7931cbc3c76539c62324efbe8b065b319dea74db3c,514557753e4edac951962e7931cbc3c76539c62324efbe8b065b319dea74db3c,248339,248339
sample_0260.jpg,social_media,reddit,b03364bd473228b2e4966f70162f6eb292dd33f020e0bf5e2c5be4d9046bf7e6,b03364bd473228b2e4966f70162f6eb292dd33f020e0bf5e2c5be4d9046bf7e6,94399,94399
sample_0261.jpg,social_media,reddit,286c45c1459880c4a5550a49229c75e82d5bc79d1636c6e2cfe0b3446b68b3dd,286c45c1459880c4a5550a49229c75e82d5bc79d1636c6e2cfe0b3446b68b3dd,53728,53728
sample_0262.jpg,social_media,reddit,ec84fd7108033478a6a6994e11a232c07d72034fd69dc3e8592e83d92889e89e,ec84fd7108033478a6a6994e11a232c07d72034fd69dc3e8592e83d92889e89e,45902,45902
sample_0263.jpg,social_media,twitter,66bfa4b71ad56e3b45a7b40a99332234cdeee477c4219894ff7584a4d08701fe,66bfa4b71ad56e3b45a7b40a99332234cdeee477c4219894ff7584a4d08701fe,82379,82379
sample_0264.jpg,non_memes,screenshots,e139a4040692750f23f93ba46200e93db4efced3e6a5b58fd399959a5f8dfb07,e139a4040692750f23f93ba46200e93db4efced3e6a5b58fd399959a5f8dfb07,231290,231290
sample_0265.jpg,social_media,reddit,822473ffa9b179bda2004ae0c5b84f589cb470434601307b588a811a158145a5,e5e456e9a7547531c798d2ad3f48fcaac7bd4a08eeb7f1a4cd9619323235adf4,48829,48275
sample_0266.jpg,social_media,reddit,3d0b6a6d8c72168e64849b5c69a08d2dcf62ef0a3dff397b6ff9c76b60ba521f,3d0b6a6d8c72168e64849b5c69a08d2dcf62ef0a3dff397b6ff9c76b60ba521f,811011,811011
sample_0267.jpg,social_media,twitter,2d22ff5d95d89fc011aaf7e014ed82e0d24afd29d143237ecc4f5c6ef4ebfcc7,207acc6271aa1f7df12ad5f76cb767594e08750792850f5e5c844aaa6afddeda,83270,82716
sample_0268.jpg,social_media,reddit,bedda7ab318858e8002d23c330fbf5384f6ba7ced23b8514411bb2153743330a,3d853a3028cb4bc84784dff47ab2df8816142b1c54eddb37732f9fbf7c323d78,84834,84268
sample_0269.jpg,non_memes,screenshots,d004a95737ee5cd70927abced0c3f33b352d176e7d4d111c5095196d32abddf8,d004a95737ee5cd70927abced0c3f33b352d176e7d4d111c5095196d32abddf8,89774,89774
sample_0270.jpg,social_media,facebook,28989bfbc560f5c19a19d436ca5ca0d1d5a3dbbe43dd1a7ab099290eef03638e,fb70824c79a549ee6b983730e625e98ae58c936a4c53484e30a2bc5f529410bf,41797,41323
sample_0271.jpg,non_memes,flickr20k,1e6340a09bf5c3a01daf924bc6aa459c054464d6245e6c605c1200a30d61bad4,e82a33b6d8cf97d76cd46b9dd90ed5b090a4b9ecb75555db40e9807ee9277d29,200095,200049
sample_0272.jpg,non_memes,flickr20k,9dacad6a13397d873e3429141696a28e0a6a974c13bed16b09d9566fc438cd29,9dacad6a13397d873e3429141696a28e0a6a974c13bed16b09d9566fc438cd29,81290,81290
sample_0273.jpg,social_media,twitter,7ebe6f008adf523d16f3e33a5b4175081df7a6e95aa39d2e991cfc31b7275300,7ebe6f008adf523d16f3e33a5b4175081df7a6e95aa39d2e991cfc31b7275300,30907,30907
sample_0274.jpg,non_memes,screenshots,9b03aabe22f242e2edb3041344e0ac7aade1d92ce5b361943fcf6bab69addb4b,9b03aabe22f242e2edb3041344e0ac7aade1d92ce5b361943fcf6bab69addb4b,302018,302018
sample_0275.jpg,social_media,reddit,7762e19dc68dda3ed19316f706b5e384bdd63639e94141c9968c206d3bf20cf3,7762e19dc68dda3ed19316f706b5e384bdd63639e94141c9968c206d3bf20cf3,29705,29705
sample_0276.jpg,social_media,reddit,2e9231e1deef8a70d95e9468fafb92076b0ba3513186307cc5db6614fd2fc8d9,2e9231e1deef8a70d95e9468fafb92076b0ba3513186307cc5db6614fd2fc8d9,26523,26523
sample_0277.jpg,non_memes,flickr20k,0f76c248af99a28df10891e73c02e67320255b6ee71ef1dc364d06d3765d27ca,3afcb2cea43195f02e362457fa14a0453e834ae0174599a56875f1b98c99343d,147136,145800
sample_0278.jpg,social_media,facebook,34c2281832de30f75cd69c72f581d36ead7c02fe1b586418fcd968d563317594,72b590237e7b5c4cd48116909807ec345a201b63c90aa9dc6789da16fef0ef6d,40644,40510
sample_0279.jpg,social_media,twitter,34b4f05fbaa37718e0c72ac8351e0e5b342868c00fda180a55dff659482ab9ef,34b4f05fbaa37718e0c72ac8351e0e5b342868c00fda180a55dff659482ab9ef,104553,104553
sample_0280.jpg,social_media,reddit,9e7c1a99ee9f4bbf6d2f2cef8e69058c5147a04934db845893fafe738b9e2b8b,7a546400d769114ea981f327aae9d012393f4d3ef89a1c8b2223b146979696af,107513,106959
sample_0281.jpg,social_media,reddit,29e5a693f514e3a6ef07c8ac26cd6203420165f121f46b255186abb572bc00b5,29e5a693f514e3a6ef07c8ac26cd6203420165f121f46b255186abb572bc00b5,422057,422057
sample_0282.jpg,social_media,reddit,4c4ee48996d1081e1ec04d9e72294e9bc36fbd01ed64617c015678707dfaca65,a0163e246d6ec105dbc0377ac5bf2f38273502dbede1ff310b89dc6bc08360f9,52239,51673
sample_0283.jpg,social_media,reddit,c1820427d5a2fba6efbd8ec0c52c05e04457594d7d41cc1b35d71ab569bff4f1,c1820427d5a2fba6efbd8ec0c52c05e04457594d7d41cc1b35d71ab569bff4f1,190723,190723
sample_0284.jpg,social_media,reddit,46cb540bd85829a6d161553490c999952394e78f8e6af4804f44d67fd896790d,46cb540bd85829a6d161553490c999952394e78f8e6af4804f44d67fd896790d,479584,479584
sample_0285.jpg,social_media,reddit,4a08bd7f7e13405506624a03bc2778653ca6178313a3810aba516c1bb2b8c48e,4a08bd7f7e13405506624a03bc2778653ca6178313a3810aba516c1bb2b8c48e,56048,56048
sample_0286.jpg,social_media,reddit,4e36702f0f64c0547095147304d51fafb99c48e2413b4443f6ff4a9919dd90a3,4e36702f0f64c0547095147304d51fafb99c48e2413b4443f6ff4a9919dd90a3,82533,82533
sample_0287.jpg,social_media,twitter,e319c3cdc485746c1ce5f0f909f062a854b3488c81175752011ac0ca26bb8a4c,e319c3cdc485746c1ce5f0f909f062a854b3488c81175752011ac0ca26bb8a4c,162311,162311
sample_0288.jpg,social_media,twitter,3a5fec4109dd5675e3e4218c981d663375dbc43b0fafcdfe6e0333766443777c,3a5fec4109dd5675e3e4218c981d663375dbc43b0fafcdfe6e0333766443777c,66204,66204
sample_0289.jpg,social_media,twitter,6a4a3a359e345a30debceee010b9c9a88cfd30ee8ca0fd3b37960b0611df4940,6a4a3a359e345a30debceee010b9c9a88cfd30ee8ca0fd3b37960b0611df4940,96439,96439
sample_0290.jpg,social_media,facebook,3d1cedd5ad9ac62d4300c3b4fa8e60950c83f196409053f87550d8d15b087dae,f360f683ffbf0d33100e811496da1ec8c51d3a30b302b37cf565020cd0a723e1,62936,62778
sample_0291.jpg,social_media,reddit,2e1c4c149f4a4df3df07f05ca60ae25d696bdd6f849860f980f8c111237bc1b8,2e1c4c149f4a4df3df07f05ca60ae25d696bdd6f849860f980f8c111237bc1b8,71711,71711
sample_0292.jpg,social_media,facebook,6edbc9cc4dfe7af9e34d7d2273c0993cdda7bcf390547d08ad72859f5207aefd,444e533d000accbf06e85350d2155b732e3f88b57e3c8e474a1c07e27af80c8e,20530,20396
sample_0293.jpg,social_media,facebook,c92e4d26b1411751be7c57e79525a46853d9e4a34caccc347db3c3d4535bd5a2,c56734cdd3ca09c211e30371f2083c54dcd9464c174e8c64e750ad90a491ad41,32766,32608
sample_0294.jpg,social_media,reddit,9f3ba65069289a806a1677c9bbaab5ed1b72f4492f06fa5d997e0adb3b2566a5,9f3ba65069289a806a1677c9bbaab5ed1b72f4492f06fa5d997e0adb3b2566a5,70267,70267
sample_0295.jpg,social_media,reddit,5bb2991f1b00bc4cd93a2a5014a99feba21089069e204d6d4e866d29429ca3fb,5bb2991f1b00bc4cd93a2a5014a99feba21089069e204d6d4e866d29429ca3fb,51761,51761
sample_0296.jpg,non_memes,screenshots,419092f2623b29b8f33b3cf92b4147cd4859d56a1a46e41206faa27a08f3f927,419092f2623b29b8f33b3cf92b4147cd4859d56a1a46e41206faa27a08f3f927,66225,66225
sample_0297.jpg,social_media,reddit,19361652f284df856b8f54471767c79f242772b6317380968c813b70510c4160,9719a658d9e5769b969eafe2c40478d5f9f6e2eca9b2f9a935d481204636720d,104754,104188
sample_0298.jpg,social_media,reddit,39ea950fef2e921b14cbdd4ebf5c9ea78b3261449553383d38980ef3d40c1168,39ea950fef2e921b14cbdd4ebf5c9ea78b3261449553383d38980ef3d40c1168,38791,38791
sample_0299.jpg,social_media,reddit,1a89cc3af345bf69706e00746849cb2ec605a5207959cc97c587449c4c82691a,1a89cc3af345bf69706e00746849cb2ec605a5207959cc97c587449c4c82691a,111194,111194
sample_0300.jpg,social_media,reddit,5183ea6b6a2aa908d1bf6da547fc9e8f3af2b89a18e33698b9c694088075f6b2,5183ea6b6a2aa908d1bf6da547fc9e8f3af2b89a18e33698b9c694088075f6b2,86546,86546
sample_0301.jpg,social_media,facebook,d6ad591244cf038a2fa8c32444a85a03e77aa268b664eb610dbb1f0bcb20bccd,488391d81bcdc1f16b72d13a4d61e3b38097cfb35455c15be12b89424ee7bd7c,37924,37450
sample_0302.jpg,social_media,facebook,2f1906c02062aae80e338f7f3a4908bef5995c27b63c1e827c532874bcd4004f,9c4b097352ba15079f52b4cbe69557918416b0104680849fb6cd91839f4a4128,41843,41709
sample_0303.jpg,social_media,reddit,64a5af7642f96f9b3d08e462d9899953e64625521b676b9578421535ad537701,64a5af7642f96f9b3d08e462d9899953e64625521b676b9578421535ad537701,42981,42981
sample_0304.jpg,social_media,twitter,c329c76286a1897b53d1ae9d88ae16c37f2e6b4f00bd93d050f802a54713f318,5c81c00871e67fdce9d0ae2782da580aa1bd1134630a9c10e9fe7a25c39131b4,25971,25405
sample_0305.jpg,social_media,reddit,3300d23807573c258dd717c723ee41ad0770bdaa0fbdb0dd3a1c7237d4727319,a4052d76bfc23a50a7df0b1484a59e581dc5c84333b104f0ded096d530912e0d,53933,53367
sample_0306.jpg,social_media,reddit,50222c0a53e16035cc52b7316b658392c809c7a668f308ec136e27d5bb63d39e,50222c0a53e16035cc52b7316b658392c809c7a668f308ec136e27d5bb63d39e,49207,49207
sample_0307.jpg,social_media,reddit,04005c118f2848351652f545a6130d644c57df36d92549430f5eea35fa01c3ed,04005c118f2848351652f545a6130d644c57df36d92549430f5eea35fa01c3ed,30215,30215
sample_0308.jpg,social_media,facebook,44429ec60d10969b74544967fce21b745416946eec01bc81a62fb850f0d16478,eae301054f38cd91c4cbb28881a553b0d3482b9f09475fda03fbb25b20abda44,59735,59601
sample_0309.jpg,social_media,twitter,3b4d1b35a11289a6eb96233d7d870ba00e4fe51bd25e0fa9ec1e01b00f560895,3b4d1b35a11289a6eb96233d7d870ba00e4fe51bd25e0fa9ec1e01b00f560895,10773,10773
sample_0310.jpg,social_media,reddit,df9a58a1cc0d199c80f7963e3d930aa873353095e7beeff7f4d43aa99ecb0b0a,df9a58a1cc0d199c80f7963e3d930aa873353095e7beeff7f4d43aa99ecb0b0a,60096,60096
sample_0311.jpg,social_media,twitter,3f97f39c9b142bbbeae0c1d067d38a26a62ab56fc7f920c6a3fc0d85dc7365c2,f3e5e020a2b37d86736282f6fc59410c4c046da28ff8fb62f79450d6e3b1e089,76327,69387
sample_0312.jpg,social_media,twitter,97f33cf4d81ca286b9a785902c891be316d6eaa95f90535e30c41fc9f2d70049,97f33cf4d81ca286b9a785902c891be316d6eaa95f90535e30c41fc9f2d70049,76455,76455
sample_0313.jpg,non_memes,screenshots,b03711b9fafa08560cf8b463eb640b8fd1edbf7b01803a39072ca80e999872e6,b03711b9fafa08560cf8b463eb640b8fd1edbf7b01803a39072ca80e999872e6,74464,74464
sample_0314.jpg,non_memes,flickr20k,a28e3808c8c5df7754b60e81a27b0312553b82ac2421726a9993ebf857611add,d118480124641222d05bfe3d3587ea22672e61cbc25dce17550af20b0044f6fc,101769,87340
sample_0315.jpg,social_media,reddit,945d0a14344577b801394a69fa978c3ce865208a7942f5dc8bcfc25656ebf084,945d0a14344577b801394a69fa978c3ce865208a7942f5dc8bcfc25656ebf084,62770,62770
sample_0316.jpg,social_media,facebook,971d97b60059953e5892fb2a95424e43a82432629debce0ba0ab611b9b981472,744352a86c79d88e56c7a1a3f2f300c848be058db9cc18e92927542de09dffe1,30407,30273
sample_0317.jpg,social_media,reddit,91cc2fefa7deb0ea80e5ea85e28bb58cf331f845b78e7b79d93408373644d72b,91cc2fefa7deb0ea80e5ea85e28bb58cf331f845b78e7b79d93408373644d72b,91510,91510
sample_0318.jpg,non_memes,screenshots,1d0adcc6156baf139918d8adbf3d6623cd30857ed364fb99d119f7a3610b0f40,1d0adcc6156baf139918d8adbf3d6623cd30857ed364fb99d119f7a3610b0f40,95856,95856
sample_0319.jpg,social_media,reddit,0f748b92b07ff7f0b99db7eca1910226efa7e6f96ee256f155221070c86a8807,0f748b92b07ff7f0b99db7eca1910226efa7e6f96ee256f155221070c86a8807,233157,233157
sample_0320.jpg,social_media,reddit,ae4ee899f466931a5a37299064ac4096b4728a80fcae277fa7ee9c553f4ca75e,9d000033bbd3e0f118bf17170e74520ccc57b7de74188ba8ff9cc306bf3bb35e,452542,451976
sample_0321.jpg,social_media,reddit,0515b888566ed6bf60dfdc86133247b8758d74f414e8ea3faf2e553557ddeff8,0515b888566ed6bf60dfdc86133247b8758d74f414e8ea3faf2e553557ddeff8,1884726,1884726
sample_0322.jpg,social_media,facebook,95ae3a78a36e1b803a161a5ef535492a755b2421d70df74b2ce4e083375fd4ee,6bc8d78020d4330d9413bc578378c15c7f67865942e6ac2bb67c5aefa2fa6e7e,33060,32926
sample_0323.jpg,social_media,reddit,c70b9dadb78f0b1a8706fa09dd57edba089449cfa48ee0d2aa16facd5ee62e8c,c70b9dadb78f0b1a8706fa09dd57edba089449cfa48ee0d2aa16facd5ee62e8c,69547,69547
sample_0324.jpg,social_media,reddit,cf6f96578681b72f2a5c7c0dc73b2f891211a6ebcfe9175787955fb2cfb13a51,cf6f96578681b72f2a5c7c0dc73b2f891211a6ebcfe9175787955fb2cfb13a51,89511,89511
sample_0325.jpg,social_media,reddit,9552a5cf3335c79fbe8bcf11cb6836732d9a976052affc274f279277c6755de9,9552a5cf3335c79fbe8bcf11cb6836732d9a976052affc274f279277c6755de9,122475,122475
sample_0326.jpg,social_media,facebook,ce46104d93f7bd7bc218daf5c0c9815718753022805741e12b192b134776d2e7,d2b88f77fd1c8cdb1e4e2a83851e50cad4814732427971d5594934c12433c95d,39947,39789
sample_0327.jpg,social_media,reddit,6a87d725f8c6d44072aa433473e83ac7a26e43618b7d9df024c4ab8ea1472bc9,6a87d725f8c6d44072aa433473e83ac7a26e43618b7d9df024c4ab8ea1472bc9,44422,44422
sample_0328.jpg,social_media,facebook,6f0d66eef0e2540c048d916346ab64e43a9eba538acea264e33ec4cb2e825032,42bf84641421cbc8e381d0a1f31aa08df30c32f99a14713c647a1e1ed6ef455c,57787,57653
sample_0329.jpg,social_media,reddit,3e532f83d7103ec568b961a1cba74efc42724998e6da8e9441ec14916f9647c6,3e532f83d7103ec568b961a1cba74efc42724998e6da8e9441ec14916f9647c6,49829,49829
sample_0330.jpg,social_media,twitter,458f1cb7fe9dae53fc251549b27731a171552035843f070ee1103156d1a8b5dd,458f1cb7fe9dae53fc251549b27731a171552035843f070ee1103156d1a8b5dd,38147,38147
sample_0331.jpg,social_media,reddit,2ecead0f75be5b738f58c5c56f015214132b91013041a66e1a130a2e81ddb229,2ecead0f75be5b738f58c5c56f015214132b91013041a66e1a130a2e81ddb229,106507,106507
sample_0332.jpg,non_memes,screenshots,6546cdc79cc3e8ae27be8b0f57fe8838ea713c62c995a41e71fbe08a441451bd,6546cdc79cc3e8ae27be8b0f57fe8838ea713c62c995a41e71fbe08a441451bd,36922,36922
sample_0333.jpg,social_media,twitter,2f1af03771296fd1d23bce3a41528a12e1fde213d036d073d59d9686692d9f01,2f1af03771296fd1d23bce3a41528a12e1fde213d036d073d59d9686692d9f01,61298,61298
sample_0334.jpg,social_media,reddit,43ab914890d04908148e4e52617e45e838fa22fadc4653169fdd188d4908c962,43ab914890d04908148e4e52617e45e838fa22fadc4653169fdd188d4908c962,60173,60173
sample_0335.jpg,social_media,reddit,fd4d3d02dacc47e7777e2ac665bc58257419d593a6fc98ef6230255b757278dc,fd4d3d02dacc47e7777e2ac665bc58257419d593a6fc98ef6230255b757278dc,1027172,1027172
sample_0336.jpg,social_media,twitter,765ef340d972647aabef4484c2ddd1894e074d3581404aad26041e59369f9f93,765ef340d972647aabef4484c2ddd1894e074d3581404aad26041e59369f9f93,10181,10181
sample_0337.jpg,social_media,reddit,67be2d201c3c48b28bdbbe1046011b424ed3b5c6b2053f4700e4fddd1eb74604,67be2d201c3c48b28bdbbe1046011b424ed3b5c6b2053f4700e4fddd1eb74604,58707,58707
sample_0338.jpg,social_media,twitter,59c71cc1964b2134c650bc88f04628adc2a89de4e955d6e7542374e08d1cb472,59c71cc1964b2134c650bc88f04628adc2a89de4e955d6e7542374e08d1cb472,318033,318033
sample_0339.jpg,social_media,reddit,d3e6ee2c57feb802293d9de1de246df3b60178909d6475d254ca6fe978f9e70c,6e219c0ee0e72e9b65da2b7a28f8693cfb2c073530c0145983e9f0d053beb15d,232444,231890
sample_0340.jpg,social_media,reddit,9d27848b3f8bc83b0e74e29f643b8eeb3b27af4f838fcc0b04630442f6d63dbe,9d27848b3f8bc83b0e74e29f643b8eeb3b27af4f838fcc0b04630442f6d63dbe,109508,109508
sample_0341.jpg,social_media,reddit,720cd2ed08fc75969d7260faaa32d87cfd68bf6b0ac90b8b69afa0a3855ccb50,720cd2ed08fc75969d7260faaa32d87cfd68bf6b0ac90b8b69afa0a3855ccb50,42870,42870
sample_0342.jpg,social_media,reddit,fb110ef49505db23bc171cad59bccba1321e35b9fbcb433e8ff55f0d8cd32047,fb110ef49505db23bc171cad59bccba1321e35b9fbcb433e8ff55f0d8cd32047,110257,110257
sample_0343.jpg,social_media,facebook,3b7bfc33eed48589a1cbec4ff9bcbc4298ed9587f477e2ac4e4d72d2d7b73ecc,45e8dac73c4c5687029ea3208cd6eb6a01a08e71d5f0e5c192cd88241f07a978,10003,9845
sample_0344.jpg,social_media,reddit,7e925fc12dbeca9e2c08854d5f246e7ee8a056b1d2ca083822fd631f8baa73e6,7e925fc12dbeca9e2c08854d5f246e7ee8a056b1d2ca083822fd631f8baa73e6,143689,143689
sample_0345.jpg,social_media,reddit,c7f5219b4d7166ec36dbeefc3e34ee5f323be6074092da9c62e698546832bfb9,c7f5219b4d7166ec36dbeefc3e34ee5f323be6074092da9c62e698546832bfb9,581125,581125
sample_0346.jpg,social_media,reddit,87160b2cec43a293c0fc7a3c823303ba026b5e625aecb0a0a90e637a482b8f8a,87160b2cec43a293c0fc7a3c823303ba026b5e625aecb0a0a90e637a482b8f8a,524586,524586
sample_0347.jpg,social_media,reddit,22849b85f163c62a7809956320a6981b3a6e305e940014c094a7e994083f85ca,22849b85f163c62a7809956320a6981b3a6e305e940014c094a7e994083f85ca,537931,537931
sample_0348.jpg,non_memes,screenshots,5e81c20edf23d9e92816cab373a8b4c3b8bfe8161efcb64315b7aa7a3ba34b5c,5e81c20edf23d9e92816cab373a8b4c3b8bfe8161efcb64315b7aa7a3ba34b5c,70049,70049
sample_0349.jpg,social_media,reddit,37166dea8a12ddebabbf9ee5f951022e5d7a78768e2343783da56170f18e72c9,37166dea8a12ddebabbf9ee5f951022e5d7a78768e2343783da56170f18e72c9,675754,675754
sample_0350.jpg,social_media,reddit,3f454273a6371b05b48fe40c4f73c008c2cf7f33a1c525bf185271cf25909c3c,a8b8b36c1d1d5bc9bf5bb7a643694827b77011a5f61c19c6178248362db4875c,167640,167074
sample_0351.jpg,social_media,facebook,eab728ad2f8faf8d64f07fcd4e48f3c89354a90367645ff2ac5ce65193807cbc,6759cd700398750aad715a9c9219882a75601fdf2fba7dc02e7c098e7bf47058,54738,54580
sample_0352.jpg,social_media,reddit,3094bfe9f2fbc4c063e0f7bb9eaec5ece6f3eedfd48fd74a9d6d78052ebcd95f,ab87a22b2feaf982c26e754d7fa2211780e663dbd301d1decc6e8c7d753abfd5,60519,59965
sample_0353.jpg,social_media,reddit,8c301d0aeadb8615de477c9ca658ad5bf9d66de510bdc0f06810b090ea9ccd30,8c301d0aeadb8615de477c9ca658ad5bf9d66de510bdc0f06810b090ea9ccd30,118535,118535
sample_0354.jpg,social_media,reddit,35fe9f4fa1d91c8ac3328b6d5eebcb10f51ad7b42a5a3cccfda5799e3dc71436,35fe9f4fa1d91c8ac3328b6d5eebcb10f51ad7b42a5a3cccfda5799e3dc71436,31916,31916
sample_0355.jpg,social_media,reddit,f47925888818c4b8fccff53f2503449ff4bf6e500c2d546e5559663b7937ebae,f47925888818c4b8fccff53f2503449ff4bf6e500c2d546e5559663b7937ebae,91721,91721
sample_0356.jpg,social_media,facebook,323b34159f5377695b5aeee984515c1d1ec52f8c59fb80ba7c438201783c8e8a,5dac07291acffb3e9e8e9d5854ff0152a4aef981b336ed51af539182681c38b8,5535,5377
sample_0357.jpg,social_media,reddit,a2df348a109a3f9312cea792ad183cc1d09e28f8eecde5bd4f3b38cf0320354d,a2df348a109a3f9312cea792ad183cc1d09e28f8eecde5bd4f3b38cf0320354d,15897,15897
sample_0358.jpg,social_media,facebook,807ab4902c03c24af0f1abf14b1d434d3c40f705552fcde8756419d0945a9537,35c499128521845df9f7961d88864e26992e4e48dcf2f19dc07fcc1c64735359,34148,34014
sample_0359.jpg,social_media,reddit,d3ec324684bfc2fd14b0bd595ca27c2dc6df12b78966865323fba91c3069fe30,5b7e8320c1529a9856746b2217742fc3c8b8c2fb58e616d8e66b39367aabe42e,150562,149996
sample_0360.jpg,social_media,twitter,39adb8012e74c4d836480f96934752548cb8fc71795a3357c42ff9f483d951a3,39adb8012e74c4d836480f96934752548cb8fc71795a3357c42ff9f483d951a3,67749,67749
sample_0361.jpg,social_media,facebook,6ee6bd3af8bb896e8916048a534fb393bfee99010751701b1df8cc8a050d7319,82a08d38cdd30261e847cb7973a9f1b5d1b25e564987aaf7f95b9e3518250934,24246,23704
sample_0362.jpg,social_media,reddit,fba8a730e7d0f15b7a3124f49087993d21f16eade2a8f8fdd18e3a073062d6ef,fba8a730e7d0f15b7a3124f49087993d21f16eade2a8f8fdd18e3a073062d6ef,198605,198605
sample_0363.jpg,social_media,twitter,ecb70e431d3bf4691b017f27345070765aaa831e676c7bc7433dfce807800432,ecb70e431d3bf4691b017f27345070765aaa831e676c7bc7433dfce807800432,25048,25048
sample_0364.jpg,social_media,facebook,a9df9c2738ddd6f4a50bfc26a5f644f62755a1b89ae3eaff908d19d6495b0456,4084c78ff98f846fd1b3ea57fb73c826cf62cbf3f4db3f46883709a86d75f90a,23854,23696
sample_0365.jpg,social_media,twitter,941559ad4a1b34d200471f115eaa7b5f4299c4503919999b8ca540774cc1e794,941559ad4a1b34d200471f115eaa7b5f4299c4503919999b8ca540774cc1e794,67364,67364
sample_0366.jpg,social_media,reddit,938620ab51ac7e548014e13f8a51751a15e5445029a6effb3db3df1753d81d61,938620ab51ac7e548014e13f8a51751a15e5445029a6effb3db3df1753d81d61,42059,42059
sample_0367.jpg,social_media,twitter,641eff140bb0e15ab85eef6d7a8e6b17f5bda342af4910cf231f68377c1b34b0,641eff140bb0e15ab85eef6d7a8e6b17f5bda342af4910cf231f68377c1b34b0,91688,91688
sample_0368.jpg,social_media,reddit,cc4a10580f83871d605848da12a3dfc5be3ce88d59d004748f02f273e3f0d8a8,ac37b7a6abd67302bf29dd4e0bac566a7d2b5a135a0698730074a7a4f6c93572,54570,54004
sample_0369.jpg,social_media,reddit,2988a778cdec241ae9665cc867f061b12ab03e3cb02f3a718cda2fd7779c6f91,3f44f6d3241c8ab671479ada96aaf3dac92eeae22f043a190765cf2f6f40d2b3,153904,153338
sample_0370.jpg,social_media,facebook,f16f9426b80ea11794bab4dbc565ecda5d5e7cd4d0fc4df2e241162984de5c36,3d869e912495f1fc0eba5ee45b5775319b08caac91d97db4c1b2b8a9ed439f45,14885,14751
sample_0371.jpg,non_memes,screenshots,ef7a246d00c2c244028d9a729421758388e887bc8a731d0a6f5fca52ff5de1ab,ef7a246d00c2c244028d9a729421758388e887bc8a731d0a6f5fca52ff5de1ab,77211,77211
sample_0372.jpg,non_memes,screenshots,b94a2a67c6928f97c855e10f48db88e6e8a4603f21bda4185a554c4691973f78,b94a2a67c6928f97c855e10f48db88e6e8a4603f21bda4185a554c4691973f78,223302,223302
sample_0373.jpg,social_media,reddit,4c5ea66aad2655368a692093e472320c89bd4a0bac075d63771707b5e3903ba0,4c5ea66aad2655368a692093e472320c89bd4a0bac075d63771707b5e3903ba0,44652,44652
sample_0374.jpg,social_media,reddit,df0da2137c3368b0c7181b1660d006888a70d7b934fcf8e3bff9476abd4228fe,df0da2137c3368b0c7181b1660d006888a70d7b934fcf8e3bff9476abd4228fe,39479,39479
sample_0375.jpg,social_media,reddit,ab4bf7de5fb1e79d197fe1ab9e3235a7f700c6867d5334042390d57a7a6feb0f,ab4bf7de5fb1e79d197fe1ab9e3235a7f700c6867d5334042390d57a7a6feb0f,43319,43319
sample_0376.jpg,non_memes,screenshots,e8fcffe9925d884d2c190efc2bcaeea76cf97912ffe3ad4517ff4f4f718aa0c1,e8fcffe9925d884d2c190efc2bcaeea76cf97912ffe3ad4517ff4f4f718aa0c1,125407,125407
sample_0377.jpg,social_media,reddit,a7dbda73f0dd8e9fc2413962baa76484e124ec3f6953c1004689d3f485ff2fc1,a7dbda73f0dd8e9fc2413962baa76484e124ec3f6953c1004689d3f485ff2fc1,61806,61806
sample_0378.jpg,social_media,reddit,eba5c645b4576a4eff49dd536f486aee9ff89bb969adb08914bfd72e4d7048b6,eba5c645b4576a4eff49dd536f486aee9ff89bb969adb08914bfd72e4d7048b6,91402,91402
sample_0379.jpg,social_media,reddit,d8a624cc9fe194fccb0cdfb87fec7fb240ff9612394e0e6a289e4819a9c8c137,d8a624cc9fe194fccb0cdfb87fec7fb240ff9612394e0e6a289e4819a9c8c137,29944,29944
sample_0380.jpg,social_media,facebook,af51d456e52bb425696de0f307e0fd95b34dad005596412a8f4cd92a39637430,241834e65cba2bd7ddc5330ff5fdcecd4d6c0178fb23014462be9d953b1fc9be,25247,24773
sample_0381.jpg,social_media,twitter,8913f55f14fe6c4d7e5b1ad74e872fd694b081ea227963981c300a506394a2ff,8913f55f14fe6c4d7e5b1ad74e872fd694b081ea227963981c300a506394a2ff,43837,43837
sample_0382.jpg,non_memes,flickr20k,5f95e598a9713d131aa7c7dd98dbd9bb4946516de8925c94eca29f6e46ca0253,15974e073d16c3f6d96db7e45c9e12d42121bca85eaf59c919ac7657f7f07e3a,141466,131372
sample_0383.jpg,social_media,twitter,681f49ef4ca464eb576ba4343a141dd407fb8c9807f59acad91da77aa07423bd,681f49ef4ca464eb576ba4343a141dd407fb8c9807f59acad91da77aa07423bd,40091,40091
sample_0384.jpg,social_media,twitter,fa910dc69917998a5e23d73e6e2c90f88712dafa98d2462b6a1e015a12095708,26c138aae62b9ad74211db8248bdd7cd70b398855e6d615d8125bf6394d9a8fd,80095,79553
sample_0385.jpg,social_media,facebook,46e00d67a97b2d7f8c32ebbe5c6f7d5b403a89582da8f613c0e734f16d45a4cc,9d4d98d159fb7e8a8c327a09e9bce62dfc43fa526008acde1adc7326deb0617d,31569,31435
sample_0386.jpg,social_media,reddit,23b1663d928db923a4279df85775f6d336d72bb6e093aa49096c036fcc4ad7f3,23b1663d928db923a4279df85775f6d336d72bb6e093aa49096c036fcc4ad7f3,35120,35120
sample_0387.jpg,social_media,reddit,f134082d9ec7f8487f28b34aa6062156620b7f50668db6cf644ff2625f3f9962,f134082d9ec7f8487f28b34aa6062156620b7f50668db6cf644ff2625f3f9962,99063,99063
sample_0388.jpg,social_media,reddit,a41808cb2f672c35c4da887efc960370940d31e8e1c18c481199934dabcccbe8,a41808cb2f672c35c4da887efc960370940d31e8e1c18c481199934dabcccbe8,97569,97569
sample_0389.jpg,social_media,facebook,22cab52cfffb9e28361866a4157446d1e6ab1a825b3d7ae68fd312116944157b,b888e2226da15b539ad5fc2d6c5e0f880710796dcaada83e5512f196929fb532,37486,37352
sample_0390.jpg,social_media,reddit,abed232801130fd5308fdc19e11c54f7d6c2c7bd08be44e58de15356081bcae2,11a16685b6340d8fb3d1e2e11f0ed25303940ecd1f7479d69416963ae443d6c6,38466,38445
sample_0391.jpg,social_media,reddit,001f22aded309541e1036f3ab372ef8bb94919045db44d90330b677c30cba380,001f22aded309541e1036f3ab372ef8bb94919045db44d90330b677c30cba380,573016,573016
sample_0392.jpg,non_memes,flickr20k,9e1776dc4a4628cce708038d0ebb66b1f375e6040a2ff57fe3c300e2112cbbd9,d5e6d56c705c21ebe88214a3a60a1adaa78cc9195edec5b5dc691dc2cfa771ec,124693,123341
sample_0393.jpg,social_media,reddit,dc38c5a01feb3d5d0b79e19e7e50eba5f7258cabafc09c6556b2d8f0ef761e30,124c9f88affcd0bc55710a372cd12a47031b07adcf2eb696ccf6eb13eedac973,48609,48043
sample_0394.jpg,social_media,reddit,1fd304cdf9c66b85560d195ca113a2f942e61f04a3576e55741d3f91366341ee,d143458c5ae3b1da0dce9db912ea947a176ee5174019b74286a9c46036abd09d,163676,163122
sample_0395.jpg,social_media,facebook,0d43641af107ac053e234431a0d39847d42254c2267c54a9a0be8952fa204cf1,3409e5e34410ff744f74330f18134d68d4263bb04eea0924fd9e108bf2523552,26168,26034
sample_0396.jpg,social_media,reddit,e48556aecfed668014359ad5bc9106a8f314e727c18521f19a20c0a8ab83db06,e48556aecfed668014359ad5bc9106a8f314e727c18521f19a20c0a8ab83db06,32739,32739
sample_0397.jpg,social_media,twitter,e94102d614a7922235984c596ef300a82a100db3a4b4b832f911eec5788de831,e94102d614a7922235984c596ef300a82a100db3a4b4b832f911eec5788de831,14183,14183
sample_0398.jpg,social_media,reddit,3a6e6a3844c4899e97c97b4eb2e287c12e0f29778c862bee5aac166066cbec22,3a6e6a3844c4899e97c97b4eb2e287c12e0f29778c862bee5aac166066cbec22,109867,109867
sample_0399.jpg,social_media,reddit,71f03f541d0ceb964a7b1d73c19c4c5525ebfbe01c71bed7f59704be6532a64e,71f03f541d0ceb964a7b1d73c19c4c5525ebfbe01c71bed7f59704be6532a64e,198184,198184
sample_0400.jpg,non_memes,flickr20k,bbf6ec4d9b9897914c1478ca1d73036adfd363f7dfc7235bb3fb95cf21d5b12b,a1deda903e42ac8bc10632dfbaa9a7741584c8e1c06a04344b9ba13038ba2053,218685,218285
sample_0401.jpg,social_media,reddit,c37e5517640318ca47762099418be0fa25cdfcfe719c9c756b6b268599870c86,c37e5517640318ca47762099418be0fa25cdfcfe719c9c756b6b268599870c86,245734,245734
sample_0402.jpg,social_media,facebook,56cfbf748e7de0e090b7de60e98858607b540cdd437b2128b9a48fdb092ed8ad,4f3121cae4d812b288dfabfbf65ccab0f8ea01c37b07dc0ab00dee849bee3267,32402,32268
sample_0403.jpg,social_media,reddit,8988204cbdba3e97e7d0b57dca1b014f2b5c82a7e16b3bae5b37f030934a436b,8988204cbdba3e97e7d0b57dca1b014f2b5c82a7e16b3bae5b37f030934a436b,61987,61987
sample_0404.jpg,social_media,reddit,98190238e61a98e39e3ae5d9e0ec7bb658745b7273d90cb08f2ce812b8263b55,98190238e61a98e39e3ae5d9e0ec7bb658745b7273d90cb08f2ce812b8263b55,51564,51564
sample_0405.jpg,non_memes,screenshots,7902087ce66ceb4f78f853b796c6d2f26b6ae01594ff87709a57510c6bf0588e,7902087ce66ceb4f78f853b796c6d2f26b6ae01594ff87709a57510c6bf0588e,143343,143343
sample_0406.jpg,social_media,reddit,075f09bfc17b39e2eec7b7fbba4cd29a6fb5c71da6051d3183ca9d2286eadbce,075f09bfc17b39e2eec7b7fbba4cd29a6fb5c71da6051d3183ca9d2286eadbce,30446,30446
sample_0407.jpg,social_media,reddit,9fa99b126d4ba8f98e7c27b4359ea1de78d0df920e2fcf305c810af6c115af15,9fa99b126d4ba8f98e7c27b4359ea1de78d0df920e2fcf305c810af6c115af15,45738,45738
sample_0408.jpg,social_media,reddit,5a84d7013c17d81ceb7bc53c549268a6a9053f55a09289ea480f148975579aca,5a84d7013c17d81ceb7bc53c549268a6a9053f55a09289ea480f148975579aca,23424,23424
sample_0409.jpg,social_media,facebook,b134bfa05749ed1272746b4ec81bf0a7e0f4eb5d8fba583fc7877a9bb94223ab,989c5afc75e0b5fa0a0c75286d5d01b1ad687513b689d8fe9bc17baadf4b9f08,50476,50318
sample_0410.jpg,social_media,twitter,a82c396c429c8c81082789c8eb0454d2214765810ee99ddbed1238a3c46b51d3,a82c396c429c8c81082789c8eb0454d2214765810ee99ddbed1238a3c46b51d3,78380,78380
sample_0411.jpg,social_media,twitter,73b9d6d63e6f60a0706a93dd913fcef82aa30026675732d0298b69063ee25dd9,73b9d6d63e6f60a0706a93dd913fcef82aa30026675732d0298b69063ee25dd9,75154,75154
sample_0412.jpg,social_media,reddit,31ebe3709c85aa9b882dfe56f5d11a66985d93be07c647db0c46c932bff18e5a,31ebe3709c85aa9b882dfe56f5d11a66985d93be07c647db0c46c932bff18e5a,52918,52918
sample_0413.jpg,social_media,reddit,0867d9c002a713e0b2a77e143bcd2e38c8bc9617cccc1b25f6611c1d0a8d6f44,0867d9c002a713e0b2a77e143bcd2e38c8bc9617cccc1b25f6611c1d0a8d6f44,23074,23074
sample_0414.jpg,social_media,reddit,57fa4823cf6adcce62e6bec8f0cb413dd93b8098325331243a5518899775ac61,57fa4823cf6adcce62e6bec8f0cb413dd93b8098325331243a5518899775ac61,25128,25128
sample_0415.jpg,social_media,reddit,a8ad37b1a321ba0f685801ea706ee5731f83d93afb059a5c997f51fc12b8f43c,a8ad37b1a321ba0f685801ea706ee5731f83d93afb059a5c997f51fc12b8f43c,611687,611687
sample_0416.jpg,social_media,facebook,51510bad1be4f1858ad7848e0c4ee9c55c8fbb10585a94922cfc4fe7d6618654,322e7e3131a8a0c0af8faae03a18aca8d983963fc50cbfdd823a7e958fc26a88,44886,44344
sample_0417.jpg,social_media,reddit,7ea4eb53e9398c9fb22b09218f8dac63bc583b37263feac1deb9a005ea7f5cba,7ea4eb53e9398c9fb22b09218f8dac63bc583b37263feac1deb9a005ea7f5cba,43042,43042
sample_0418.jpg,social_media,reddit,b63f07c08a9fecfccf305e468485d03d084db71c02e27349bdad15693df05de9,a2cf9dd99580517331eb0f60a2a51a791d90ad0d3f733898b46118a0259f9e4d,129623,129057
sample_0419.jpg,social_media,reddit,b7ed8677acf39f1d4461c255810568b4cf5e37ef57ef788a19acdd10cf53d768,b7ed8677acf39f1d4461c255810568b4cf5e37ef57ef788a19acdd10cf53d768,98629,98629
sample_0420.jpg,social_media,reddit,255ef25a4b56de06270b09c89e60ce8f92c1d9f1f3c1ec48778246e69921b6f0,d3cd533998a43fa6fc34f9990fbbe857f3e616e46ee603d677738c9343978a28,193808,193242
sample_0421.jpg,non_memes,flickr20k,db73c839152cd1c051f85caa2954f70b4bd179ed06f475b420bfdc3322435798,db73c839152cd1c051f85caa2954f70b4bd179ed06f475b420bfdc3322435798,147094,147094
sample_0422.jpg,non_memes,screenshots,4b95d506d73ff786d7aef67e3dc668ef48f965db8be0779b322614d1d7081d17,4b95d506d73ff786d7aef67e3dc668ef48f965db8be0779b322614d1d7081d17,110691,110691
sample_0423.jpg,social_media,facebook,14f583626b4f70aacf85ca09522cba90fc2abf7221a1d3758ee0cfb2eaeabcb1,b1f46b2b4ea9a4e91984f0f0b98cd063ced851a44661bd4c7c98cd076071873b,28973,28839
sample_0424.jpg,social_media,reddit,e56debf5714f2b70cd4e32a309291a35eb455d1b24b9afb250b7f0b85400e0fe,e56debf5714f2b70cd4e32a309291a35eb455d1b24b9afb250b7f0b85400e0fe,59235,59235
sample_0425.jpg,social_media,reddit,3a894babf0d03b66dbb09a5bc1192082117346d960a621909d9fa915a6bfd8e0,3a894babf0d03b66dbb09a5bc1192082117346d960a621909d9fa915a6bfd8e0,70328,70328
sample_0426.jpg,social_media,reddit,79ee622244a948c12832dfa083e513c0cf48492a0c26c3cf827e8e7327ab14b2,79ee622244a948c12832dfa083e513c0cf48492a0c26c3cf827e8e7327ab14b2,43801,43801
sample_0427.jpg,non_memes,flickr20k,34b003937876a2aed42ca294da8c5f5f3f87fa44b5d85162e580c6f0e6af3140,34b003937876a2aed42ca294da8c5f5f3f87fa44b5d85162e580c6f0e6af3140,66317,66317
sample_0428.jpg,non_memes,screenshots,346469db732eb8beebbd179eda482ac7fdb5d6c2e4976cd66bd609c76270ebe2,346469db732eb8beebbd179eda482ac7fdb5d6c2e4976cd66bd609c76270ebe2,244525,244525
sample_0429.jpg,social_media,reddit,304ed15625c7630a7e245e0eb3dcffa7d29046b8b12c88e5269300f8ce1fe0e5,304ed15625c7630a7e245e0eb3dcffa7d29046b8b12c88e5269300f8ce1fe0e5,54503,54503
sample_0430.jpg,social_media,facebook,7a79b2b24ca22d59ef20fa7d70b6b1897495499e7849633ecdf6f8d71f4263e2,65e39500c95eacce7504c5b2774d97adf12792f4d53fa6b9571577d21ed4c501,60822,60688
sample_0431.jpg,social_media,reddit,c84b0386cb34a68eaf73bf42a1ca03b282ebe21f17cd01658a0d6bdcb8cc66a0,2d4257bfc6fbc7311e292a50c130598d34600f11e67816291b83bc1045ffaefc,132956,132846
sample_0432.jpg,social_media,facebook,73a58ef2a55f9c8c9c47456b41c888f1b49251d282842141b9c67b9f2b6c3ca5,2b7c74b433a839b4f8c9229396ec567234d0ba476ea64c59379e255525a16bf5,58992,58858
sample_0433.jpg,non_memes,flickr20k,1014008f227455a96be37dc2a5c7c937b6964d31d3756d3e91db510a6ad9ea40,1014008f227455a96be37dc2a5c7c937b6964d31d3756d3e91db510a6ad9ea40,137116,137116
sample_0434.jpg,social_media,reddit,1504b30d23f426d8cb95fe032b86464c301ae28941412ddd957d68dcdfcb9f90,1504b30d23f426d8cb95fe032b86464c301ae28941412ddd957d68dcdfcb9f90,119704,119704
sample_0435.jpg,social_media,twitter,442f3aab3f75c62ec5f3818a5e7ffba149be3dc5d07525d07c63b79ec66b0226,442f3aab3f75c62ec5f3818a5e7ffba149be3dc5d07525d07c63b79ec66b0226,50932,50932
sample_0436.jpg,social_media,reddit,44b4df59c18ac8ae2674e4ba27f4f3ec8c2a007d239977290d4f4ab1496f4c58,44b4df59c18ac8ae2674e4ba27f4f3ec8c2a007d239977290d4f4ab1496f4c58,604825,604825
sample_0437.jpg,social_media,reddit,1d0aa8c0576a4a879d878b59e9a4552f9cf4af2cb865738939c7bd7691819be5,1d0aa8c0576a4a879d878b59e9a4552f9cf4af2cb865738939c7bd7691819be5,35797,35797
sample_0438.jpg,social_media,facebook,b0f0f6c0ae3082d9082392b7d7f7871ecd7d20ba6717e7ddeb99ef9d45b9d21a,4b0d73bdafc2e3cafe40f7f74d0454d04ccf8a35305842ac9d3947e992ca6dee,45865,45731
sample_0439.jpg,social_media,twitter,771fba9b90bfe37b443a75c1be55998ff867280c26da6f8820bf905011910b87,771fba9b90bfe37b443a75c1be55998ff867280c26da6f8820bf905011910b87,28487,28487
sample_0440.jpg,social_media,facebook,3bd98ef6f3d773225f0efa566a2d7a31598b7dc5266fc66be721e7a6eab637e5,342adc38326151bf224174d7ba958a8a1a79984b2ef32a86d5095cc229ecc74c,44358,44224
sample_0441.jpg,social_media,facebook,b0316d394199caced6780861b8a67e3a8996ed566eab4b92aefaab9c02650d59,4af2cd3039b84d5fe71515ce693e66d06fef36ab5fe4df39522b4418ba266f7c,29189,29055
sample_0442.jpg,social_media,facebook,e0d8106bc9f28c656895fb82970954682be2b771902f22e5b7eda058cedd6df1,1aea852533a9b710b1e753d5dbb016dda6d2868fd4e6037f34769ea57da62b80,40910,40436
sample_0443.jpg,social_media,reddit,c6f5a6a977e312deb4725388fd66bc814742689b520833b2db80f3590803da79,18d333d86496d14df9b7951a3d365a568647acb80b3bc7093f05793db649f51b,33145,32579
sample_0444.jpg,social_media,facebook,5bb36865dbdc6dcac847589b0055ea5d0187b894d2a45819d9a5a7dc894566e9,eee9a677aa0881c798d1aed4f2a1373f0c823cc1f3225c0f70f24f9d94e271f4,29425,28817
sample_0445.jpg,social_media,reddit,58d9619835e37c639c2d7af1d58ca21bca6c19c1a65666937dbfb003da2144d8,58d9619835e37c639c2d7af1d58ca21bca6c19c1a65666937dbfb003da2144d8,46080,46080
sample_0446.jpg,social_media,reddit,33f692e2004f92b33b8bd721418e5c5b3ae4bd77b158840ce4abe9f80cf6e510,33f692e2004f92b33b8bd721418e5c5b3ae4bd77b158840ce4abe9f80cf6e510,45417,45417
sample_0447.jpg,non_memes,poster_downloads,ca19419c65541a84caccf39044441fa71ec90d3b511b79c8216c73126f8e5049,ca19419c65541a84caccf39044441fa71ec90d3b511b79c8216c73126f8e5049,20395,20395
sample_0448.jpg,social_media,reddit,9a0efc13c097a468ba0b823d9e5fe98ff28f2f4c560e903d784ef04afca1f5a0,9a0efc13c097a468ba0b823d9e5fe98ff28f2f4c560e903d784ef04afca1f5a0,51834,51834
sample_0449.jpg,social_media,twitter,6108a0b8f81e35cb2e297464494b7cb20a13d4bdebb01b23ec4073914da95866,6108a0b8f81e35cb2e297464494b7cb20a13d4bdebb01b23ec4073914da95866,19825,19825
sample_0450.jpg,social_media,reddit,5433df061b2e75c6109cf40c34efaae6fd389db0453775edf8bfde8506c2332c,5433df061b2e75c6109cf40c34efaae6fd389db0453775edf8bfde8506c2332c,19532,19532
sample_0451.jpg,social_media,twitter,fba8af8f97fa04989bf343b1f8333becc1f9dac8a78a95ecbc95eded1bf9cbd9,fba8af8f97fa04989bf343b1f8333becc1f9dac8a78a95ecbc95eded1bf9cbd9,50621,50621
sample_0452.jpg,social_media,reddit,c9dee9f82c86cd7141d29e54f90566ba7796871b7d3d6df4993f92bf9f2eafb0,fa53fe3b9358a55e14846e4fed0b3fbadd113be58bdda2a0b3994eca315421ed,14096,13986
sample_0453.jpg,social_media,reddit,e5bc44ddd2a7e0fa45edfe76d4ace47f6bee1836d4410021580d18fd9d34336d,e5bc44ddd2a7e0fa45edfe76d4ace47f6bee1836d4410021580d18fd9d34336d,13229,13229
sample_0454.jpg,social_media,reddit,7517ad1130ff3b54dbbe4738534dfdd7b7cd43cf20f28ec85a41d2edc5fe4b49,8286d0e8ee2f87ef2c31d187b645e6adc9376638b0edff21d2acde32cbb98b49,85009,84443
sample_0455.jpg,social_media,twitter,a4bd556696dba9259931a38765858013c87ef7f50c8bf986d6bf56ca1ae2d8c4,a4bd556696dba9259931a38765858013c87ef7f50c8bf986d6bf56ca1ae2d8c4,68097,68097
sample_0456.jpg,non_memes,screenshots,ec8678fd6c5ceeb0067816c9fea647e59c773ef9e59d1293096d623a4cf1a35e,ec8678fd6c5ceeb0067816c9fea647e59c773ef9e59d1293096d623a4cf1a35e,136422,136422
sample_0457.jpg,social_media,facebook,ef33a6cc3407b2a1b7c47c72b50abedcf68ec0cb6affef2ab94f2e6db2d2985f,0d1784de87623745c86e97a7dc587642615df3f201734f3319f87370701bf140,11140,11006
sample_0458.jpg,social_media,reddit,0148b53745385b66f5f0522e727b9af8b9f393cbb95f03b241d95fe37e440447,0148b53745385b66f5f0522e727b9af8b9f393cbb95f03b241d95fe37e440447,226441,226441
sample_0459.jpg,social_media,twitter,94db1620b61632f5aca8930300707d8d7291493ddc50ba95de2576591dbeb814,94db1620b61632f5aca8930300707d8d7291493ddc50ba95de2576591dbeb814,250184,250184
sample_0460.jpg,social_media,reddit,06bff56c3d2f35b46fbdbdb86f3f9e89751a625b1b654a72eb18ae038286aaaa,06bff56c3d2f35b46fbdbdb86f3f9e89751a625b1b654a72eb18ae038286aaaa,182699,182699
sample_0461.jpg,social_media,reddit,b4b43df0342eca327252b765f785f0847ad0af08ba52480ce526f12a7c5f51c9,b4b43df0342eca327252b765f785f0847ad0af08ba52480ce526f12a7c5f51c9,76675,76675
sample_0462.jpg,social_media,reddit,f78c498796fdeaa2b42a7fab4cd03188d8e820779c360966c8a3d7d81d88a9e4,f78c498796fdeaa2b42a7fab4cd03188d8e820779c360966c8a3d7d81d88a9e4,24752,24752
sample_0463.jpg,social_media,reddit,a1b87bc8cda3e9bb7e3bd077954b42fda067fc9aa5bb337118a853220fac7641,822f5ff2625ba706dc89ceab300bde6e3f6c401fb91ccf474d6da316c2202eba,359317,358763
sample_0464.jpg,social_media,reddit,0192369400a58107c268b7a428d75cc22ba23013a9f82ff2decde4e9978422bb,0192369400a58107c268b7a428d75cc22ba23013a9f82ff2decde4e9978422bb,44665,44665
sample_0465.jpg,social_media,facebook,22c901b9228f9c7c811d9acc7771bf28c18b4101ab6d8fbf050f81d30d85383c,c672bc02ff33d5335028ba944a2a53e9f115ca10c3d98ca1305c9ffdced4dfa5,36972,36776
sample_0466.jpg,social_media,reddit,de5e96eece78cde6141b77d567689fd4c2026b9c2803e3bd8caa9d49e98d7a21,de5e96eece78cde6141b77d567689fd4c2026b9c2803e3bd8caa9d49e98d7a21,36062,36062
sample_0467.jpg,social_media,reddit,c807273befd11cc74cca8957c656419b689aebb6f7ad1f54fa0f4179d2948433,c807273befd11cc74cca8957c656419b689aebb6f7ad1f54fa0f4179d2948433,246245,246245
sample_0468.jpg,social_media,facebook,560887240585d42a71aa95c0700962051991aa93ee42b707df1250627a2b0950,a8292112f6ddd82482816b6bd0b44f2338b9caa0582d036a7708c8e5af47c16a,54173,54039
sample_0469.jpg,social_media,reddit,2ed5ee4803d80aaf2ab6661e1f8c32df0bf9f88f4aea4e9b14c93dbc54186cf9,2ed5ee4803d80aaf2ab6661e1f8c32df0bf9f88f4aea4e9b14c93dbc54186cf9,102216,102216
sample_0470.jpg,social_media,reddit,69c3fd14396703d6ebf3da27f29b2e9b7d20463a3a1ecc19f3a6f6b090dbec2e,d0134b87bf119390d6656e70c3501cdd68a8e1c844983292b7abe739179db0ca,64009,63443
sample_0471.jpg,social_media,facebook,cd9961094caf9549f259cf5f78178d7d1add490256ea105210e2400f6c873948,794105518b987f25f8cddfb6d5d82d56dfcca9c10f9761f10735426c0284109e,90918,90760
sample_0472.jpg,social_media,reddit,4e2b1324ec7f7c4153561871afc88956a9f577abca13eb6008563c0cbeaee85a,4e2b1324ec7f7c4153561871afc88956a9f577abca13eb6008563c0cbeaee85a,198060,198060
sample_0473.jpg,social_media,reddit,f8e9dcae585b08d0c310c6e2476fd404793774d33e28a6d1095adb7ca8ae618b,f8e9dcae585b08d0c310c6e2476fd404793774d33e28a6d1095adb7ca8ae618b,215907,215907
sample_0474.jpg,social_media,reddit,a7c7f13f2279bb3d8e933cec217ce2428e5c681e2f06b824835c57e055edfaf4,a7c7f13f2279bb3d8e933cec217ce2428e5c681e2f06b824835c57e055edfaf4,147622,147622
sample_0475.jpg,social_media,reddit,c1cc9cfbd5e7f575eba561ef01e355d5f6c808d5085ce39307692268ef65aae7,c1cc9cfbd5e7f575eba561ef01e355d5f6c808d5085ce39307692268ef65aae7,431646,431646
sample_0476.jpg,social_media,twitter,445d52c031e877bb292f545cd20370323c4d333e97669bebc997d9bedeafceb7,445d52c031e877bb292f545cd20370323c4d333e97669bebc997d9bedeafceb7,51913,51913
sample_0477.jpg,social_media,reddit,05ce35b6b1ffe1a19e1f3641e1f77e5871d836edc79f5af9de5ec692f2811278,53fc3f235847cf39cd02d37b232f1255427c51570676e2bc771bac50c4ceaf15,73803,73237
sample_0478.jpg,non_memes,flickr20k,827575db657b6a3595c17cd5330e4a27b75b95282e3bd5d464628e5799e36050,827575db657b6a3595c17cd5330e4a27b75b95282e3bd5d464628e5799e36050,152169,152169
sample_0479.jpg,social_media,facebook,af7af99dcbab074183cf24c8cbfd9b565b4ab0da99a3ce5a8b70ea4db4399d0b,3fdc3b4b53bc73de33b24f6e436287a42def56139fa9557a3fd87bd03d639ee6,55989,55831
sample_0480.jpg,social_media,reddit,953540c5f20af1d296f443b45037e7b0ecef46eaa827a7f64bf15e1fa7aadd6c,953540c5f20af1d296f443b45037e7b0ecef46eaa827a7f64bf15e1fa7aadd6c,86483,86483
sample_0481.jpg,social_media,facebook,b2821cd035690ce50811d7235ba683bd571c0e905104924518a42f4b14f4a5e5,a8e53a2af3a09d1756885cd340f70ea92e7c4618be234e456f6ed8d2a7b18c8a,31790,31656
sample_0482.jpg,social_media,reddit,b236795ae614a00e6f92e7049fe83a29b27298a2ae6f2bc48ef97ae0a6a05f78,b236795ae614a00e6f92e7049fe83a29b27298a2ae6f2bc48ef97ae0a6a05f78,175965,175965
sample_0483.jpg,social_media,reddit,a7523d820e9427d2966b91e623c17ad5e2aa1abb24556bb21ce3cb5b50d50986,a7523d820e9427d2966b91e623c17ad5e2aa1abb24556bb21ce3cb5b50d50986,56432,56432
sample_0484.jpg,social_media,reddit,3e8643ad6189967a7f3018544a8fe6ef5a2d93e2a8ca899484b8ab04af4d777d,b5f3716f47503a675bbd66da8ce8e6009c13efb4b6bb2725dd357714062e4957,31053,30499
sample_0485.jpg,social_media,reddit,b1318b3fb55e5a1099ab6aa5a0aa4a3603b5e05ebf11e3422a9c3e30d40d65a0,b1318b3fb55e5a1099ab6aa5a0aa4a3603b5e05ebf11e3422a9c3e30d40d65a0,220123,220123
sample_0486.jpg,social_media,reddit,e064cfea058b5f40f3d3ef5f281badb028282ee6c3cded8f253e2a1251aa63b3,e064cfea058b5f40f3d3ef5f281badb028282ee6c3cded8f253e2a1251aa63b3,60998,60998
sample_0487.jpg,social_media,facebook,03d8c6c1bd0e71e8bd16413c3bc1890bcb0d7f42a01c720620d489603d590acd,402bbe3724d45206c880b21ba14bd6579053fef578f997612bd04896fb8a1a69,45409,45275
sample_0488.jpg,social_media,reddit,339f73b88374799f84f13b86c3c9ed8da034e59810b1d8e0074c889fcd9cc8a6,339f73b88374799f84f13b86c3c9ed8da034e59810b1d8e0074c889fcd9cc8a6,355652,355652
sample_0489.jpg,non_memes,screenshots,cc579b1e01ca6a66d7106ca7775964389422de7957acafdf6a604d3d9b1c2ff8,cc579b1e01ca6a66d7106ca7775964389422de7957acafdf6a604d3d9b1c2ff8,142069,142069
sample_0490.jpg,social_media,reddit,507acfbf56cc37513366382ed9171cf300be7be4fcbb7a576ce9206b69a0dfda,507acfbf56cc37513366382ed9171cf300be7be4fcbb7a576ce9206b69a0dfda,89485,89485
sample_0491.jpg,social_media,reddit,2a858d6dacc031c04e12bd95c3ff934ac5ec01e850d4ab7c43e317ec4e6b71c2,2a858d6dacc031c04e12bd95c3ff934ac5ec01e850d4ab7c43e317ec4e6b71c2,259426,259426
sample_0492.jpg,social_media,twitter,d0dee1671dd1cbbc1694056e4ab756a41033ae4933d025b0b141be3e84e6335c,d0dee1671dd1cbbc1694056e4ab756a41033ae4933d025b0b141be3e84e6335c,37896,37896
sample_0493.jpg,social_media,facebook,aa4c430178a6dc3efdd414d1807e53e2d2cf811c1909f25ccd8f691764185d40,b6e9cfa80055dd89fd9357b918cf61048e5709ec95d912ff0eaee4b3b5fd8152,13776,13618
sample_0494.jpg,social_media,reddit,75f32f287d24f5253d271c13ab97cd9d26aca0a3acfa39eac1f15a4c00a36c6b,75f32f287d24f5253d271c13ab97cd9d26aca0a3acfa39eac1f15a4c00a36c6b,46978,46978
sample_0495.jpg,social_media,reddit,e894f2b56783af2bb21f5ae59a2e08d137732497330240a5d888d45829febca1,e894f2b56783af2bb21f5ae59a2e08d137732497330240a5d888d45829febca1,394039,394039
sample_0496.jpg,social_media,facebook,45b678e63c62c8f876cd608b2ac70b41db6c56b1d78acee75301a7538940c4ee,5e59b3590b80329becf9c7e32ded6b80f0b83a3a2d13458a3bc03a9e212286fa,31192,30718
sample_0497.jpg,social_media,facebook,169e57f9ffca8eafa55890dfe418871e126e97a9bf731c0cb086af633b76f0c7,dc5b9afcd6dd23d4546ec37838a397b3b46676261de6c7754b762c0d02299ae7,43296,43162
sample_0498.jpg,non_memes,flickr20k,0eca9df270ccbcebbdb1c40542a71bc4132aa63165b85fcab669d8f09a8a1b09,e1da7e3c43a860d865bc0baca62d473447eb406cee5b4bf2505db2f2a9fb95f7,180101,171447
sample_0499.jpg,social_media,reddit,c948f971ff733511b2eeacfa2901a1e55669e5766698f385e37952cda1ff1c71,5804e0fcf86eaf5ae538058d64cbaa1303c9d3eb17a84da4ebb22fb5457cb872,88561,87995
sample_0500.jpg,social_media,reddit,ade80aa3a13dc28ba7f64e1ad1c5bece05263f45d4b5d95a93a0b18daa70975d,ade80aa3a13dc28ba7f64e1ad1c5bece05263f45d4b5d95a93a0b18daa70975d,205203,205203
sample_0501.jpg,social_media,reddit,1be226efee251fac76c7051516541134e6a2b439e24ecc181132a26f349e5b21,1be226efee251fac76c7051516541134e6a2b439e24ecc181132a26f349e5b21,28716,28716
sample_0502.jpg,social_media,reddit,bc080dcc19175c5185746ca0b501fa56899d8ab599315e59928b5f49869bdd61,bc080dcc19175c5185746ca0b501fa56899d8ab599315e59928b5f49869bdd61,43451,43451
sample_0503.jpg,social_media,facebook,9405f68cb1932a0e576e8cd3d8d170bb3d380d9aebabd356778d9a76da827c73,88977da525fa5e691414ddc1d1ad3d2ef6cf390bafc0579fb5bc4ec28efdb105,32704,32570
sample_0504.jpg,social_media,facebook,3e7cb02a27060b0053869bd132490766bac6a32ca410b376010203e9a7c01bb2,a0fe6362384bcc5e564b0f8930149fb8a90ad98b8bfb46547406db95ad4a6fb7,27087,26953
sample_0505.jpg,social_media,reddit,cdf03a3bbdfd5e394198054b166010bcaa7e0a8fda144ea02e78612769f4b579,cdf03a3bbdfd5e394198054b166010bcaa7e0a8fda144ea02e78612769f4b579,88981,88981
sample_0506.jpg,social_media,twitter,3a8bba68df051c443c1e9475cbbd6982ae848f33dfdfc3f84a312b8b591abbbc,3a8bba68df051c443c1e9475cbbd6982ae848f33dfdfc3f84a312b8b591abbbc,52138,52138
sample_0507.jpg,social_media,twitter,bfa7f4a63e89e21973cab7c15e4f539edd5aeed3489ddffa8c3fac8260c1a5e6,bfa7f4a63e89e21973cab7c15e4f539edd5aeed3489ddffa8c3fac8260c1a5e6,160809,160809
sample_0508.jpg,social_media,twitter,d2b06d8011ada0bd1d6f10ae064bb8f418a3bddc99105883711eb92eba937570,d2b06d8011ada0bd1d6f10ae064bb8f418a3bddc99105883711eb92eba937570,1142,1142
sample_0509.jpg,non_memes,screenshots,0fe9f455d0095560634539b25d367392a13663fce9939b7a3b8290c791f4cb83,0fe9f455d0095560634539b25d367392a13663fce9939b7a3b8290c791f4cb83,87529,87529
sample_0510.jpg,social_media,facebook,d6be037617273c457b6cfee8911836a6da3b4ee73fd937f72890df15f7343057,285e1f0e87b4090b127bc9b83102a00f40cb5a9e005456a1749849d43e4068d8,44395,44237
sample_0511.jpg,social_media,twitter,838f538ec488491f6940ea48ef39c0b80690be4a316bef82baf7ad36d189e787,838f538ec488491f6940ea48ef39c0b80690be4a316bef82baf7ad36d189e787,46337,46337
sample_0512.jpg,social_media,reddit,7488ee51d4889c89e3a6e4902f9187131c52cba37f915930692e2558dd82e5f0,46a332ef3485ab7609ea85de9eafa67b8de7b7d416f14d1700b39e97bb7accb9,49472,48906
sample_0513.jpg,social_media,reddit,3e37bb28206290e28590f2b05aad863d20b45cf0941b24910bc5371bf4b38a76,3e37bb28206290e28590f2b05aad863d20b45cf0941b24910bc5371bf4b38a76,469393,469393
sample_0514.jpg,social_media,reddit,65a9668280ef2e41064ffbfe9ce68275f14182e3a4932e2cbb8c904371c7ddf9,65a9668280ef2e41064ffbfe9ce68275f14182e3a4932e2cbb8c904371c7ddf9,74024,74024
sample_0515.jpg,social_media,reddit,3621bb25f59dafb5a16cc9d12ac63da1aac3bf1f509ba344afa1985f9c4aeef6,3621bb25f59dafb5a16cc9d12ac63da1aac3bf1f509ba344afa1985f9c4aeef6,97960,97960
sample_0516.jpg,social_media,facebook,547d9b63def96540723f0c58ad6107ca0c057771c639a4b07aeac4d96e7bb5fa,cb4f096b58f51912ddf37716fb77bbc4611035a1de76d36c8f150eacc3534fac,62745,62611
sample_0517.jpg,social_media,reddit,19779498c8c8b6c7e3cac634a80238d4bb795b538a2b63c60e8c5c3213835181,19779498c8c8b6c7e3cac634a80238d4bb795b538a2b63c60e8c5c3213835181,112793,112793
sample_0518.jpg,social_media,reddit,3e9016d3f54d85d113f76c19e9947f68c4b2d4812bd5971d9f284029365702e0,3e9016d3f54d85d113f76c19e9947f68c4b2d4812bd5971d9f284029365702e0,41084,41084
sample_0519.jpg,social_media,twitter,31f95d59c4e3b8ae10830a40cf6f4343e2af253ef39ef7b3d5b25823e9d2939c,ec9242f8c48b141b6891690704912bd4f10cf678d8b4ea0cf7ee885482821206,27523,26981
sample_0520.jpg,social_media,twitter,ff57bb2fbef17b2e9fde16b904799c515b22547a548c8433ef86018992102c64,ff57bb2fbef17b2e9fde16b904799c515b22547a548c8433ef86018992102c64,65301,65301
sample_0521.jpg,social_media,reddit,f48bae90cf1158a993ba5ed6c0ac5fc6fb270ef349eec308dde4d180835e56cd,f48bae90cf1158a993ba5ed6c0ac5fc6fb270ef349eec308dde4d180835e56cd,38608,38608
sample_0522.jpg,social_media,twitter,7cc0988294c6379fe1c151a611fe6fcc4f4b59d5d042ba4bb9f7c3eabe780d3b,7cc0988294c6379fe1c151a611fe6fcc4f4b59d5d042ba4bb9f7c3eabe780d3b,84750,84750
sample_0523.jpg,social_media,facebook,ef75ed258cafa93dd0715c2eee9c8e2ebf6573fbc11c40509e4dc7e20305c00e,1107b133fe1180e535e536f7888629b395a3ce1f32ec0ec22b0f50a457aef760,45959,45825
sample_0524.jpg,social_media,reddit,2c9b869f41b884ba673a7149abab5690dc6c70ed307553debf678f49d4014829,2c9b869f41b884ba673a7149abab5690dc6c70ed307553debf678f49d4014829,48152,48152
sample_0525.jpg,social_media,facebook,5dfa8e9dac31ee36e68453dece3e3d76bb2b984d917d88344120b12c8acede62,94d463d5312ab9b64081e20631849915d73c33b6b07545f83dfb62bc3271774d,6583,6425
sample_0526.jpg,social_media,reddit,1c914d425f962590590522a32d66688956a2b316153c1df2456ba3a7ad8abde5,5e22efdd255a169c967a699d7a976346825ed10c1133e8f992c5310c5c693a2c,102919,102353
sample_0527.jpg,social_media,twitter,a666ac92b1a16fcf653a9214388e9e1039faa4d673dba13356880b551f90468f,a666ac92b1a16fcf653a9214388e9e1039faa4d673dba13356880b551f90468f,6008,6008
sample_0528.jpg,social_media,reddit,1a0c5e75bd0cf538b6c7041747297c625f07862d0702fd8bd05a3f036fc893b6,1a0c5e75bd0cf538b6c7041747297c625f07862d0702fd8bd05a3f036fc893b6,50985,50985
sample_0529.jpg,social_media,reddit,c5bc223c346954f80d0824527216ffa67791071fd70309d5eaa6b9b0fb012b7b,c5bc223c346954f80d0824527216ffa67791071fd70309d5eaa6b9b0fb012b7b,122217,122217
sample_0530.jpg,social_media,reddit,df555f05f60cfdb63daf6ed02fd1d4f670d9dd481da23c25224cc70fa51e58aa,df555f05f60cfdb63daf6ed02fd1d4f670d9dd481da23c25224cc70fa51e58aa,173532,173532
sample_0531.jpg,social_media,twitter,d17ce0fea22ed704843cb8fc0e6d0d7a178a2d6abcdfa252b8fc640bca0e6153,d17ce0fea22ed704843cb8fc0e6d0d7a178a2d6abcdfa252b8fc640bca0e6153,48679,48679
sample_0532.jpg,social_media,twitter,c5dd9833706d16ed7f2fa9df5a0b9e7d09bad58d58b274dcf75c78f5505e508b,c5dd9833706d16ed7f2fa9df5a0b9e7d09bad58d58b274dcf75c78f5505e508b,160411,160411
sample_0533.jpg,social_media,reddit,9e7ccbc5ab736a7a32f49511878a7ec435b83e3541dea5b8b151f23c1e7ba338,9e7ccbc5ab736a7a32f49511878a7ec435b83e3541dea5b8b151f23c1e7ba338,68621,68621
sample_0534.jpg,social_media,reddit,718e84304a2e4bc8036ea9e99a019df46ff7b4bac99ef7a6553d128a67235120,718e84304a2e4bc8036ea9e99a019df46ff7b4bac99ef7a6553d128a67235120,764521,764521
sample_0535.jpg,social_media,twitter,8cb39750ab382e83e440ffb35a3ed5141111f6c4165a5c649cca34f924ac797a,8cb39750ab382e83e440ffb35a3ed5141111f6c4165a5c649cca34f924ac797a,327647,327647
sample_0536.jpg,social_media,reddit,e94019350ea1a681804952bf2eea8e1a95a34e8b94f7e3cec9e11e3866003eb1,e94019350ea1a681804952bf2eea8e1a95a34e8b94f7e3cec9e11e3866003eb1,32003,32003
sample_0537.jpg,social_media,reddit,d2057d6333659a948d7c8f28b478cf2372ea5cf84c356229e53c73c410b469f5,47b3a6baac81229500c849af33050f99bfa8ec040adcdcf0182b0b112302e011,243792,243226
sample_0538.jpg,social_media,reddit,ace248dfac18b08ff566ecc7b71e0aa9f85f368a9519c7c5e49c411777bbffb3,b97f5850cfb464f7a5a9ede5bd1c7174cc442a0b81fcdef7b78eac25d94a7dd8,11013,10447
sample_0539.jpg,non_memes,screenshots,a1cc90e4d3933e273c753c7d058d76f575ecad3411fc93fc5b012c1c76600f87,a1cc90e4d3933e273c753c7d058d76f575ecad3411fc93fc5b012c1c76600f87,27877,27877
sample_0540.jpg,social_media,reddit,d0421aa136cff35eac0cc1b35c29e325f34c7d9360e0a28a6c34d3be4e86a33d,72bcfe07bc3004ee598403f22320c0f69a6e57809704dc29e218f3a20aa98501,29665,29111
sample_0541.jpg,social_media,facebook,018ee247dd10691b266826149a0ed6624b6dba6dbfd633167f44b2bda38cd561,eab1fd7a99126e43bb13699fad93619438f123cb45269243d97ae8e94ef4b97c,28043,27909
sample_0542.jpg,social_media,twitter,13562173adcc67de84b3c2381b22d5de30a1cbbab5879ecc06ed81a492e7c0ce,13562173adcc67de84b3c2381b22d5de30a1cbbab5879ecc06ed81a492e7c0ce,38938,38938
sample_0543.jpg,social_media,facebook,a058ce76ee8481ca3b2409d1f79fe182696cabd145646f2b70d15b351d886023,32b8c62d2aaa0b23993747586f688dc23f342d388c855b1d632bef33fea85dc8,49045,48911
sample_0544.jpg,social_media,facebook,1e8b8f4d26f153d0c83c6494b3639f6f24dfae2673516c8b649fa427a093029b,1cd7efaca4643971a01fe4472d6fa7e813422ca4ed2f60e384609537998c4a37,18653,18519
sample_0545.jpg,social_media,reddit,6ba4aaf93d51d80f03dbf291cf45f49a4a4e5d1b1a2a35a52c14f29775ab6478,6ba4aaf93d51d80f03dbf291cf45f49a4a4e5d1b1a2a35a52c14f29775ab6478,238612,238612
sample_0546.jpg,social_media,facebook,dc48e508beb0ccf95f8e3e7404b1575104def6c99b17c9d36c52ff09243307bd,3a4fc4a4073630fc9c077b02ac72bc82fc57b11585503f8080a4882145f1e194,22265,22131
sample_0547.jpg,social_media,facebook,86fc3925d13c2846a7b9028b7ff02ff1c50ed0487a61defd91a756ccebc81980,f295e9d2cd8dd2504cee83894ef4c093efb075688f7dbddec836ddb31c97a3ae,51009,50875
sample_0548.jpg,social_media,reddit,dde570ec04772b2d4d85c0f7a3fec085f2af3ed3c452a7fe22113710565656d9,3a2f9779889e9a713bb1bac7c1652d71ab9a1ca272917ee0b2ad94c788972bfa,155207,154653
sample_0549.jpg,social_media,reddit,410af4df8a6df43c9c1c29309b61696f3b1c16113b8820989ec818877148fe7f,5f83978b90e114a3dda9a280fc233de27414353233599af3e1e9a3e849c36e64,42431,41877
sample_0550.jpg,social_media,twitter,cce1b1b6681e6df78b6c4d0ad357a997ce7ffe4f41de9cabd4c33d93ee250362,4649526c273c78b298cc77180d5183fa3faeb14bf96386b1f367b27b739d4d95,54863,54297
sample_0551.jpg,social_media,twitter,14ff174f53cd92f9d98c65b406ef05e82b97990261d4f81fa0c02a52fc975626,14ff174f53cd92f9d98c65b406ef05e82b97990261d4f81fa0c02a52fc975626,35988,35988
sample_0552.jpg,non_memes,flickr20k,d765d5974d4b65dba6852b1d96aa7e5d286cbd8b68b0ea17d815e9fdafbbc3c3,d765d5974d4b65dba6852b1d96aa7e5d286cbd8b68b0ea17d815e9fdafbbc3c3,66724,66724
sample_0553.jpg,social_media,reddit,506c14a7a3b32b465391235915c4af7948d538cd9b24d2b3a575c5de1edb2e68,506c14a7a3b32b465391235915c4af7948d538cd9b24d2b3a575c5de1edb2e68,43047,43047
sample_0554.jpg,social_media,reddit,efb6e02a2d19bdcc620cb95f616ecfbe040bbf4d85b3aaa0f098642d36cfc69f,efb6e02a2d19bdcc620cb95f616ecfbe040bbf4d85b3aaa0f098642d36cfc69f,271986,271986
sample_0555.jpg,social_media,reddit,533054018db34d7551df1b31b472827471552d27a30fee3b19a2073f9ee644bf,d660d8dae4bb1058867094b66977921b43c42da2be90d99998dfad0e7e69b798,30029,29895
sample_0556.jpg,social_media,reddit,36ad011315eb0eec0881d64f365215ba9257abaf3482a80d1f481027534e0c18,c20116e851b416b4f80724cbdb6d19d691f184915db4185a90b59923baf1a2e8,184518,183964
sample_0557.jpg,non_memes,flickr20k,170053617e4f882870a05d0e0e0134e8768b4f1fc05918200f2ed20f3b673b53,170053617e4f882870a05d0e0e0134e8768b4f1fc05918200f2ed20f3b673b53,95075,95075
sample_0558.jpg,social_media,reddit,ce220fb2a39c7cef67cf0e3ff2f17b1f845cfcc5067386f101ad269533c7a002,ce220fb2a39c7cef67cf0e3ff2f17b1f845cfcc5067386f101ad269533c7a002,36245,36245
sample_0559.jpg,social_media,reddit,51396eadb3f194b435ac8a350b58f6542a25b61633003641c8e170e0aeea87bd,51396eadb3f194b435ac8a350b58f6542a25b61633003641c8e170e0aeea87bd,144677,144677
sample_0560.jpg,social_media,reddit,68356a9ac7a5c49ff351a518acc2590a88232a225d1fa18138e09bcd3c55e170,f3dc930a2aafa7d499cf355b453ec7138ec3ca0e69b93fbfef2463e16d00c4aa,126897,126331
sample_0561.jpg,social_media,facebook,b43e16d644efe38b50065e9a60da30f683190d8a9dee9e9757612fb0ccf1f95b,03a4bfe74c005734a02b542f3fd2bb8fee935956e7019d73693a675f12fee9bd,59415,59281
sample_0562.jpg,social_media,reddit,086693b028405382ded211f16bcd84ebb15a2a8fbc2b9c73f639b1dba603df29,086693b028405382ded211f16bcd84ebb15a2a8fbc2b9c73f639b1dba603df29,15325,15325
sample_0563.jpg,social_media,twitter,976466a0c3635d25829ba5f53f8cddc5a62307063d234bfc428bf29922ec963c,976466a0c3635d25829ba5f53f8cddc5a62307063d234bfc428bf29922ec963c,41602,41602
sample_0564.jpg,social_media,reddit,bb07d42b6949b4c15e48baaaf2be400c55ce7a330a7f31b5a85b8c8860d6fe16,4e44d1eeb34c8417193328a91f7fa4e3826972729a20779d437e12974f11f236,43504,42950
sample_0565.jpg,social_media,reddit,3bf75042acf66dee3213278ad03d8021075e3135b998a604cf2d78121721d2db,3bf75042acf66dee3213278ad03d8021075e3135b998a604cf2d78121721d2db,38371,38371
sample_0566.jpg,social_media,reddit,cef15780462999edc8aafdc0dc4c3ca4bf830f373af356f8bbc34864e9cc99d8,cef15780462999edc8aafdc0dc4c3ca4bf830f373af356f8bbc34864e9cc99d8,62407,62407
sample_0567.jpg,social_media,twitter,5fe527025321750166e917ec403eb1114da12bc10fe925f782850d6c0f26c53b,fc4d3f99f92fd6e28073d197ad666f6baed707bad874136449012c7aeea9d2eb,34212,33646
sample_0568.jpg,social_media,reddit,ea1ad2a828e914b3f6d9869282dcccf94afeeec267b3b9575f3e50998c1db31a,ea1ad2a828e914b3f6d9869282dcccf94afeeec267b3b9575f3e50998c1db31a,65391,65391
sample_0569.jpg,social_media,facebook,c8a76c87729cacd03bd56d1f062127417b84b649eee5647fcb413bbfb5a1b333,f461b1d833f178ef7bed26c62c8e87680f2db3cfd83ade758eabcb7189f0c870,45101,44967
sample_0570.jpg,social_media,reddit,e841450f8a5e5d6a6dd19a5ec7d799a48d0050923ecc23491ec4db795345c8b6,9baf33ccc32a23e8ebcc2a499f5b54943e73638dab72110cbfa9dd3afd8cc163,208569,208015
sample_0571.jpg,non_memes,flickr20k,e0f75655177ae2945472eff5411fede6d0e6aa4d6c32d8204ececc7f1efba0c9,9cce6c52ca0a30f853c22c8ee47f5d5646cd49f7e595843ca1dd0153576e4d6a,175819,174483
sample_0572.jpg,social_media,reddit,4856806efafa26cbb3abb4a4ec54787dae1e8022b46bd294106b9e17bb433f7a,4856806efafa26cbb3abb4a4ec54787dae1e8022b46bd294106b9e17bb433f7a,68866,68866
sample_0573.jpg,social_media,twitter,8a1bbf62ceb51e80e6119b01e671fdb197c3b5427eff6dc44a8ce04fa609b671,8a1bbf62ceb51e80e6119b01e671fdb197c3b5427eff6dc44a8ce04fa609b671,125371,125371
sample_0574.jpg,social_media,reddit,0bc04ae68c1558e4d865b08a19ac1199ffca9ec0c299f74cafe882bae65fa012,0bc04ae68c1558e4d865b08a19ac1199ffca9ec0c299f74cafe882bae65fa012,505901,505901
sample_0575.jpg,social_media,twitter,acc6e31b2340c9f6ef0761124435fdd38c7c3280c2e209ba0eec40678fbc6b01,acc6e31b2340c9f6ef0761124435fdd38c7c3280c2e209ba0eec40678fbc6b01,52662,52662
sample_0576.jpg,non_memes,screenshots,4a7c648bcccca05dcb9c969831404a9cb7dd6477aef8906797b73102e92106ce,4a7c648bcccca05dcb9c969831404a9cb7dd6477aef8906797b73102e92106ce,115579,115579
sample_0577.jpg,social_media,twitter,c5c5498c26ac8af3ca3095cfb76272b45e3231aa4dc8c34d05846da122ed8c0b,c5c5498c26ac8af3ca3095cfb76272b45e3231aa4dc8c34d05846da122ed8c0b,31793,31793
sample_0578.jpg,social_media,reddit,0394bdbcc4bea2620c5bcbe0ee6cdc83b48d0046d7ca937645e426e8101ba4a1,0394bdbcc4bea2620c5bcbe0ee6cdc83b48d0046d7ca937645e426e8101ba4a1,99827,99827
sample_0579.jpg,social_media,reddit,6a24925c9df874d8c3072e33a178f62618dd59005787d729e3277b587cca6a5d,6a24925c9df874d8c3072e33a178f62618dd59005787d729e3277b587cca6a5d,353651,353651
sample_0580.jpg,social_media,reddit,1f36a75f3bedcdbf10047b9e640428c81199400adf519a1f5d259b05e1129caf,1f36a75f3bedcdbf10047b9e640428c81199400adf519a1f5d259b05e1129caf,183843,183843
sample_0581.jpg,social_media,reddit,b868c41ff444722f77dc39f1c3e3b90bd4a6567eb0e379b54caaadde6fbdc925,b868c41ff444722f77dc39f1c3e3b90bd4a6567eb0e379b54caaadde6fbdc925,151971,151971
sample_0582.jpg,social_media,facebook,91e9615647667f969a17dbf9656d35f4933ae43346706e627cf27f0bdebba482,6cd09c09d29abfec3fa33a984dc8afd2f3bfd963a8e30e3ca8dd8e23ceb4b836,38196,38062
sample_0583.jpg,social_media,reddit,4ce67f7a233d0db6b2d2f930263ee0af77c41fc0c0e575cf5032ed2a176a5392,791e942c72d49c8b7dacaf4370b66219862ac06819ecf2f9600d6a23537546f7,26142,25452
sample_0584.jpg,social_media,reddit,917665fc42342785a8192e0b33ca7ce3b36e5b96104965ef47a64549c6c5596b,917665fc42342785a8192e0b33ca7ce3b36e5b96104965ef47a64549c6c5596b,43844,43844
sample_0585.jpg,social_media,facebook,2042ae915f60e12c1a1b41b5e099533423cbfd93213ba7af9cd1594543f89a9f,d577d73cd53fc96797f88a8deb2232edea647ca405c8af03679c2e189755249f,32911,32437
sample_0586.jpg,social_media,facebook,f878ab785bb214e902280614ccf8347e2026943a41f1616c9beecf5246c5ac5a,9b589c09ce4453c8f287f474052fc44c0ee07b71135e812b2b231655caf41bda,19353,19227
sample_0587.jpg,social_media,reddit,98af1c4c003fce39cc540798a7016d852ae26000d23017e90f8032beb79bf03b,98af1c4c003fce39cc540798a7016d852ae26000d23017e90f8032beb79bf03b,33110,33110
sample_0588.jpg,social_media,twitter,b376b0e69ca9057b304926b24175d987456df1ab6804d49dcef6bbd9dc7f1297,b376b0e69ca9057b304926b24175d987456df1ab6804d49dcef6bbd9dc7f1297,81441,81441
sample_0589.jpg,social_media,twitter,4578c4862f7cb570cf275b5fe1ce45df717239f74a088b9e67f3b67f02e09c4f,4578c4862f7cb570cf275b5fe1ce45df717239f74a088b9e67f3b67f02e09c4f,49456,49456
sample_0590.jpg,social_media,reddit,7bb6d46e9ffeaddda90cd147e34010d5c0156c2ef877ea2052115ae01775f370,42f1849fd933cf6292f2fdd0e9b3ab1317c5e5d4d250fcc12eab1dcbc6e9ea7a,39902,39336
sample_0591.jpg,social_media,reddit,fb90522273ba073f096f50ffd2cb142f610a0e34a601576a38365e90f557e6f3,fb90522273ba073f096f50ffd2cb142f610a0e34a601576a38365e90f557e6f3,106768,106768
sample_0592.jpg,non_memes,flickr20k,67dc0e6603af1b0c98f9632c6ac152b025af079f39b003db0ad784e0562dcf45,4e0a84d2de15c45c9ec1acf0899ae3632013d83cf29cacd2262d4c51a135688c,176869,147247
sample_0593.jpg,non_memes,screenshots,37ab9fa5d18184478a74c9d57f03a6caee972214d47440266266f4c68f46e4bf,37ab9fa5d18184478a74c9d57f03a6caee972214d47440266266f4c68f46e4bf,173614,173614
sample_0594.jpg,social_media,twitter,cebd5fb8fc30fea04a7a41d1f237ae1074c2b97b76fcda8f72ffbac6ca9326d8,c023b49fa01aa120dac70a3affde65273100d8b6252595478f9b79b94d0144bc,61347,60805
sample_0595.jpg,social_media,reddit,1c6e9e7a1cbc6e2b7f8cf4f9895f39dc0a2285d559fe745d6ef5b6de1659d9db,3937f84f82ea933aa4d5ae78300b991ed8f3d21572f396b9dede2430d5de398b,177355,177253
sample_0596.jpg,social_media,reddit,1e83bda61d57cc17a5849e9246dcd8064d773c6d60843e729b02c7e5556fc29d,1e83bda61d57cc17a5849e9246dcd8064d773c6d60843e729b02c7e5556fc29d,82389,82389
sample_0597.jpg,non_memes,flickr20k,e92a82d451c99a8c6cfa16220aa5a75dab37e2a31984ddf0e7284b92e5af810e,984c8595416ef221a184143d83c752cda4bf68228778bc93a2b612957b7d1538,137788,136404
sample_0598.jpg,social_media,reddit,322bb9e5cded0c1811b1d47e103ff5ff669b40a4dbf976744912487cffd1e8de,322bb9e5cded0c1811b1d47e103ff5ff669b40a4dbf976744912487cffd1e8de,57310,57310
sample_0599.jpg,social_media,reddit,acc4d81c81d9f8e673282ea56b9bbaf567ff23a254e2a42cfb3db5c53948ea9b,acc4d81c81d9f8e673282ea56b9bbaf567ff23a254e2a42cfb3db5c53948ea9b,69545,69545
sample_0600.jpg,social_media,reddit,a24975424d69d797b4e8c538746f131b2ee27ed7dc669b4b14aec8a56d3fa4e8,a32ff432a5245f037ddc205877ee6027a5a82ea925e066d3f84a29f4c1d5a518,136333,135767
sample_0601.jpg,social_media,twitter,2af29bc40ad5205d6e66e7356539b5741c880d028c3f057fdce95e2ad21b88eb,2af29bc40ad5205d6e66e7356539b5741c880d028c3f057fdce95e2ad21b88eb,42418,42418
sample_0602.jpg,social_media,reddit,cc6348c4ba03a5224fb48af58d22861d59f8841f327390a56058cb911b97e614,2a013e6318f48a61f6f630ba54978e24263191665999b60628530f6caae1a67f,46682,46116
sample_0603.jpg,social_media,reddit,f226282bc21f825012637ddefbbd523c2d73d10136487e2caf1a89fa1e20dda6,f226282bc21f825012637ddefbbd523c2d73d10136487e2caf1a89fa1e20dda6,36547,36547
sample_0604.jpg,social_media,facebook,5c8b9ad1e982887505bae94b93a21a6d61afd5b8e9c07d8fed6645f2b371f9f9,b39b75fc3139e24f07e3dba677b9af6bbf3aaad009a954df1fc7d434d2574cb5,35206,35072
sample_0605.jpg,social_media,facebook,1b1f0a1bdfbbdec977d7bf3778a90be9743dd66d0a9f37c458027ac6e8bf96af,eeedadc6844b87921955ae277e2edcef6fafbdafc90c167db65fb44326ff1b3b,37324,37190
sample_0606.jpg,social_media,facebook,da8e0795eab15f84714ca6c0807cdbab8642bdeca9bf9470e7129b73ab12424b,f2cfad11d8d90e84e1df13bba1ed76a3ee8f533636c2002d7549f8359ad95634,42210,41612
sample_0607.jpg,social_media,reddit,83450d120bf4ca8f4f5f53fbf5663cf8d445c653a150927ad685b231b541b73f,83450d120bf4ca8f4f5f53fbf5663cf8d445c653a150927ad685b231b541b73f,89883,89883
sample_0608.jpg,social_media,reddit,dfb70e644ca5b54aba1864f8dac0a64613b5b64ae5b78ab4161c0f8b30678d29,dfb70e644ca5b54aba1864f8dac0a64613b5b64ae5b78ab4161c0f8b30678d29,49898,49898
sample_0609.jpg,social_media,twitter,918a641e5fdf56bafc32d6878d74a35c5e767391d54d3d45354bf46738c54e6a,918a641e5fdf56bafc32d6878d74a35c5e767391d54d3d45354bf46738c54e6a,58867,58867
sample_0610.jpg,social_media,reddit,4c70bda0c5f4fa134289c66441d348084ac49cc5c0925928d4ecb4af953b9dff,4c70bda0c5f4fa134289c66441d348084ac49cc5c0925928d4ecb4af953b9dff,52695,52695
sample_0611.jpg,social_media,reddit,c881e11dc5ea7ca23205a66d74843d591107ccf027f2d1615af9ef12c6d0fa66,c881e11dc5ea7ca23205a66d74843d591107ccf027f2d1615af9ef12c6d0fa66,299046,299046
sample_0612.jpg,social_media,facebook,6eea209b5aa0fe475063056442bee2f8aaa170a60d0507c2110d5d0eb1b1b401,79021951bcbf161784d12c3bfc6e72b2dea5fb04900676727a5f48b2f0dac389,41720,41246
sample_0613.jpg,social_media,reddit,158ac972f599068855ef17c2f6c73a51d00842b9c535fc6cc0e40020bf030e89,158ac972f599068855ef17c2f6c73a51d00842b9c535fc6cc0e40020bf030e89,83840,83840
sample_0614.jpg,social_media,reddit,ac923fd98a7657bd4c3a3a293ac04a4953fdd832cc0db8a39b7cd71f93c880f7,ac923fd98a7657bd4c3a3a293ac04a4953fdd832cc0db8a39b7cd71f93c880f7,99290,99290
sample_0615.jpg,social_media,reddit,51cbd3f8c8702c020728a2b73f008618a2800f65adb04ca40d9240eaee71dd64,51cbd3f8c8702c020728a2b73f008618a2800f65adb04ca40d9240eaee71dd64,50241,50241
sample_0616.jpg,social_media,reddit,6abecba8dc5586fbc34b6f9353506ebb170afc12db1babb10059f6ead281e56c,6abecba8dc5586fbc34b6f9353506ebb170afc12db1babb10059f6ead281e56c,427305,427305
sample_0617.jpg,social_media,reddit,1b3ca2bdf15027d0d2635ba5274aa5b7a812b87843f0d661aed7a091c33d5c2f,9237dcd25a16df4036a6ce99763a4067e7a293a395b9eb993a31d1c5dc44d17a,518629,518584
sample_0618.jpg,social_media,reddit,3fdfb4c003487fb056750e8612469fc3b629d4e99ad59f5c8226582c90ab4fc3,3fdfb4c003487fb056750e8612469fc3b629d4e99ad59f5c8226582c90ab4fc3,53489,53489
sample_0619.jpg,social_media,reddit,de8a39415816cc79d430a272ecb532a5c4491140d8db87e216b766d12c31971a,de8a39415816cc79d430a272ecb532a5c4491140d8db87e216b766d12c31971a,1604496,1604496
sample_0620.jpg,social_media,reddit,e7957d9fe56b77974dee9271cf241c6f65694197b332e2d55c8adf2eafc6f13f,7bac8687f4d39699f9ef418c15a7bd6f0e4fa64469d8f46c711534ca9811bf66,122697,122131
sample_0621.jpg,social_media,facebook,68f2708ed83f7bf6e567eae99c1beea529236e7e9ad4c438a5e0faa81b26a3a0,2a206c9fb8174606f7f2ca23d7f418e9ca071287a154940faae9d10a5a25c4d6,12038,11904
sample_0622.jpg,non_memes,flickr20k,861c301aae7755fa49fab489704e68f0a1d8dcc67f9b77db17de942db36ba783,861c301aae7755fa49fab489704e68f0a1d8dcc67f9b77db17de942db36ba783,89123,89123
sample_0623.jpg,social_media,twitter,5d1a4c185dc6b794efea14203e30b712189715620acdd268b2c432e8102b32df,5d1a4c185dc6b794efea14203e30b712189715620acdd268b2c432e8102b32df,106824,106824
sample_0624.jpg,social_media,reddit,22cf62cb892358ee9eec0f24ebc99357391745155b39c4ef4d4041e191318a76,0691a400b8ed4c962b8d0fdd27fe36e2e91a4cc7b2a795564abb56318fec6e73,97394,96840
sample_0625.jpg,social_media,twitter,55f9ea1973c0b0b8af597076a2d9f41c34152c1396315b93de127373cd3c302c,55f9ea1973c0b0b8af597076a2d9f41c34152c1396315b93de127373cd3c302c,39162,39162
sample_0626.jpg,social_media,twitter,8ef8e32808e667bfa4133930a0c8bb9f423c4ac4398b7e2a81d4c20e5aeb5ef1,8ef8e32808e667bfa4133930a0c8bb9f423c4ac4398b7e2a81d4c20e5aeb5ef1,82013,82013
sample_0627.jpg,social_media,reddit,4602e0825a3044bc2043fcb499f772907e786cc0e3cfdc6e96e783f74e385705,4602e0825a3044bc2043fcb499f772907e786cc0e3cfdc6e96e783f74e385705,39057,39057
sample_0628.jpg,social_media,twitter,2789c0329c8a6214c48d1f3048ae8a8be3148bad47101a061c25589ca812e1ab,10c1c27567e8d74ea7982c3becfa9c846532e7c29f511a3ae2d770a007351ec9,60075,56913
sample_0629.jpg,social_media,reddit,8019a14ed1d294ba1cdcc6530b92ace87dae53e0391f883765c19622162739be,8019a14ed1d294ba1cdcc6530b92ace87dae53e0391f883765c19622162739be,46528,46528
sample_0630.jpg,social_media,facebook,eaffab7d3885ab2e460b2adc58d64932770d2e38ed19465e9268b91fc354ec74,5049366c3d9f5ade5bc09e2cdaceb8dc9ef09d7de9bb4be2bcdee8f371eaf0b7,27868,27734
sample_0631.jpg,social_media,facebook,cc0d88124dd92fd863dcb678cbaf916268317760bef29ade99122da7608582dd,f56f76488685a02dd07010113979c3e6b1e163acbf358b232dc39d2ffb68a10f,62521,62363
sample_0632.jpg,social_media,facebook,446ccb6ddae5df9c5d2c4a33692957f72486833b444fd9074202ffb52512183b,4e240d5db37be774be7930754b6cceea5d1d918fa547dbf0c447af525d06e0ab,36393,36235
sample_0633.jpg,social_media,reddit,849f92b839fa01975978d544a398ebec07ce1d42e164721d314ce502138ee166,849f92b839fa01975978d544a398ebec07ce1d42e164721d314ce502138ee166,58634,58634
sample_0634.jpg,social_media,reddit,408cdf34d8fddf85f9d45a55047d0f62a0f549f0b2fd77beaa047f494d753d8c,408cdf34d8fddf85f9d45a55047d0f62a0f549f0b2fd77beaa047f494d753d8c,82118,82118
sample_0635.jpg,social_media,reddit,76f77cc1f64417559e1649dcb00fb2e0c534f40ebd9c239f7a2cf50eb1f2511f,76f77cc1f64417559e1649dcb00fb2e0c534f40ebd9c239f7a2cf50eb1f2511f,56614,56614
sample_0636.jpg,social_media,reddit,2c4df58bd05edcbee6e80f2ff170f7a5e76886cdf38e2f2b23ca26a4d4e62e6f,2c4df58bd05edcbee6e80f2ff170f7a5e76886cdf38e2f2b23ca26a4d4e62e6f,71579,71579
sample_0637.jpg,social_media,facebook,e501dc3551ca893edc5d80b2d10e1f535a15c3b5d8c873c5ea29af2016e65e52,0470cecc32e055ab147269b665906c96bd6e3ce9b7e64f7df10f6414cdabcdf1,13075,12941
sample_0638.jpg,social_media,facebook,a0ae941793c2ee64753e814a6de2ecc26fb7e86b8a866bfcbf779a8b4947d72b,6edfdde7cbc052ee700e1ac581feaded8efa21fbff53dfcdd998ed23d7443c6c,28319,28185
sample_0639.jpg,non_memes,poster_downloads,550d8ba9436e4d3bdcf15f6ac7c42c89ba66e0f77e83dcab0a7eb951cdbbab98,550d8ba9436e4d3bdcf15f6ac7c42c89ba66e0f77e83dcab0a7eb951cdbbab98,13140,13140
sample_0640.jpg,social_media,reddit,ac9c91d22980c5746ee835f6bb91bdb11ed553117ee4f2364289538dcb60ee30,ac9c91d22980c5746ee835f6bb91bdb11ed553117ee4f2364289538dcb60ee30,74674,74674
sample_0641.jpg,social_media,reddit,6c538d794893e73fe1865ab63c341823d85448be4d1bebe7f52c08c0eaeb69ec,6c538d794893e73fe1865ab63c341823d85448be4d1bebe7f52c08c0eaeb69ec,53303,53303
sample_0642.jpg,social_media,reddit,4c064866103ae1c1a55c5ffcd0708326e30e6974041a346ebf98bbb1a2ae9094,4c064866103ae1c1a55c5ffcd0708326e30e6974041a346ebf98bbb1a2ae9094,134912,134912
sample_0643.jpg,social_media,reddit,562f4824cba34d6ca7633371a60b9d8e4d7d715a282b49fc7c1a5e8d89cd60fd,562f4824cba34d6ca7633371a60b9d8e4d7d715a282b49fc7c1a5e8d89cd60fd,98524,98524
sample_0644.jpg,social_media,reddit,304883fdccc7b2c4e9b840ee5fa0de2ad43ffed588c02aac795ec55a84a494ba,304883fdccc7b2c4e9b840ee5fa0de2ad43ffed588c02aac795ec55a84a494ba,125522,125522
sample_0645.jpg,social_media,reddit,7db045b446a533d185f885cf3236a488e75785d279bb757378e044203f335de3,33dcb450581968478179af4396961cfca45c75cc5c8d025aeb760be6d3599f72,43392,42826
sample_0646.jpg,social_media,reddit,564dafad2370fb3adc8d7cb0535d18566801953522c3ba7dd9c5e0232a637104,6c4185fa8549f088bd2b126c9ca842ea3968052eff92aa77109ea28e9be17ae3,96403,95837
sample_0647.jpg,social_media,reddit,adabf693c9d4f778a2c86a549234c2c58eee5db4950aaacd260ac0fe2b1d384a,adabf693c9d4f778a2c86a549234c2c58eee5db4950aaacd260ac0fe2b1d384a,33925,33925
sample_0648.jpg,social_media,reddit,eba4a33d6a0340c9c37be3d28002437a766632978d2a76efae9c8ac4cf6501ab,eba4a33d6a0340c9c37be3d28002437a766632978d2a76efae9c8ac4cf6501ab,48942,48942
sample_0649.jpg,social_media,reddit,b8f0d2e4736c50a91b77855d42512ac0cd04c1215c874cd3137660ef9d2e9d48,b8f0d2e4736c50a91b77855d42512ac0cd04c1215c874cd3137660ef9d2e9d48,104683,104683
sample_0650.jpg,social_media,facebook,bcb7cc1d94ea861da5af67c2e7df009ff2e31cdb0080d74c3b922f1c1e2df003,ef5dde55ad65cfd308a54abbdeb3259f206164c9704d23426ff1424865220942,47251,47093
sample_0651.jpg,non_memes,screenshots,86e5357aa62f3726daf3c5519037da47a6a79f09bf898101708a1bb2f9953f36,86e5357aa62f3726daf3c5519037da47a6a79f09bf898101708a1bb2f9953f36,89050,89050
sample_0652.jpg,social_media,reddit,cb47d9aab10d9ea50fbce0f628c6f40cb1b7da694260f9afc21f2dc2171952e5,cb47d9aab10d9ea50fbce0f628c6f40cb1b7da694260f9afc21f2dc2171952e5,754158,754158
sample_0653.jpg,social_media,reddit,3fa2606d851a73fc71be49a1445f07681dbc39f78ea4d3b3c5318b5182182fda,3fa2606d851a73fc71be49a1445f07681dbc39f78ea4d3b3c5318b5182182fda,112144,112144
sample_0654.jpg,social_media,twitter,bfa8332c908a8bd831444f12e06fe6251b7ec68978d5aafee9df81f47e95d1f0,bfa8332c908a8bd831444f12e06fe6251b7ec68978d5aafee9df81f47e95d1f0,24336,24336
sample_0655.jpg,social_media,reddit,39781eb42cc2d17369f627ce6fc686d64fa5cfbd6c40dbbd865eb8c96919e1ad,39781eb42cc2d17369f627ce6fc686d64fa5cfbd6c40dbbd865eb8c96919e1ad,20057,20057
sample_0656.jpg,social_media,reddit,571b1b2512c064a751cfebbeb333ad40d170385acd69c263d34d9cbc5ea70fac,ce22a4d1386e34bcedcaa87b3e4d8ee54c8038fe95b31f6cc13135dcd187e769,60903,57741
sample_0657.jpg,social_media,reddit,d00ac136d6851e09b662930ec9b2bb01a2a6497a5ca6e7681d231c3b4360584b,d00ac136d6851e09b662930ec9b2bb01a2a6497a5ca6e7681d231c3b4360584b,162002,162002
sample_0658.jpg,social_media,facebook,25a18e3b06cd48298c8e4fb1f8c9d70b6ae06e06c8829be817261050067b7706,80572ac954c5e4f35e23848ac03515e4f18b6603dc20bb04176bf6f09848fb64,55968,55834
sample_0659.jpg,social_media,reddit,a52a46970e15499acf508e2b934ec18ae400b7ada450c7ea8d6de10409956ac1,a52a46970e15499acf508e2b934ec18ae400b7ada450c7ea8d6de10409956ac1,35744,35744
sample_0660.jpg,social_media,twitter,cd04b16c954e21c14deb0151b9ff610b335eff3d9d3c8c1454e5ecee41a93aa8,cd04b16c954e21c14deb0151b9ff610b335eff3d9d3c8c1454e5ecee41a93aa8,55570,55570
sample_0661.jpg,social_media,twitter,9f5e40d1a31e60a68208014d52e6c3d8b8fd073b1cba69c31fae7c38651da772,9f5e40d1a31e60a68208014d52e6c3d8b8fd073b1cba69c31fae7c38651da772,1246,1246
sample_0662.jpg,social_media,reddit,fcd9a9527d25d598ad8174f76f3afdaf48e901168f747ce2b269ef8fe7af32e0,6ff7e30940a59b26ed7b977fce98da31ff066f795975c3b940953282cd847dbb,34992,34882
sample_0663.jpg,social_media,reddit,aef2d0fa6023b357ea16f83b184b8e4624240f87492e02e9e8659544ccf2828f,aef2d0fa6023b357ea16f83b184b8e4624240f87492e02e9e8659544ccf2828f,227511,227511
sample_0664.jpg,non_memes,flickr20k,a9c6ed08dcea6a1b47b0c74823d36089ff45ece2591cb7f0b1fc780efcef34ff,bb4a0bb9e5f0e462568027e749619866723b5824b96455ff89d62b364998c028,153532,153486
sample_0665.jpg,social_media,reddit,542deb9433eaaa13902b64e6ea4b538c2b07a4b5a5123641479a274997008f57,542deb9433eaaa13902b64e6ea4b538c2b07a4b5a5123641479a274997008f57,386212,386212
sample_0666.jpg,social_media,twitter,4fde5ecd661ef9c49b7bb1c83f3c831b3aa742c325074e2d4d85ad1703ab2850,4fde5ecd661ef9c49b7bb1c83f3c831b3aa742c325074e2d4d85ad1703ab2850,59110,59110
sample_0667.jpg,non_memes,flickr20k,91306bc4c8e13774e4e3dde43026b9297816c8302bdc178aa6e8dff04cf0d1f8,97aa782f14320c6644daf53c75779ead291b9401c2514240cea2ef17365b43f1,156362,153516
sample_0668.jpg,social_media,twitter,3b123b0e90e1e024319bb5a30ee04d8bdfff7f555a6d41fa58621ce34bfaebaa,3b123b0e90e1e024319bb5a30ee04d8bdfff7f555a6d41fa58621ce34bfaebaa,108207,108207
sample_0669.jpg,non_memes,flickr20k,348c1b7ff1f9e2756973498b1f08a5c1b6fe3edd5ca66e6b6918c2f4ce35c925,348c1b7ff1f9e2756973498b1f08a5c1b6fe3edd5ca66e6b6918c2f4ce35c925,135531,135531
sample_0670.jpg,social_media,reddit,76d11b2604e39e24b07b9182f61dad197f2a4b746168c20237f5c62ceb6e7c00,76d11b2604e39e24b07b9182f61dad197f2a4b746168c20237f5c62ceb6e7c00,26688,26688
sample_0671.jpg,social_media,facebook,49cf59d8816252b06bb39233b1db8542a471eade600f4616d5c6ecd754795869,7806098238b57a241f839003e704a023285ee3e3175d56bf7ffc2a1638af9eb8,17443,16845
sample_0672.jpg,social_media,facebook,a7fe0037836e3c481bdb8602b8b33f0f7c48e7b93461d5a54eeff026cfb6b19d,f1404bf1c30a64c60545c6b8aad50ad870914a1d1fdfc42ee456c668e276a0c7,48270,48136
sample_0673.jpg,social_media,facebook,984ce0eda30ee48f545ec7f4f0087e75812bc06b544a1b2fef4d49af66dd2ba1,19ebc3c7d118997cb3567e3821a7bb9568522ebdc14852772081c0e8a5bb36ea,44497,43955
sample_0674.jpg,social_media,reddit,775053dd4c05bb5228a29bf81a72ea0bb10144e298a7aa17024c57cf5c93db80,775053dd4c05bb5228a29bf81a72ea0bb10144e298a7aa17024c57cf5c93db80,558800,558800
sample_0675.jpg,social_media,reddit,3bf27c3788a1de33c6948bc432dafa8ab38bc3eb233d166080286c43fe262866,3bf27c3788a1de33c6948bc432dafa8ab38bc3eb233d166080286c43fe262866,69207,69207
sample_0676.jpg,social_media,twitter,f342674e3be22a8287be54f41d7e054ef159685eb76afc7d7b62ab343f13d6b8,476cdfccc15aeb6ec692c9037758c90945153d6d998627d9575272968920999b,57615,57073
sample_0677.jpg,non_memes,flickr20k,7fcdb3028648eee08bdd395bc247b6441fbf785cade01f15985f416d940119aa,7fcdb3028648eee08bdd395bc247b6441fbf785cade01f15985f416d940119aa,147228,147228
sample_0678.jpg,social_media,reddit,49531979c7973e00062becb180505bf69d6c8297966a4f5ab0792ae5505cd714,49531979c7973e00062becb180505bf69d6c8297966a4f5ab0792ae5505cd714,26470,26470
sample_0679.jpg,social_media,reddit,075e4eb98ebe1a40348571a76a5774923f3ef1a81b1af651b4709708cc82fb54,9fa59750100deb4745969eb0f1ef34af7064d65fd73a98b13256a8f60a3bfb97,202600,202034
sample_0680.jpg,social_media,reddit,66bd6c2a55241e44dcf593db9043fe0f02dc12ac380ba8365779ef3100165780,dbef6c8fbb9dcd26ced21b256284400d8fa89c59cd4f57074f96c1e3ce843494,216170,215628
sample_0681.jpg,non_memes,screenshots,3c7b89f8f211885687c4f88a7727fd9f902ea9c17f5a51d71c1b838030c77abf,3c7b89f8f211885687c4f88a7727fd9f902ea9c17f5a51d71c1b838030c77abf,108893,108893
sample_0682.jpg,non_memes,flickr20k,ae0c981449daa973e57166bf0528ffbd5025bd1d2515e99e23b77fc4bbb95838,f67ca195411a3e78cfdabf89a73b17f086b69e03c42c14bf7ab22d81d3b32988,135062,134936
sample_0683.jpg,social_media,reddit,20a553cbdd3c031a799f736ebda891ca7a9626a0dbdd8006f635ad2e260b8282,20a553cbdd3c031a799f736ebda891ca7a9626a0dbdd8006f635ad2e260b8282,793125,793125
sample_0684.jpg,social_media,reddit,6c64f82b476b8a01db54662f7b8a173c983149f72a7da525deeb540da69847e4,abe8d985dab21cafceb0e1a82368ab63f4372dc4c443884a2b6b107be4a99936,275585,275031
sample_0685.jpg,non_memes,flickr20k,f46b839ee5cf7ae07795a09a025436d0dbb3353ceb3fd237f9d0eafa5a816bc7,894d017409ae13a9b80769337992766bcb65a59e01ae056a826837b219769c24,139418,136256
sample_0686.jpg,social_media,twitter,301626c75b01430bc893be244ac9eb820869f1909ab9589e39a329357edfeb44,301626c75b01430bc893be244ac9eb820869f1909ab9589e39a329357edfeb44,36241,36241
sample_0687.jpg,social_media,twitter,7a2bd01be156fe5fe0284799ba0eccca7d9438f03cc276c502e849b75504d5cf,7a2bd01be156fe5fe0284799ba0eccca7d9438f03cc276c502e849b75504d5cf,53731,53731
sample_0688.jpg,social_media,facebook,2ff5133c6a53b09333d10e3dd31787f4718ab6addc36de23ecc9891803b7443e,2ee4a445042363dc855d018971f0ed36e0a416068556275b6a7b373995999802,44591,44457
sample_0689.jpg,social_media,reddit,009f7503d18478118cdfb621cbba67c1242c18294981c55ac85f7b2b8e02a856,009f7503d18478118cdfb621cbba67c1242c18294981c55ac85f7b2b8e02a856,122688,122688
sample_0690.jpg,social_media,reddit,6421fd49090e6671cf5c30912d3836b83c1f35f67cefec615c81da5bbc6a9fb5,6421fd49090e6671cf5c30912d3836b83c1f35f67cefec615c81da5bbc6a9fb5,351903,351903
sample_0691.jpg,social_media,twitter,190e91a659193efa894aca527471341d6c37e70be143380d8d5345be85bc0a3f,190e91a659193efa894aca527471341d6c37e70be143380d8d5345be85bc0a3f,20025,20025
sample_0692.jpg,non_memes,screenshots,3e7ad23807b5682d54eac15b60ebe09f7f3eb2fe9c38abbd529e3cf4857e5801,3e7ad23807b5682d54eac15b60ebe09f7f3eb2fe9c38abbd529e3cf4857e5801,90618,90618
sample_0693.jpg,non_memes,screenshots,a4fe860f78d849c98b57bb0781bd3ff717fb03518cead7b5ed3a2a3fe4aba5ff,a4fe860f78d849c98b57bb0781bd3ff717fb03518cead7b5ed3a2a3fe4aba5ff,171193,171193
sample_0694.jpg,non_memes,flickr20k,102c056f241577d673957460b330ed2f66d31c13853819d2c7425217eee9380b,5269b352b00c9ebd86c1d2c3a4ecdc1c3176e35a51a4793c0b9f31c4ff6a8b70,97217,95881
sample_0695.jpg,social_media,reddit,eac12ee4192cdb23af5b1b4be4b2569a828bfbb12558c26610ace6ae297ac128,eac12ee4192cdb23af5b1b4be4b2569a828bfbb12558c26610ace6ae297ac128,231094,231094
sample_0696.jpg,social_media,reddit,cdab13cf1e4a018d12bc4c3289b2d8936bd24080351e5c70e080533df8776578,cdab13cf1e4a018d12bc4c3289b2d8936bd24080351e5c70e080533df8776578,29991,29991
sample_0697.jpg,non_memes,screenshots,19bfdc7bac0f94988249b8b678f977b1e43d5054d8bce419e50906c0f576256d,19bfdc7bac0f94988249b8b678f977b1e43d5054d8bce419e50906c0f576256d,204120,204120
sample_0698.jpg,social_media,reddit,1cf26408fa1beee2a05856a658ebb16d1b19de9eba1ab4011a4b1a4742f1834b,1cf26408fa1beee2a05856a658ebb16d1b19de9eba1ab4011a4b1a4742f1834b,40029,40029
sample_0699.jpg,social_media,twitter,9e5963bf4682aaece530f743111e687f5ebda852d4c5c7f817074bfec691f02a,9e5963bf4682aaece530f743111e687f5ebda852d4c5c7f817074bfec691f02a,44743,44743
sample_0700.jpg,social_media,twitter,7805af25a57d5fcefe1a3f04d50e3c77964b51f4b64e1712ce72d8e8f1207ccf,d800ec173f5fb0eca5669c00ccc494f52212b1c9a8dfa62057f552331c449c76,22598,22056
sample_0701.jpg,social_media,reddit,9aa4700c324f5abb3f6a3fc4e5f0b2b864f3f657983e29123edd447b718af3c2,9aa4700c324f5abb3f6a3fc4e5f0b2b864f3f657983e29123edd447b718af3c2,32514,32514
sample_0702.jpg,social_media,facebook,12dbe6338c1a97570c694fe6ece10e8115e25948c4c036e372195148ed4e8dc8,dbaa56aaadaa670942669cbb4e87e6a2deb70aae5531c6ca58b091213e3fbf82,41691,41217
sample_0703.jpg,social_media,reddit,51480117a7211735d7b121949df52dcbbbb7ffa3a41abbeffc3908bf106ef4fd,d4d179a56b624206a8d6e8a435168043ce8da32c88eef3b257e9a34aaa020e8b,168841,168275
sample_0704.jpg,non_memes,screenshots,d9cefc7e9c4bb66b504ae03341be029e014f4622e8bf8e4da12863cbed847e6d,d9cefc7e9c4bb66b504ae03341be029e014f4622e8bf8e4da12863cbed847e6d,98744,98744
sample_0705.jpg,social_media,reddit,f618d6f1213f7ac02347d05d2f27518a2cda982d7c0cea09da0d56bd58ca62dc,f618d6f1213f7ac02347d05d2f27518a2cda982d7c0cea09da0d56bd58ca62dc,96673,96673
sample_0706.jpg,social_media,facebook,349500cb25b2d6975b42a4d3546fa42b39ac16ce64249cfcdebb6e00aa878672,2024983163f8a2b4bad31e2204ad909fe8962a4baf66216973e71196aa4c66bc,41164,40642
sample_0707.jpg,social_media,reddit,0f7fecea3d4c576fd60c17505666065749ec443ca75ed5ef6959a22aca31bf6e,0f7fecea3d4c576fd60c17505666065749ec443ca75ed5ef6959a22aca31bf6e,46084,46084
sample_0708.jpg,social_media,reddit,7c134241a310a38e8bda49be6aa1907c22503994e8ac2ba1ce6acf0256c47386,7c134241a310a38e8bda49be6aa1907c22503994e8ac2ba1ce6acf0256c47386,172185,172185
sample_0709.jpg,social_media,facebook,a0f292627c941c7e9f7e5fa565ec0c6bc79fe4858cb5359ebf8cf8316672897e,79f996e6460482428cd46939650ee94f159971ca97e8f41fda2a96bcb8532f68,32070,31394
sample_0710.jpg,social_media,reddit,fa324a43d0cb36cb45ba3615022594e749773f8001a5d689ac3a647c369a6a57,89a96b09726c48421094866a7157b3a1524038dcede47b8fabce9dd7b50ff507,12198,11498
sample_0711.jpg,social_media,reddit,dbe8e3cd9e6cb7e9349093fd9e384d74b2c60c55e8d982eced25a3841c9d8f9f,dbe8e3cd9e6cb7e9349093fd9e384d74b2c60c55e8d982eced25a3841c9d8f9f,6128180,6128180
sample_0712.jpg,social_media,reddit,66934111e7257d71cc7f7a80d46a9b2d95f4c09ac67b57891c1e7b0fb312bcea,66934111e7257d71cc7f7a80d46a9b2d95f4c09ac67b57891c1e7b0fb312bcea,40501,40501
sample_0713.jpg,social_media,facebook,4dd1a627e32e54b01f7dabfae20360458c265817d495f64855583019fc697ce1,12173ed0e81eafe978cdb2c2766b00a13707b60d997abb622e88d4485f326358,22979,22371
sample_0714.jpg,social_media,reddit,cfd302b37c668b2349174a00498ddeb5951ee82c663dc7949242ac6ca3ef1938,cfd302b37c668b2349174a00498ddeb5951ee82c663dc7949242ac6ca3ef1938,54179,54179
sample_0715.jpg,social_media,facebook,456ee9621f19b303f310397881a8c1d0265859d389666fbedf444b7cd74d73ff,448cca704ff1ff6c35431c8a5bf323f8bc42d67a78409aebbbacd462d11c2740,28892,28418
sample_0716.jpg,social_media,reddit,4974588a288d9bad7287f9ae004cc3ae9eb78474eac8431c6ac2aa9ef9cf7056,4974588a288d9bad7287f9ae004cc3ae9eb78474eac8431c6ac2aa9ef9cf7056,219698,219698
sample_0717.jpg,social_media,facebook,0c70b722fbb09c12b016a0159947de9e6cd734d65ff8568c0ba2b268e87e2065,78620e7efc8bad0829a18d7a069656299e59489b13528f9d012adea5a9f157ec,42265,42131
sample_0718.jpg,non_memes,screenshots,290ad1deb8e74514ccee11cac2e71ea4edf37f2abdb035de589254b55753f755,290ad1deb8e74514ccee11cac2e71ea4edf37f2abdb035de589254b55753f755,50868,50868
sample_0719.jpg,social_media,reddit,84d9022bc1fabd8959cb2297a1a9f1df9d731c817805fc9e8dbea6133aeedeca,84d9022bc1fabd8959cb2297a1a9f1df9d731c817805fc9e8dbea6133aeedeca,38363,38363
sample_0720.jpg,social_media,reddit,563e198d51e5a44606bc8381c524575611e11f9dd6f995f0ad89c74b5407ca8f,563e198d51e5a44606bc8381c524575611e11f9dd6f995f0ad89c74b5407ca8f,146264,146264
sample_0721.jpg,social_media,facebook,6c8cb7e8191455436cbf47b2e1a327d2ebd653a5880ef4bc14a915befe105a9f,dc3506a445951de1cf3b39b7a7717021d04ee177422a5f8e0f0d0932ae7797bf,44471,43997
sample_0722.jpg,non_memes,poster_downloads,e40cea0453af206b1321a1d95c4301846ab6975315538e5650db6719f2aeee63,e40cea0453af206b1321a1d95c4301846ab6975315538e5650db6719f2aeee63,9655,9655
sample_0723.jpg,social_media,reddit,0c9925bc9ba747d81756e5ace6a2d14062c8af365c057404759dc84fb4c67ece,0c9925bc9ba747d81756e5ace6a2d14062c8af365c057404759dc84fb4c67ece,322736,322736
sample_0724.jpg,social_media,reddit,01d7a91bcdbb7a2f7b3a6036f9606d5dc595aa1835a2b153252a44fb0d908a00,6e1b215776098a81ab749fc934bba2c03e68f6cd2758263d64d9cf56358fa049,120939,120385
sample_0725.jpg,social_media,twitter,9efaa9e917132e6af74d123802bc89fd17c7576d5cab5d62df6df3a778eb9046,9efaa9e917132e6af74d123802bc89fd17c7576d5cab5d62df6df3a778eb9046,78411,78411
sample_0726.jpg,non_memes,screenshots,a92e6b2445915a020c780f0412a3579654d9d06d6cadd5c8afafebb2afb699ec,a92e6b2445915a020c780f0412a3579654d9d06d6cadd5c8afafebb2afb699ec,161048,161048
sample_0727.jpg,social_media,reddit,aac8fdd7b8b0bfb06288983d50497f1d97e6503274bf73c3d9709307bd87108c,aac8fdd7b8b0bfb06288983d50497f1d97e6503274bf73c3d9709307bd87108c,54686,54686
sample_0728.jpg,social_media,reddit,b471aec72fd32d1bf7a6469b7727485f4ddd68e1c10831ccee22fe6d70ade156,b471aec72fd32d1bf7a6469b7727485f4ddd68e1c10831ccee22fe6d70ade156,79627,79627
sample_0729.jpg,social_media,reddit,5fe174b28f7221a1adee01b1a4ebcf76e97565099c6c1ed04056d81430d19e0a,5fe174b28f7221a1adee01b1a4ebcf76e97565099c6c1ed04056d81430d19e0a,74795,74795
sample_0730.jpg,non_memes,flickr20k,d56248803f88ffd80d0ce79901a579043f41956acd049e388f71422f8a3884ea,c21f64e647d68b07b35be5524e0e5593ec5e5643dcd69b50b5bb549429009e1b,110352,107190
sample_0731.jpg,social_media,reddit,afb0843b03e49038e6f0211137b3f7809ce5b0334e29fd785459e95f07785220,afb0843b03e49038e6f0211137b3f7809ce5b0334e29fd785459e95f07785220,150771,150771
sample_0732.jpg,social_media,reddit,1cceb53af3359f17a80f2429d7b6e81c420b6ac4c29892caafe339633cb46094,1cceb53af3359f17a80f2429d7b6e81c420b6ac4c29892caafe339633cb46094,49621,49621
sample_0733.jpg,social_media,twitter,132be0d374d7a82923d214c8ec604caa472d1b4597a4a0eefdc0951ffe5a11b8,132be0d374d7a82923d214c8ec604caa472d1b4597a4a0eefdc0951ffe5a11b8,40920,40920
sample_0734.jpg,social_media,twitter,e84f4eef50c46dfaf48a3871d29580d14f1ad59554ccaf10c9aefe3a76b8ef35,e84f4eef50c46dfaf48a3871d29580d14f1ad59554ccaf10c9aefe3a76b8ef35,29010,29010
sample_0735.jpg,social_media,reddit,c9a12d10e3d610066e1b41de30afda7fb025859b1be2ac649da3c8a842e825ab,c9a12d10e3d610066e1b41de30afda7fb025859b1be2ac649da3c8a842e825ab,37852,37852
sample_0736.jpg,social_media,reddit,4f242b4fe268d87044c99c400e5612f0cc94e11b6f20fe1d7a358496aba7ddb5,b3f2fc83995e1993a8b40fb72b7b5f2ffec264e8c72d344a192f59e59b15be24,34925,34359
sample_0737.jpg,social_media,reddit,3e29c95d81c06e9c5ab12345fd4694ee705120291d49f874305adaafcef255f2,1bd9fabbd872771554bc837b9a07cbee2e1ca339bf37d2f48f763a710a567ca9,28119,26093
sample_0738.jpg,social_media,reddit,8f2bbee487af8222585971e916188d4509345b1897f5be33f7fc357ba887fa09,8f2bbee487af8222585971e916188d4509345b1897f5be33f7fc357ba887fa09,233509,233509
sample_0739.jpg,social_media,reddit,1b4e0fbd567217aa9bab0b25cd3858cd286731e6bd72c1b875144dbc6d765354,f97f2cd47bd573f23720d999a1af2dd55c0b379d4f5be9d8a8be9a58fb7f41ff,11292,10738
sample_0740.jpg,social_media,facebook,30666121a3ea64aa19eaba042e097bc3e9514eb0b4c4bfb422510a51b09696d2,16e648d47965581fbb41a9430105a80aeac1842c92563cd44b627c91a312e1e5,41585,41451
sample_0741.jpg,social_media,reddit,c75475f22b820595003d1ef2e781d910ba57282cb6f3f2469b2691f99a8c4f06,c75475f22b820595003d1ef2e781d910ba57282cb6f3f2469b2691f99a8c4f06,912589,912589
sample_0742.jpg,social_media,reddit,0b0bf56c8ccf7ed7c136cf43d993e81ac8ad441bb713aab8adf5c46929323834,0b0bf56c8ccf7ed7c136cf43d993e81ac8ad441bb713aab8adf5c46929323834,103799,103799
sample_0743.jpg,social_media,twitter,83f06199e436406b5c8599284e0327582e67610b32533ac2292ef68f38c5c1eb,83f06199e436406b5c8599284e0327582e67610b32533ac2292ef68f38c5c1eb,63380,63380
sample_0744.jpg,social_media,reddit,590511074e434f741f0e0f487a03de55730a58f678fa8d16421d0f34197ba6cb,590511074e434f741f0e0f487a03de55730a58f678fa8d16421d0f34197ba6cb,183123,183123
sample_0745.jpg,social_media,twitter,44aef8e7d8909e69b56d680a154002c6261da713cbed930963bc2e9019587ea8,44aef8e7d8909e69b56d680a154002c6261da713cbed930963bc2e9019587ea8,56842,56842
sample_0746.jpg,social_media,twitter,3cd495192028be619f7250554623369cb79940851ead72dd57c92be76187a06f,3cd495192028be619f7250554623369cb79940851ead72dd57c92be76187a06f,46085,46085
sample_0747.jpg,social_media,twitter,2edaa98ae4950a894c826f4789bcdf244becb845c7daf820c42c13748d11792e,2edaa98ae4950a894c826f4789bcdf244becb845c7daf820c42c13748d11792e,60621,60621
sample_0748.jpg,social_media,twitter,5e050a4376559af849c58cc76c02d1c32e49f39836d6791bcce0f089bc694674,5e050a4376559af849c58cc76c02d1c32e49f39836d6791bcce0f089bc694674,41359,41359
sample_0749.jpg,social_media,reddit,1bd71c364b2e3e72798e26400402e41bbc0ec4f2bda42321b6277c8ae25ac403,1bd71c364b2e3e72798e26400402e41bbc0ec4f2bda42321b6277c8ae25ac403,64690,64690
sample_0750.jpg,social_media,reddit,5169a306b8518c1599cdda73e7dcc585cb91b30641831c47831586c77d8ebb42,5169a306b8518c1599cdda73e7dcc585cb91b30641831c47831586c77d8ebb42,34358,34358
sample_0751.jpg,social_media,facebook,43b4c3e8eaab95267562ebec70b466f5318d547d8c42814d7b36f2c16491fc99,6c944dc6b24402d9c6191fec06562ad6cf8b9f59c252e853085679dfcf73dd18,15405,15271
sample_0752.jpg,social_media,twitter,e4b5dcc0a4386cfed6fae2abb77eabf5aa7722d012f7b792cb4381ee11bd5d0d,e4b5dcc0a4386cfed6fae2abb77eabf5aa7722d012f7b792cb4381ee11bd5d0d,36092,36092
sample_0753.jpg,social_media,reddit,49ab646a1cf1e094445ac5fd9c9e0747c145de1da48bb634542cf2d351556e26,49ab646a1cf1e094445ac5fd9c9e0747c145de1da48bb634542cf2d351556e26,392026,392026
sample_0754.jpg,social_media,reddit,313c3c5e1aeb93823c9f956b7605f572b281d9deb352c18865dc48e7770bf1b7,313c3c5e1aeb93823c9f956b7605f572b281d9deb352c18865dc48e7770bf1b7,48473,48473
sample_0755.jpg,social_media,reddit,708dfec1b85613089c05e081cd52232dd4229c0cca3c22adbf54e8d818da947d,708dfec1b85613089c05e081cd52232dd4229c0cca3c22adbf54e8d818da947d,31560,31560
sample_0756.jpg,social_media,reddit,4eb2552ddd874817df7a63af1f0861bb2c60a1102f1c60a82aa218ba999b5fe4,4eb2552ddd874817df7a63af1f0861bb2c60a1102f1c60a82aa218ba999b5fe4,11742,11742
sample_0757.jpg,social_media,reddit,815f82cd8051c5d2cadce6a11b30c5ac6fc7105baa77432fb4998f6b4b87a33a,815f82cd8051c5d2cadce6a11b30c5ac6fc7105baa77432fb4998f6b4b87a33a,39180,39180
sample_0758.jpg,social_media,twitter,c62a7cc236979e6f05b98ded4d04d9c4f7cdf47e3ab57e3709ae63d933486b9f,c62a7cc236979e6f05b98ded4d04d9c4f7cdf47e3ab57e3709ae63d933486b9f,25882,25882
sample_0759.jpg,social_media,twitter,b1582885701869bf32f58dac87cb7a661d0949d4bf8d3ec4726b129ad6379124,b1582885701869bf32f58dac87cb7a661d0949d4bf8d3ec4726b129ad6379124,47178,47178
sample_0760.jpg,social_media,reddit,f4aabe0d68fec98d1f475cca85c8289027f662c84492e85323c3d75e3f919779,0ca49489f4bba286a729365d37deda7022eb85c68c08d84b8d72b6aead6d6fca,6842559,6842543
sample_0761.jpg,social_media,reddit,742efb4380fb1aa65e757fb409ef7c58cbb13799cd24986039cd430e9a9f222c,8baae962d1cea66a63c42e5d4f7ca38a8475c746776123446c7802f8501a8ab2,80185,79631
sample_0762.jpg,social_media,reddit,0ed75abfd43038cded81966925e2ac4520e9c92ec7e3c90eaa59ffdc227fc857,0ed75abfd43038cded81966925e2ac4520e9c92ec7e3c90eaa59ffdc227fc857,65480,65480
sample_0763.jpg,social_media,twitter,ce7df60d0fda782527da854f1537bf2fcdd1d4aa273ecdc9ddaf8dd8a7d9e47b,ce7df60d0fda782527da854f1537bf2fcdd1d4aa273ecdc9ddaf8dd8a7d9e47b,111766,111766
sample_0764.jpg,social_media,reddit,ce1dc279aeb473ac3e5b8bd605f10d1379bcb35572272204c03764a9c23fe236,ce1dc279aeb473ac3e5b8bd605f10d1379bcb35572272204c03764a9c23fe236,424920,424920
sample_0765.jpg,social_media,facebook,83f113c9c1ed1247f6f65d7b0c56c7cafc504aa952ba38ab42b24d8fbb9b46c3,8f553d5d0cdf5ef7ae1452d6250bae0a6c6ae86d63a7dab9caa445535bc5977b,37185,37051
sample_0766.jpg,social_media,facebook,85a1adebffb2444dc608cd5dd61d928f4ab84111ad4eef48f8b46e7eeab791da,7eee287a61714b40239f58a1210e669902e303d6b758d44366ed9a3d24b82fe5,48125,47991
sample_0767.jpg,social_media,reddit,14a67de7373abd419c0c2fb9310ad2f457866de3fb5e30c622bb0b45d37abc59,14a67de7373abd419c0c2fb9310ad2f457866de3fb5e30c622bb0b45d37abc59,44100,44100
sample_0768.jpg,social_media,facebook,f592e89874f1b832c69b23549b62138a5432bbb6a7871ee4b448448705d3c569,6b8f0ebc219a9085e9d63bad33fa5aad213acaebeaf21d83329c8ec4f95ce88e,57648,57514
sample_0769.jpg,social_media,twitter,f3dee088f78378684cf196c4a9d8e59f850f99afcc44fd4f5b0c8b297d561033,f3dee088f78378684cf196c4a9d8e59f850f99afcc44fd4f5b0c8b297d561033,29143,29143
sample_0770.jpg,social_media,twitter,38b2cb4806ceb4108c8f822a7ae25a5cdb20054d81ed50b3bb9f6a982399447c,38b2cb4806ceb4108c8f822a7ae25a5cdb20054d81ed50b3bb9f6a982399447c,385152,385152
sample_0771.jpg,social_media,twitter,58eb63d294cb0f71b260a434bfd2b6f649a68f5a0057474be4b711f5fd008a29,58eb63d294cb0f71b260a434bfd2b6f649a68f5a0057474be4b711f5fd008a29,72604,72604
sample_0772.jpg,social_media,facebook,9ffaab857a49137647d7923cf4d4cbc4e9cd03365227b3fcb1cb6198829657fc,7ee71f8f0c1baffac359ecf3931ed5e62b8be54952fd1639540ecb9dc5fc51b5,43717,43583
sample_0773.jpg,social_media,reddit,c9a080539d231f077366bf44343e4faf18e7430f98ad03238091080fb72ccdd1,6b7429b94e7f3125ddf98591b30630a9c7766b681ccc8ea6070b239f972e60c1,80391,79825
sample_0774.jpg,social_media,reddit,d41a7c3d046bfef79483d5690b688865dade3f8a7d4d67b3166f2954881af863,d41a7c3d046bfef79483d5690b688865dade3f8a7d4d67b3166f2954881af863,856757,856757
sample_0775.jpg,social_media,reddit,cc1d62874a379e26a1bbdf0f4a619f9816ec4f7f2154fd139b5f336146e4ec2f,cc1d62874a379e26a1bbdf0f4a619f9816ec4f7f2154fd139b5f336146e4ec2f,65228,65228
sample_0776.jpg,social_media,facebook,b0a09a6e03acb5cd66f5f1859f7c87d33e6f03bd191c718000f3f71dcc49963f,1adfee9b1b145d71e02194d21034f16477db241372b5a7d1b4a8f92ef7104640,31004,30846
sample_0777.jpg,social_media,reddit,b12bdbfdca78e8d27e7d150bddaf1897f86ad0dc2a371266647b8bedd3289364,7478acc9ca541b7ce497853bbd2bee527db95699e15a02abfc70f923b621895f,95160,94606
sample_0778.jpg,social_media,twitter,643dc76d015e89b7860ec7f17264b8bd9976f5d121e6109fffdc42710bc80ac2,643dc76d015e89b7860ec7f17264b8bd9976f5d121e6109fffdc42710bc80ac2,33618,33618
sample_0779.jpg,social_media,reddit,a316df24bd01c535c2beffb96c74881cad7db31c9a69aa41c985ce28a6c8934c,a316df24bd01c535c2beffb96c74881cad7db31c9a69aa41c985ce28a6c8934c,17054,17054
sample_0780.jpg,social_media,reddit,441af14cee9fc2fc69fa7491cf305db791e35b794313e481d690e29cb3d30339,441af14cee9fc2fc69fa7491cf305db791e35b794313e481d690e29cb3d30339,441993,441993
sample_0781.jpg,social_media,reddit,71bf6e5a1644a0e1cdfa5db8b7186804506d3b6601b7de54ba944e8c41ed6a61,bbb66c3770a4fc93c5a677eed349121b431afaa162f3dd971156bac949679c87,369290,368724
sample_0782.jpg,social_media,reddit,8d8c74d2bea7c1c1441cfc59d987251af710c17d23d5485062e71fdbd5a53bef,37a5a165677777686cedc5c245bc43e6a34fbd03148b86c3df3b125db08ee6de,103159,102605
sample_0783.jpg,non_memes,screenshots,0ce58f1c7f782ce084fabbae9f1205b3c69e91ae2c8669f5a24f5418b294e456,0ce58f1c7f782ce084fabbae9f1205b3c69e91ae2c8669f5a24f5418b294e456,160640,160640
sample_0784.jpg,non_memes,flickr20k,d6ad13dd3f2535b9688ac06a176b5df48b977253d9b7c747a6148e8121a603e3,9d79d528d7c2d6e1d98f1f84ababbaeb473a48530663d8a35b4cf7fa5aafd1e3,121355,103597
sample_0785.jpg,social_media,reddit,b2c3376526bffab550d63752b8736d1d60d8751734022e115a3977a25297a500,b2c3376526bffab550d63752b8736d1d60d8751734022e115a3977a25297a500,75531,75531
sample_0786.jpg,social_media,reddit,5e87568596b340505dfdad6d992689e8e4ef48dea38116818776d0596c74d9f0,5e87568596b340505dfdad6d992689e8e4ef48dea38116818776d0596c74d9f0,46632,46632
sample_0787.jpg,social_media,twitter,abf73d3650051b7b25b96681d1178ecdd2b6210761927ccbfee2dd394ce87794,abf73d3650051b7b25b96681d1178ecdd2b6210761927ccbfee2dd394ce87794,42478,42478
sample_0788.jpg,social_media,reddit,b15e7ffd329202185082dcbc5a49f2abdfc872aadcefdea889469475e01a7703,b15e7ffd329202185082dcbc5a49f2abdfc872aadcefdea889469475e01a7703,51299,51299
sample_0789.jpg,social_media,reddit,d5d7d2fc26e40a7343bac2fb0cb72651d4e9f340aa797688f86c98de65d31240,d5d7d2fc26e40a7343bac2fb0cb72651d4e9f340aa797688f86c98de65d31240,98302,98302
sample_0790.jpg,social_media,reddit,058cb5f29b9d05da306275a97dc3accf01325727acd583261e356e736f514b23,058cb5f29b9d05da306275a97dc3accf01325727acd583261e356e736f514b23,7091972,7091972
sample_0791.jpg,social_media,twitter,bfca86905fd28cc55e0f5cadb4a2148bbfc064405986763213080d779107afb7,bfca86905fd28cc55e0f5cadb4a2148bbfc064405986763213080d779107afb7,46609,46609
sample_0792.jpg,social_media,reddit,6d78a063c45793ae799bd5cf111b77ea32ffb0bba6fe1f221cd9a3fd55a42afe,6d78a063c45793ae799bd5cf111b77ea32ffb0bba6fe1f221cd9a3fd55a42afe,160068,160068
sample_0793.jpg,non_memes,flickr20k,8133f8ae6d0a51f426ac9753d78402902273d961745aa1cd3e8c58fc71245f1e,27749d474f496dde7a8eec9d54fcfe0f973200e4ad43ecc8e4264da98d9f5aef,107821,103623
sample_0794.jpg,social_media,reddit,8c836e6951cdcaaab1deb91609d70ded0a70fef0eb6d916972657987c09e1b43,d1febe101d556b47b95b3ae6e620cd81dd595e8e59481f5c32fa002a035f5545,31104,30538
sample_0795.jpg,social_media,reddit,359f522a269f8ddd76268518fb2f4573b3d9b3142fc1b50bf19542442edbc78f,359f522a269f8ddd76268518fb2f4573b3d9b3142fc1b50bf19542442edbc78f,61042,61042
sample_0796.jpg,social_media,reddit,378053431a669844f47b94d0c25d05fd128feda1a77d9f7c0d40d2b76c0ff551,378053431a669844f47b94d0c25d05fd128feda1a77d9f7c0d40d2b76c0ff551,22245,22245
sample_0797.jpg,social_media,facebook,00832193d24bb99863346e0ec622196f0bda058fe26ce6f0bcb1af94033b10dc,0294d1624052f08be211f8286ac3e29b055bed16a47cd1aaddbaeec81f01c567,18815,18681
sample_0798.jpg,social_media,reddit,4c2fbf28605a0ffdff90071078da7b3da84fc09673bcff85549964379e6dd287,4c2fbf28605a0ffdff90071078da7b3da84fc09673bcff85549964379e6dd287,119707,119707
sample_0799.jpg,social_media,reddit,eda19b02db4e3872ef3b71f72ca2bb33d75dc48c9df3d3fe20a790f4e9a349b7,eda19b02db4e3872ef3b71f72ca2bb33d75dc48c9df3d3fe20a790f4e9a349b7,48609,48609
sample_0800.jpg,social_media,reddit,b9369929a0d18af191a042685fa74ea9d579aae059c2db52b064744e2bcd425b,b9369929a0d18af191a042685fa74ea9d579aae059c2db52b064744e2bcd425b,87268,87268
sample_0801.jpg,social_media,reddit,edb9d63d81e7b30162a8427b4f20276c92adcf1ffa12d6411af80003bbb924ee,edb9d63d81e7b30162a8427b4f20276c92adcf1ffa12d6411af80003bbb924ee,28938,28938
sample_0802.jpg,social_media,reddit,ac336e5cdaaf8b6b0575a34b3c587880aa7dcae0642c924a6ba925e83744675f,ac336e5cdaaf8b6b0575a34b3c587880aa7dcae0642c924a6ba925e83744675f,521477,521477
sample_0803.jpg,social_media,facebook,af1614b6b07f5e0341c2597b83eacb1f7cdfd7cb3b71281d4012fc160f106a5e,af1614b6b07f5e0341c2597b83eacb1f7cdfd7cb3b71281d4012fc160f106a5e,203737,203737
sample_0804.jpg,social_media,reddit,f71dbe5f1a330f7a2f111dee273c3a4e36bcbcf7f95a1991a9a9b3403d558cfd,060466d7231cb7c7e29df3c16a595973178dcb06c14e441a1ac750f839cd7144,290225,289350
sample_0805.jpg,non_memes,screenshots,ef6b917102f432cd1585444d15d2b8ef56425f7433adbd294675663418d04f99,ef6b917102f432cd1585444d15d2b8ef56425f7433adbd294675663418d04f99,35592,35592
sample_0806.jpg,social_media,reddit,dc324ef84c1861b3a95f22c0861b9d474e9beaf14774f4825379d4bd32f4d9bb,dc324ef84c1861b3a95f22c0861b9d474e9beaf14774f4825379d4bd32f4d9bb,52071,52071
sample_0807.jpg,social_media,reddit,f8f91087d7b4db6e65f0f0b9c0fefc9a1cf3f28cdb2289eb29534e9958b90754,f8f91087d7b4db6e65f0f0b9c0fefc9a1cf3f28cdb2289eb29534e9958b90754,77164,77164
sample_0808.jpg,social_media,reddit,b55746abca161a5947fed9546db430bd171187d67b31f99d3c1046fc57217712,b55746abca161a5947fed9546db430bd171187d67b31f99d3c1046fc57217712,69811,69811
sample_0809.jpg,social_media,reddit,120346ade70737c121a316908edc239d30c7ce7ec9ed4ad82723f25ace8a1162,120346ade70737c121a316908edc239d30c7ce7ec9ed4ad82723f25ace8a1162,23815,23815
sample_0810.jpg,social_media,reddit,3f69d4b10cb102a3f26e9e0ab8fa0dfea92c51f619a33aecb0280b7c8b6a6f47,bb52fcce0105e65f7a7d09a2c402cdc3c30ab4f6faf71c27eabc106b5824bd9c,74399,73833
sample_0811.jpg,social_media,facebook,1d634cb908cd7a3f1b32975ee697dfafeaf1aec1d3649463db50ae479cc0a97a,8e7987ec6f766317af25059f03cada9d903e2e7cf126dcb743e6a4a371456dfa,8038,7564
sample_0812.jpg,social_media,twitter,ba80dda350add87ad97ff7afaadd9acb05e36b1e32e7300d26b1caefcd1f4c7d,ba80dda350add87ad97ff7afaadd9acb05e36b1e32e7300d26b1caefcd1f4c7d,19771,19771
sample_0813.jpg,social_media,reddit,c71bf3c91bb5c64374c8aa994868c72fe21ae45f7719690f99e0e6b26f099b16,c71bf3c91bb5c64374c8aa994868c72fe21ae45f7719690f99e0e6b26f099b16,115256,115256
sample_0814.jpg,social_media,twitter,a49ce2bda16e3fb2567985adb39b700e0bfb31336184a4d3ae675393f8602a41,a49ce2bda16e3fb2567985adb39b700e0bfb31336184a4d3ae675393f8602a41,83592,83592
sample_0815.jpg,social_media,twitter,686ef6e9e987388412e518f52298834c2a04625a8fe30a874caa0594f2c68bc7,686ef6e9e987388412e518f52298834c2a04625a8fe30a874caa0594f2c68bc7,28803,28803
sample_0816.jpg,social_media,facebook,50fad9cca796603243e1775634b7cdff3e7425fb34ffcca0ccbd20068a9f66d3,4fae4f90ab8dbd51acb7f36dc59d01ea8edaf80ed362a9ab432f1b5cc263c050,48965,48807
sample_0817.jpg,social_media,twitter,a78578bc5ee57b9ed718fc6df288c2daf5d9c5ac487d1e774dcc16fee5545078,39a0d495e9288b55eb4b8f70e073afbc0f8af9c944ce23ff1e900d022e382b94,60867,60301
sample_0818.jpg,social_media,reddit,32281fa27685e0aab4d8fdc9fc11e9901b2bf98e041f7a36ec6f63739c4f152e,32281fa27685e0aab4d8fdc9fc11e9901b2bf98e041f7a36ec6f63739c4f152e,79300,79300
sample_0819.jpg,social_media,reddit,c0c86513be09b44dffebf11d7e03ce3ec07998d13306b9d2b7fe8a48bfd03245,c0c86513be09b44dffebf11d7e03ce3ec07998d13306b9d2b7fe8a48bfd03245,50841,50841
sample_0820.jpg,social_media,reddit,88537c5f0975cda358ccc61e1eca61a3dc8b9c67a6cd599c1363fe366a1e3f25,e8d74c5123d465f483959e606ae287c0349cfaf9b27d00c7143beeabeede0131,169501,168947
sample_0821.jpg,social_media,twitter,b4c06c2bac211b037731249feb4e9f07ec290c8c81e246de79ea94290a255092,b4c06c2bac211b037731249feb4e9f07ec290c8c81e246de79ea94290a255092,37035,37035
sample_0822.jpg,social_media,facebook,bb8b031c3c6d549e84800b3e0cfc36b2b3729f7605e342f5a2447abfafc1422e,36748f0e0ed3d739fb967a55b6b7271b7d4bea5dcce31bc655d78fa84c727eca,21978,21844
sample_0823.jpg,social_media,reddit,bdc27da9a3fc3a221ae5ad1f1142482913a8f1deff12fef31c685c69cdbd40b0,bdc27da9a3fc3a221ae5ad1f1142482913a8f1deff12fef31c685c69cdbd40b0,8162,8162
sample_0824.jpg,social_media,twitter,7311e1e9b8cd50021eeb5317916b4f8dbd07ab4a8eae24fbb817f475d4acf7d7,7311e1e9b8cd50021eeb5317916b4f8dbd07ab4a8eae24fbb817f475d4acf7d7,48880,48880
sample_0825.jpg,social_media,twitter,ca44b070c2c2b88635ec9ddf203a14426ac5e547ea0838d7c724b40872d39539,ca44b070c2c2b88635ec9ddf203a14426ac5e547ea0838d7c724b40872d39539,985891,985891
sample_0826.jpg,social_media,facebook,f98d156e50aa4d6b7bc665d8bf8924ee76c8383f03d1afa6131b60a501d5cf86,3b741d976bbe835dfd24f9b22527f648f08c0112b268fef375ee09bf7ca1d69e,20148,20014
sample_0827.jpg,social_media,facebook,2501b166a455757d607e7d1eff0ac58d1f491ca2af41892a0cba2f74d798d1f4,25f7bf182e8171dac48343549c83303bda6dce4fed0de1a61eb20a41781e7ed3,36312,36154
sample_0828.jpg,social_media,reddit,a698133c41f2851585c91eb18dfbc4f214fbe59b33551d629e1c232580cf4154,a698133c41f2851585c91eb18dfbc4f214fbe59b33551d629e1c232580cf4154,52271,52271
sample_0829.jpg,social_media,reddit,52a42a135ef1fa942f214076d660ffcd3e6218c528d04b17b9f9e4246baa3b3e,52a42a135ef1fa942f214076d660ffcd3e6218c528d04b17b9f9e4246baa3b3e,96532,96532
sample_0830.jpg,social_media,reddit,fe030c3fb28d88460fd59e31380986b315c3cbfd67bb050c6113af682bb8278d,fe030c3fb28d88460fd59e31380986b315c3cbfd67bb050c6113af682bb8278d,56647,56647
sample_0831.jpg,social_media,twitter,d86454d81d1cbd8f1840ee49d1c3851f75fb803dcfa192f5a830b1aaa5cef117,e96515cdc5d54bce1a08e31c43e52b971afad7e0e7eaf9185062e1560a54c1ad,47625,47083
sample_0832.jpg,social_media,facebook,38a84b1f2c88e4286908bedef2cf38760eedcdfbb74bb07db2be053f4a537f98,a027014295367e701cbcc78e98e612ba680acde14ecf67971c038a5b42611feb,42616,42482
sample_0833.jpg,social_media,reddit,31891982827cb37c55b7552b6874d353be2b79ec30740fba3a4fec5683c565e8,31891982827cb37c55b7552b6874d353be2b79ec30740fba3a4fec5683c565e8,48722,48722
sample_0834.jpg,social_media,reddit,fda8dfcf361dace27bf09a330f56478824d8e96d6ee104724ee63f428e12bb29,fda8dfcf361dace27bf09a330f56478824d8e96d6ee104724ee63f428e12bb29,59455,59455
sample_0835.jpg,social_media,reddit,1f9afb3ac4e81d61629c6882ef854776ca53cefa9f76377b257445becb903874,1f9afb3ac4e81d61629c6882ef854776ca53cefa9f76377b257445becb903874,55034,55034
sample_0836.jpg,social_media,reddit,ca1871d8410cca4d8dcfa7258acaa28e56d9474b0ece1738a78685e299ed174f,ca1871d8410cca4d8dcfa7258acaa28e56d9474b0ece1738a78685e299ed174f,36637,36637
sample_0837.jpg,social_media,facebook,d243d492f4905e8ec956ab0f479a47009ea962eb745f1bdf1364a7f2888f3eec,716a4516085de9ee848cb26676c769dfa3b074247c6e071e53826c4d425b8284,46194,46060
sample_0838.jpg,social_media,facebook,a2774f9eaa2e73e6a30e96da62b48f492d750021e4efdeb7cbaf5ff8d371a47b,57b9e318bd169df74dbaeac9d9f9890e0c1d2c38077cf353e7866455cf4c9bd5,45257,45123
sample_0839.jpg,social_media,facebook,bac6bbfb2f29d7163dc351e28c025ccc2a9763f659de0df86dc883c7b06a6cce,3d2ed2a0a716c15dd44a0394ccb96a60a77d420a2fb1581286f562d82d865799,30374,29832
sample_0840.jpg,social_media,reddit,dd54b52ea34d406ede94927c1242adff59d3d7a83599bf933f8bece7b32810c9,d3921e26ce2e379e331879c553952646f75200b576fb696353db4bd965f01d50,88059,87925
sample_0841.jpg,social_media,facebook,3ba66ec2288c77e549ff6a9bd6b3855ce840adb15d569bed1088c911cb6517ab,1c894d7c1328c0ea571810d3d5257b849c08500ec7379169ed5c158384578566,6566,6432
sample_0842.jpg,social_media,reddit,8e207494b3881ea902ec2b4b990aceac5cf7d6bcb50a71b6a6241bac90b7c0b1,8e207494b3881ea902ec2b4b990aceac5cf7d6bcb50a71b6a6241bac90b7c0b1,177790,177790
sample_0843.jpg,social_media,twitter,f2f390331cb5074b99e6290714efdbd01f872900ca6acbf7a44b77479c2565e7,de5a0e3a92459c5fa74d1b56162f3274521517246451cd6877cd73065c629eab,22899,22333
sample_0844.jpg,social_media,reddit,8099fc5a9e0a00a15888185903d25e771c67daa56864f3a9474a80c61fd50030,8099fc5a9e0a00a15888185903d25e771c67daa56864f3a9474a80c61fd50030,171432,171432
sample_0845.jpg,non_memes,flickr20k,488e1903f816f862aed2b9698424e56267bf0a771eb3f7019f4bc6aed774daf8,488e1903f816f862aed2b9698424e56267bf0a771eb3f7019f4bc6aed774daf8,56525,56525
sample_0846.jpg,non_memes,flickr20k,84d2cd1910c4db2ae07058147a2601b6f28a669729aac587dea6045fb8b26527,71ffba4045ffc64e56b62c2eefdd3479c50010befced0cd8df0697aff6d12906,94479,91317
sample_0847.jpg,social_media,facebook,e0b9c7ff9c22be489d3d1dd208c8c6253f0d7c2b63203c4251ade2c4f4e40a3f,a1a30ac9b47b06dcaaa49188f693ed674f8885323f0b1038185c6adce1d73ba7,26168,25560
sample_0848.jpg,social_media,twitter,0aaddb6e116a57deec5dabb5c5f606580ca93e53776095d396e89c81613c756f,0aaddb6e116a57deec5dabb5c5f606580ca93e53776095d396e89c81613c756f,68330,68330
sample_0849.jpg,social_media,reddit,f4779d2d9bd24e6e336dea7ac3d55b83136eea18f4d2ba4853117a1903b56227,f4779d2d9bd24e6e336dea7ac3d55b83136eea18f4d2ba4853117a1903b56227,81974,81974
sample_0850.jpg,social_media,reddit,50b48a614ffb3d5fd4e19e1d821c8c54bbf808e523e404c4197842aab8d85c37,50b48a614ffb3d5fd4e19e1d821c8c54bbf808e523e404c4197842aab8d85c37,36816,36816
sample_0851.jpg,social_media,reddit,cc5628896bf1fdd0f4b1b2320039b142dae35ec4ea3b69174f6a3465a0a9f464,e17c5992b0fbb04196632abf4614247bfc2422872b4a1e2cea826e53556098a3,111257,110691
sample_0852.jpg,social_media,twitter,dec4ee582f7fcd30ec9cd6c959c057a10dbf91962f4283f7bf38c4f993f3e2f4,dec4ee582f7fcd30ec9cd6c959c057a10dbf91962f4283f7bf38c4f993f3e2f4,1246,1246
sample_0853.jpg,social_media,reddit,46ccfd8014c26aaed2f4f6a2d0c8d693b1198b4481387c48b4d64710d751a3e3,46ccfd8014c26aaed2f4f6a2d0c8d693b1198b4481387c48b4d64710d751a3e3,94099,94099
sample_0854.jpg,non_memes,screenshots,06f71c79492e70957d5743db97748b70979a896e13d9a30aca3ba0d9815da289,06f71c79492e70957d5743db97748b70979a896e13d9a30aca3ba0d9815da289,76303,76303
sample_0855.jpg,non_memes,flickr20k,f5e42f62cae4f6b50e55705665ff1d1c1dc0ec9f8b29cf427cf8494b8be3a4fb,f5e42f62cae4f6b50e55705665ff1d1c1dc0ec9f8b29cf427cf8494b8be3a4fb,139019,139019
sample_0856.jpg,social_media,reddit,d1b7ccb3229d867e5bacbf346b5fab16d06e4973b2dea5531edf946f96dc30ca,b433008ccd2bb67de626b165e9a436c4a0b7c23537c0b2a9fd6774989823bf36,97826,97272
sample_0857.jpg,social_media,reddit,8ad2e9c6e06bbe7701c3b1a0d5307d63ad1eee14f367c80b3baf1bdd366fcbfa,51b9d686a929b7d762a0f094ab05982bcb668a793e4fc3534b14df2d0f90ce90,70346,69780
sample_0858.jpg,social_media,reddit,1d98326a0198830a6324add610c1deebd1495e0b814be58ddfb704b54698ec99,1d98326a0198830a6324add610c1deebd1495e0b814be58ddfb704b54698ec99,122244,122244
sample_0859.jpg,social_media,reddit,7689ea5b1765c93cac6ea9c1781e60014e1b89d84da065238c3297956748dc1b,8bafd870397d81e02a8af89794effd922225f99c86cdb1acf674c6d5ca4f4419,151458,150904
sample_0860.jpg,social_media,reddit,4e183795a78cbdcfa74e1773027954f5ac7d948d3320c5d990466f4444bc1b1a,4e183795a78cbdcfa74e1773027954f5ac7d948d3320c5d990466f4444bc1b1a,51759,51759
sample_0861.jpg,social_media,reddit,d786103c130be158281fb5718d2cde88ae4d6f704ba7a7c7a148293158c0e31e,d786103c130be158281fb5718d2cde88ae4d6f704ba7a7c7a148293158c0e31e,151830,151830
sample_0862.jpg,social_media,reddit,eff88319b29c30e358ac72304824bc4500ae4cd4d20c63dee2a4771aa8e9d0f7,eff88319b29c30e358ac72304824bc4500ae4cd4d20c63dee2a4771aa8e9d0f7,102054,102054
sample_0863.jpg,social_media,reddit,3a46a4759e7308f4fd02c612a2cce164f44978715700f02f8ca788afef7c0f8f,3a46a4759e7308f4fd02c612a2cce164f44978715700f02f8ca788afef7c0f8f,82080,82080
sample_0864.jpg,social_media,reddit,68398c433be4a13d05b68da8b8fcb5215c6f220a4bc3c8c5207cc7e642a2c8a6,68398c433be4a13d05b68da8b8fcb5215c6f220a4bc3c8c5207cc7e642a2c8a6,44150,44150
sample_0865.jpg,social_media,reddit,7366f8c439781d2dd48789a5e80a80666ae5ab0377df6e7fd727c73e843a91db,7366f8c439781d2dd48789a5e80a80666ae5ab0377df6e7fd727c73e843a91db,44823,44823
sample_0866.jpg,social_media,reddit,13920ad27e2e07d7a6ac24102098e8c7c8bc17d9f734e225dcf014a14b6ff66d,13920ad27e2e07d7a6ac24102098e8c7c8bc17d9f734e225dcf014a14b6ff66d,375111,375111
sample_0867.jpg,social_media,reddit,2e5bdbacc3db07bca8d9288d714ee147a13ec1f9c51cbf141c4af237bb0711fa,671a4e86590756ab082745e7d78ffe7c2cff9dbccea618f8d75b2b8aa62b211e,45381,44815
sample_0868.jpg,social_media,facebook,1abbd97b38b8c107efdbbee9f6bd0000277d9517bd36dd04a0d7a8650189a5a9,bf98b342fee1cf47e65cd3fbf080cf7ffc4ccd7263cbe16edd9e051a86d84879,15553,15419
sample_0869.jpg,social_media,reddit,61e151c69322ecee8277494b1451adc4ba87ca474d445dbda2dd5c2b2ca80909,61e151c69322ecee8277494b1451adc4ba87ca474d445dbda2dd5c2b2ca80909,84810,84810
sample_0870.jpg,social_media,twitter,75222b9759b98047e145341b2109745be2015464c744cdfe82710ca15782077c,75222b9759b98047e145341b2109745be2015464c744cdfe82710ca15782077c,46056,46056
sample_0871.jpg,social_media,reddit,b5d223d3790830b446592b679f11350a865a2b3ccb76749b352045c909668b80,b5d223d3790830b446592b679f11350a865a2b3ccb76749b352045c909668b80,27312,27312
sample_0872.jpg,social_media,facebook,d27b1f2a059653a8b4d0f7fce5031e12e039a058f336e1f6a9dd2176f37e2ce8,7742458ed84d4f135dfaeab76a6e7b6aebdfe0d813d0bb7740625ba0d4830fec,44689,44531
sample_0873.jpg,social_media,reddit,9628371dda91f3d252256374655a2aeb19f94eb0124612d392f5fd89ca8e7abc,f3c4a3a59c71275d3be422cf0d8f27a2467c6e0c56287f27a4f8ab6292dafc7c,83131,82565
sample_0874.jpg,social_media,reddit,a5bedca2368e550de45a2addd9a09a77b5aebd1a6216f58138764d65e09763c9,a5bedca2368e550de45a2addd9a09a77b5aebd1a6216f58138764d65e09763c9,95908,95908
sample_0875.jpg,social_media,reddit,9c1428d92ae1354bf28b2d66c5b6ced7f58517e356434de4870273107f680811,9c1428d92ae1354bf28b2d66c5b6ced7f58517e356434de4870273107f680811,140224,140224
sample_0876.jpg,social_media,facebook,5faa97142f811142884b9345d3bf33097c599a1803be8a022ebb4c8d148da795,5faa97142f811142884b9345d3bf33097c599a1803be8a022ebb4c8d148da795,3582,3582
sample_0877.jpg,social_media,reddit,21b3acb050fd99dcbda659f6c3129d563014ab625543cc42d429bdadd64cec93,21b3acb050fd99dcbda659f6c3129d563014ab625543cc42d429bdadd64cec93,23005,23005
sample_0878.jpg,non_memes,flickr20k,c43d9b7bf519c21fec81b53185b4d5322458badeed8087e02e42eaaf34ed6761,7204dc38ba56ff0e557a88c4614de47b01810c48d3c17f6d8d9e8a42c319aabc,147132,143974
sample_0879.jpg,social_media,reddit,bdc6ec78f4fe64baf2c217d020d55c2d945bd7b97bcbb839b792c7d35cd7c613,bdc6ec78f4fe64baf2c217d020d55c2d945bd7b97bcbb839b792c7d35cd7c613,99409,99409
sample_0880.jpg,social_media,reddit,8599a2c0d89a3a928661d2fac699bfd6286a41c95db46ee9c8e96ba532776eb8,8599a2c0d89a3a928661d2fac699bfd6286a41c95db46ee9c8e96ba532776eb8,57625,57625
sample_0881.jpg,social_media,reddit,397c0da6ba00b63eec2660c1896fc456058799903d32659a6931654339db7c83,397c0da6ba00b63eec2660c1896fc456058799903d32659a6931654339db7c83,92389,92389
sample_0882.jpg,social_media,twitter,5e9ad3a99f0c05bb70e1e08835466dbc8e3ee10e23d919f72dfafb04de2ea208,5e9ad3a99f0c05bb70e1e08835466dbc8e3ee10e23d919f72dfafb04de2ea208,31568,31568
sample_0883.jpg,non_memes,screenshots,9223fc99c1fb24d85b2d7afb6a8483b6b9d9f5254e66c67963b5c61d5bc68802,9223fc99c1fb24d85b2d7afb6a8483b6b9d9f5254e66c67963b5c61d5bc68802,144764,144764
sample_0884.jpg,social_media,reddit,9c7230b55d7fc7e5095743d045f0e959781e3c2755a02d62712adcdc0ce6bf10,9c7230b55d7fc7e5095743d045f0e959781e3c2755a02d62712adcdc0ce6bf10,250804,250804
sample_0885.jpg,social_media,twitter,bd11984cf584aaa262845c030afd827db7276a98d3a79f94e5b6c2f5587e35e4,bd11984cf584aaa262845c030afd827db7276a98d3a79f94e5b6c2f5587e35e4,34771,34771
sample_0886.jpg,social_media,facebook,c32dbf6f1408975a76f4f776fdf7742884d7b1b9ad1780b198515f41be030415,cea11785bef6e156bc4f51fcf9401aa4efe6069008a3527c6c96b83c8106f83e,40309,40151
sample_0887.jpg,social_media,twitter,af9fb111bd7c25cd0ed0678a093d654112693fcf619eecf6f58aa4605cf2d21e,af9fb111bd7c25cd0ed0678a093d654112693fcf619eecf6f58aa4605cf2d21e,23606,23606
sample_0888.jpg,social_media,reddit,356d9d08bd51406edd17d2677858f3ff15ce7246e80facc3920440540132b5ce,356d9d08bd51406edd17d2677858f3ff15ce7246e80facc3920440540132b5ce,18643,18643
sample_0889.jpg,social_media,reddit,f494e46bc69472aace377bfa48ce04cbcc7559ae6957cd084ca4952ba2e8b05e,f494e46bc69472aace377bfa48ce04cbcc7559ae6957cd084ca4952ba2e8b05e,207761,207761
sample_0890.jpg,social_media,reddit,a7851c324823b9c61f50eb4bbeb26f7d20ee73751dfbbbb4f43c9252fbbd70df,a7851c324823b9c61f50eb4bbeb26f7d20ee73751dfbbbb4f43c9252fbbd70df,61845,61845
sample_0891.jpg,social_media,twitter,bbcd9b765388c6275dbcb62ce30ae15f580bf7641f41dd54a353bbbee77bc292,bbcd9b765388c6275dbcb62ce30ae15f580bf7641f41dd54a353bbbee77bc292,51735,51735
sample_0892.jpg,social_media,twitter,a7bdb0b24e7e220dc31a99cb872ad9287f2d9af149fdbeb986d48e61f9a4e605,a7bdb0b24e7e220dc31a99cb872ad9287f2d9af149fdbeb986d48e61f9a4e605,65891,65891
sample_0893.jpg,social_media,facebook,20a9353d81a220f39bf1f9b21e67b2ee3adddc42fd62bf25ec8261ca9e46669d,3f5be15d3b2f6037a4709efbcbc304d150a763eb69049c2047df42782a394a77,36380,36246
sample_0894.jpg,social_media,reddit,78c87c3c30a3f2adc84c6eec430dc309952db5e6a8d5abce2092bcb46a44295d,78c87c3c30a3f2adc84c6eec430dc309952db5e6a8d5abce2092bcb46a44295d,1126188,1126188
sample_0895.jpg,social_media,reddit,fd04f60c2cfd71c7e75f3cb1d044f078b86648ba7677842f2ebd94a7ce35618d,a0070149f49664c98d051bcd3450bbcce74bbbd58a7915c36c441dffad9102ad,98456,97902
sample_0896.jpg,social_media,reddit,bdf055d78e13cda9ea332d68722b429ccc11883106133e5c0d636d648a63205c,6baf9fa1a93c4a1d474d3cbfb8a343d8f9e062224b53a94ad07ee3440db63004,123231,122665
sample_0897.jpg,social_media,twitter,a386ee48fc01b4e536652f3a56164e40436461e7a1a6f7ba3dae1d4b1795a058,a386ee48fc01b4e536652f3a56164e40436461e7a1a6f7ba3dae1d4b1795a058,17214,17214
sample_0898.jpg,social_media,twitter,49ad972ac81c764873b631723642cff5af364049a596f4cac569342fa2086920,49ad972ac81c764873b631723642cff5af364049a596f4cac569342fa2086920,84910,84910
sample_0899.jpg,social_media,reddit,8fb8274ef0183dcc2d4dfa9b5ae59167bbb9688d607e2454592308fe4b017bad,8fb8274ef0183dcc2d4dfa9b5ae59167bbb9688d607e2454592308fe4b017bad,78062,78062
sample_0900.jpg,social_media,reddit,3f14313b29d1bde439c13ceee924d844519150957c4913412966c0053d818543,3f14313b29d1bde439c13ceee924d844519150957c4913412966c0053d818543,111006,111006
sample_0901.jpg,social_media,reddit,caba563c241723801d99aa5ddf1d91548e2fe0c39e8206fba10460492f8b87d9,caba563c241723801d99aa5ddf1d91548e2fe0c39e8206fba10460492f8b87d9,28076,28076
sample_0902.jpg,social_media,reddit,55da4c4e52ec42a8b8baa4ae6ee240f4bde30cf8dcf80ff3530db60f7d98132a,287d0efca85991f34c299f9bc181e67352ef7e40783604c89825321a77b4134c,71978,71436
sample_0903.jpg,social_media,reddit,fdf8e35343552c57af962437f6e8eb508042114b6bff2d5b4ee96af7277b4953,fdf8e35343552c57af962437f6e8eb508042114b6bff2d5b4ee96af7277b4953,507104,507104
sample_0904.jpg,social_media,twitter,eee28daa42f8098f4484f3902e22b56c92df7f2fc04abf0e20a89b89d1a415b8,eee28daa42f8098f4484f3902e22b56c92df7f2fc04abf0e20a89b89d1a415b8,22410,22410
sample_0905.jpg,social_media,twitter,0f36c09d05c3f6c05b6889edef5865e2e87ea0e4b6b4769ec3e1fbb10bece85f,55497ae972457efa9b509c668b56a2c65aea414a683326e24e4229a5a59c61d0,35164,34598
sample_0906.jpg,social_media,facebook,366c7ede84f8051eb10f30c969586377dce699e49416d7c30f39795642dfe517,1ddbe0fe48270b19e2514c56dd24b0bc58688374bbffe743b28e0afb7317782e,37834,37360
sample_0907.jpg,social_media,reddit,0724947d60146c55ad152bfe1343e95d6b73c1527a1abbe795bc2959c2755515,0724947d60146c55ad152bfe1343e95d6b73c1527a1abbe795bc2959c2755515,32898,32898
sample_0908.jpg,social_media,reddit,54512b9de3c7f5795ad6b0ce4180df7675736ed18f6ca32db971175f3bfcbfaa,5ec8870a3980df92b755b590ea7e04d24e7a7ea745ace96f27b1d6ad03f5b64c,75000,74446
sample_0909.jpg,social_media,reddit,2bce6519e823512b1203db619f24a547d463cbb75a48b5012ea47eed092074ab,2bce6519e823512b1203db619f24a547d463cbb75a48b5012ea47eed092074ab,49506,49506
sample_0910.jpg,social_media,reddit,49e5943fa5c8b1b631eda27cf295787d1985efea8f3edcba7f83f794be9930b2,49e5943fa5c8b1b631eda27cf295787d1985efea8f3edcba7f83f794be9930b2,1064005,1064005
sample_0911.jpg,social_media,reddit,561da64194e9c8916582511f6b9d087943f76ac9a14e86b5fdce3a19e2d6a702,561da64194e9c8916582511f6b9d087943f76ac9a14e86b5fdce3a19e2d6a702,42930,42930
sample_0912.jpg,social_media,reddit,eb1db2a3c2dec277f488bff323487454d3afc1c7f0ed5ffb4046f5ea6ead87bf,eb1db2a3c2dec277f488bff323487454d3afc1c7f0ed5ffb4046f5ea6ead87bf,97791,97791
sample_0913.jpg,social_media,reddit,d07ec9a7d39f3580490787aa3501626e0c0f4d509e57859aae4d840599181f3b,d07ec9a7d39f3580490787aa3501626e0c0f4d509e57859aae4d840599181f3b,316440,316440
sample_0914.jpg,social_media,facebook,1351f5193ad4dce2db2217830fae6b77ac3287b2b5cf83d1feed1b2b65b83b7c,b986153aec1a8d7a6fbfa6b02911dbb38e4f25719edc96d6cc41f8e14ba1d0e5,49135,48977
sample_0915.jpg,social_media,facebook,1c2276f75aa19b375533a827a5ef53c6d8c754a18247b3e5cc5bc7e5ce0afc92,ba8fd4a21044765df2ba7fc411a5835f2f9731a3fd3412c80e3ad8c215731463,46401,46267
sample_0916.jpg,social_media,reddit,3eae1a3a6f1367d86c80b53aed78b329f72c21e75b9b7a1a4e813c6b3872ce47,3eae1a3a6f1367d86c80b53aed78b329f72c21e75b9b7a1a4e813c6b3872ce47,111092,111092
sample_0917.jpg,social_media,reddit,509a33bc44113f79207ab52c6bf96f9a81581b28394ec3165e36da2e926dedc4,509a33bc44113f79207ab52c6bf96f9a81581b28394ec3165e36da2e926dedc4,105785,105785
sample_0918.jpg,social_media,twitter,aab2d63d129987efa103b2ba914aaab3f24e35a609ef4327a4969de0105314d8,aab2d63d129987efa103b2ba914aaab3f24e35a609ef4327a4969de0105314d8,40091,40091
sample_0919.jpg,social_media,reddit,9a1c379fa15538f4b2d606b59b38a20de22f2d765f643a10067889b8d6530928,9a1c379fa15538f4b2d606b59b38a20de22f2d765f643a10067889b8d6530928,66591,66591
sample_0920.jpg,social_media,reddit,8dd6ad6f673d8b6e6d26167115c181cf6fa2b2928d57a92955132733e1054a3f,8dd6ad6f673d8b6e6d26167115c181cf6fa2b2928d57a92955132733e1054a3f,30251,30251
sample_0921.jpg,social_media,reddit,095dc0102e6d1a1bdee296019aca01287f8e3bce29200500a0db6b15c885eacd,03a76d773b688a281921f703a7c1a5fde6f458043a523212c6135b02d91bc935,32375,31821
sample_0922.jpg,social_media,twitter,2ce984fb5e4d07d853f35021d3ca2f392bd0d1e4134ba3866e44e687e0ac91c8,2ce984fb5e4d07d853f35021d3ca2f392bd0d1e4134ba3866e44e687e0ac91c8,32606,32606
sample_0923.jpg,social_media,reddit,5f5c69bde1aea3a45d84d932e5d888d1d1baddfc19dca146def278c23a33c49f,5f5c69bde1aea3a45d84d932e5d888d1d1baddfc19dca146def278c23a33c49f,56091,56091
sample_0924.jpg,social_media,facebook,0909ad77a1cdd13be6781f5009f6d65d142319d2f019170fd43f4de7a838fc1f,f06b4443c3520b655f1ee8ba2affe4553ef83210f92274f5434e80ae56fda6a9,32998,32864
sample_0925.jpg,social_media,reddit,1885aa1549ee6f9ecff7ad04ae7b3ab21e7805f61af3bde32102ca7aa78b0f48,1885aa1549ee6f9ecff7ad04ae7b3ab21e7805f61af3bde32102ca7aa78b0f48,177458,177458
sample_0926.jpg,social_media,reddit,8f27aa4b137ffcef41f6d15a5dfa4c8d72938773f41c3bebf2f8c2ece7163098,8f27aa4b137ffcef41f6d15a5dfa4c8d72938773f41c3bebf2f8c2ece7163098,27788,27788
sample_0927.jpg,social_media,reddit,d39e6344c93c620b68d25fe79ef665bc11cb4360597a6b10279f0ee4c28263a5,d39e6344c93c620b68d25fe79ef665bc11cb4360597a6b10279f0ee4c28263a5,217583,217583
sample_0928.jpg,social_media,reddit,4fb7ef87af0220a4bcd141a5ed8176b727cd087f558ebb7d76776787d99cb823,4fb7ef87af0220a4bcd141a5ed8176b727cd087f558ebb7d76776787d99cb823,155088,155088
sample_0929.jpg,social_media,reddit,9fba560291340263ddd631b83fc084452aab121c8452eb5ed0d2dcdfcf9383ab,9fba560291340263ddd631b83fc084452aab121c8452eb5ed0d2dcdfcf9383ab,1181046,1181046
sample_0930.jpg,social_media,facebook,b72fc8cc80b3489fcf3708dc10c5eeaa6d753a4767fe2bc39062b5183e87ea15,16146b3443db3356b48d76308a3e160d991c63bd309498e59cc6203acbe8d25f,20680,20624
sample_0931.jpg,social_media,reddit,c9ba1b8519a6d3f0f768784f380841f26a764a6e040d5b448ed9be0640ffaae4,c9ba1b8519a6d3f0f768784f380841f26a764a6e040d5b448ed9be0640ffaae4,60729,60729
sample_0932.jpg,social_media,reddit,e42c7911118d08dbf75544b27be32afffd43d3f9c17afe4ce1f1de2d5907a9ed,e42c7911118d08dbf75544b27be32afffd43d3f9c17afe4ce1f1de2d5907a9ed,120247,120247
sample_0933.jpg,social_media,reddit,6c4f286d6922938a07ecda1e9450947d3eaa5eb924372c9087a6cf604fab0485,a1e12c7b767453e668c28dd05ab48a845aaf4580572b6e846c4c5ecf507387ec,54726,54592
sample_0934.jpg,social_media,reddit,66087b21818b6f6d330dc39913bcff0e7cb92e07e6bf019bedcbff1bbd257dda,66087b21818b6f6d330dc39913bcff0e7cb92e07e6bf019bedcbff1bbd257dda,91891,91891
sample_0935.jpg,social_media,reddit,58dff5e179f009558551cb61c0bbfbc7c05e3fe465e35eccb0432bb8252cf313,58dff5e179f009558551cb61c0bbfbc7c05e3fe465e35eccb0432bb8252cf313,404673,404673
sample_0936.jpg,non_memes,screenshots,e9b8fb320a90eb99a638e7ebf1768988f955b7cdfa1c131ca63120bb7790aa2e,e9b8fb320a90eb99a638e7ebf1768988f955b7cdfa1c131ca63120bb7790aa2e,236095,236095
sample_0937.jpg,non_memes,poster_downloads,3b8fb91826aede7cb3db4c888f2e71cdb684a0bf61cb0ba4425001ee95a3e1cc,3b8fb91826aede7cb3db4c888f2e71cdb684a0bf61cb0ba4425001ee95a3e1cc,14528,14528
sample_0938.jpg,social_media,facebook,a7be31248afd3e8473c4ebbfa7a9bf350e5f967a76ccddff079f0a20157d052a,80c79541a7ff2daed9641c9becb765d6675ff53d5347a8408e9b1f544173bbde,36054,35920
sample_0939.jpg,social_media,reddit,5177c6a445edecee54e98a33e05a86bc004a082b68ba1327f19d8756e675dfb5,6b86cab6394e5c6d8486f23bd06afdbf5997a5bcbb8ad2ca98225b5aa70160c1,41572,41006
sample_0940.jpg,non_memes,screenshots,b75ab9551bc049327e12d87c13f32f3ae7bd50a379f1df0a84f7bbe89cefe5f9,b75ab9551bc049327e12d87c13f32f3ae7bd50a379f1df0a84f7bbe89cefe5f9,113276,113276
sample_0941.jpg,social_media,reddit,cf1c9eb0c0ebeeb3ab3cdbf6321fcfe075976c69a56c32dfa8854c8e8d9d80ac,cf1c9eb0c0ebeeb3ab3cdbf6321fcfe075976c69a56c32dfa8854c8e8d9d80ac,42402,42402
sample_0942.jpg,social_media,reddit,fe9055838cd3d6ae20390f39e33d02238beacbd47d24f9971073ac562dd13dd8,fe9055838cd3d6ae20390f39e33d02238beacbd47d24f9971073ac562dd13dd8,40930,40930
sample_0943.jpg,social_media,facebook,da6f56a74e6cb2c319fd1eae4d6789c034e93c19cda58b9a011f07920f4136df,5d0120a1a9d3b89edd31fe394daf0b77ca78f312fe9f112bf1fa2556009dd363,32630,32496
sample_0944.jpg,social_media,facebook,09127ad1fcf2ca1fcb3dfd62dda9d0803b929c751f6a931eb7929d91e8a56116,18c6bed823e5715aeec7e0d8ff9863c523fd166df3eb474ceb7c21ebb5cbc888,25990,25516
sample_0945.jpg,social_media,reddit,c62b23c1eed011a20c387f163ec30dfc4216dcd9abd3fb077057bf08a18677d3,c62b23c1eed011a20c387f163ec30dfc4216dcd9abd3fb077057bf08a18677d3,218166,218166
sample_0946.jpg,social_media,twitter,0b4d4c6251ad94b527394c8f4183beb4b1ce7d2fa58eb27370a1446d2bb45f36,0b4d4c6251ad94b527394c8f4183beb4b1ce7d2fa58eb27370a1446d2bb45f36,66481,66481
sample_0947.jpg,social_media,reddit,2cb1384b2e23a65e09e51bb359fb932c2d0c7e16b54aa6486ed1dee0f6316efd,2cb1384b2e23a65e09e51bb359fb932c2d0c7e16b54aa6486ed1dee0f6316efd,489866,489866
sample_0948.jpg,social_media,facebook,ed6e34942c0e918953976ac11625c33fc8f19e5d15a2f73938d09825b1afc14e,94c83d0b637914517ad84ea1e9307050b66fa535a5456bea10bd27317a011447,11298,11164
sample_0949.jpg,social_media,reddit,19ba29044a325e9ba22aab7a90aca49c479717cb225a2f67add363195086505b,19ba29044a325e9ba22aab7a90aca49c479717cb225a2f67add363195086505b,78026,78026
sample_0950.jpg,non_memes,screenshots,c2090b79b0fca535600d534cd7e54a2f7e438a25ccf9d99e23e8259c86bd762c,c2090b79b0fca535600d534cd7e54a2f7e438a25ccf9d99e23e8259c86bd762c,82408,82408
sample_0951.jpg,social_media,facebook,e734a1b76775b9cbbffa25e6be8d50534685497f505c17fdebdd516aaab7d37e,e8565d0c3dd1deb44c9967fa9424817de0cb84b0d9230dde323d225280368bfe,33644,33510
sample_0952.jpg,social_media,reddit,16282e07df7abcc06ba8be444782721c20c72d8a6f11b27139deefe3370fa457,16282e07df7abcc06ba8be444782721c20c72d8a6f11b27139deefe3370fa457,88610,88610
sample_0953.jpg,social_media,reddit,8e7dbc92af44099a0791a7a278ff88be5234e4df0ec5d96d4cae89873b740eb7,8e7dbc92af44099a0791a7a278ff88be5234e4df0ec5d96d4cae89873b740eb7,108657,108657
sample_0954.jpg,social_media,reddit,8e72ad8d27ff728f973eb13653d97fa8c9a4a27d36685a1ae0391a2445e486bf,8e72ad8d27ff728f973eb13653d97fa8c9a4a27d36685a1ae0391a2445e486bf,48288,48288
sample_0955.jpg,social_media,twitter,20451533ff5130628d0dd6aa3ea0e0de93784ea3f310bf3464cd700566e74d71,03940fe36d9a9d16a926bcb61b58b7033cc62cb435ba74597cdfb8e6aec9909c,72839,72273
sample_0956.jpg,social_media,reddit,939d1c6459f8f03a1e7bee6003ee62fd81f3bc2db293515faceb1fbdd5032933,939d1c6459f8f03a1e7bee6003ee62fd81f3bc2db293515faceb1fbdd5032933,53490,53490
sample_0957.jpg,social_media,reddit,cd798c6b6ea29f5961aa109c593fd1f759008cefd8942bbef88a4b3dc239a6fe,cd798c6b6ea29f5961aa109c593fd1f759008cefd8942bbef88a4b3dc239a6fe,73950,73950
sample_0958.jpg,social_media,facebook,7d31e25603f5e1d2dc16f6fd1c513a56947a372ad5ab52f239cbe81696d75e65,b71a4e7bd0d5e02d3afa9792b7a957a8bb2c4c03a40aff1f2923c281c6e0d9fd,45643,45485
sample_0959.jpg,social_media,twitter,44bbf2282023be5fd57f1a130d3046f2f915cfe02fcd939e8fb765ba6411faf9,44bbf2282023be5fd57f1a130d3046f2f915cfe02fcd939e8fb765ba6411faf9,25043,25043
sample_0960.jpg,social_media,facebook,7e721be79da6a80e6cd3a564f7236545b51e572d15e1c48a5e5c6d349b7b49ab,7a0aeb37160c2eeaf610f786c761cfac4a288ce498caf1c460c7c5cbc2dc247a,36326,36168
sample_0961.jpg,social_media,facebook,af75b084e2f5eaf11ee0946621d622feb22bf33005d7b14dde1d70c1af58fa62,d02dfbadd20321b497fb05d0e7e68b002a618e02764cb57a574fe5cdc97e9197,23099,22965
sample_0962.jpg,social_media,reddit,05a5a0fd1c6d45ffa2c2bae5a02514646e71ab08f0367ddef1d43f0e9c954a0b,05a5a0fd1c6d45ffa2c2bae5a02514646e71ab08f0367ddef1d43f0e9c954a0b,181851,181851
sample_0963.jpg,non_memes,screenshots,3163578597b0e8657e0ad18639593fe6d319995f30b49cd8fcaee06ebddb4f0e,3163578597b0e8657e0ad18639593fe6d319995f30b49cd8fcaee06ebddb4f0e,63856,63856
sample_0964.jpg,social_media,reddit,3c126f9f9a32c42df649caf86c9ed4b77a3f93a765c26d5d47847477fe44838d,3c126f9f9a32c42df649caf86c9ed4b77a3f93a765c26d5d47847477fe44838d,80663,80663
sample_0965.jpg,social_media,reddit,28a34ec7702de38014a99a6e43d7d755f6beb9c718c3a293d0f2c4fb20aa0c28,28a34ec7702de38014a99a6e43d7d755f6beb9c718c3a293d0f2c4fb20aa0c28,34782,34782
sample_0966.jpg,social_media,reddit,e7a0ce32b98f91269fb3df9eaae12ccb424b5b759e9c31439f08852fd47376d2,e7a0ce32b98f91269fb3df9eaae12ccb424b5b759e9c31439f08852fd47376d2,324302,324302
sample_0967.jpg,social_media,reddit,f7f21379a603b92eb3206880eba33dd708cc576c46f42699dcb4b150d21b518f,f7f21379a603b92eb3206880eba33dd708cc576c46f42699dcb4b150d21b518f,276549,276549
sample_0968.jpg,social_media,twitter,f52499eb02684a8e75666911a4d257f9a9c74a2df6df2a1f3f3240f8264a56e3,f52499eb02684a8e75666911a4d257f9a9c74a2df6df2a1f3f3240f8264a56e3,46182,46182
sample_0969.jpg,social_media,reddit,17432c11ed9a805d53e25ca9481a2777359aa71f3ee64da51201e922a4ad8d26,17432c11ed9a805d53e25ca9481a2777359aa71f3ee64da51201e922a4ad8d26,91981,91981
sample_0970.jpg,social_media,reddit,20bb8ef396eb945e6043513f05a9e3246e2b9675920437fab049d01527d25672,20bb8ef396eb945e6043513f05a9e3246e2b9675920437fab049d01527d25672,37970,37970
sample_0971.jpg,social_media,reddit,d1cbf19b362c9ffb3c5fec6bb54f6d9d6f8bc5b3a4b23f2cbf51f283080387f4,d1cbf19b362c9ffb3c5fec6bb54f6d9d6f8bc5b3a4b23f2cbf51f283080387f4,40224,40224
sample_0972.jpg,social_media,reddit,559bc9fe82b29f01db536cf6ea13dc239313a918da763917bb1eafdbbdc169c6,559bc9fe82b29f01db536cf6ea13dc239313a918da763917bb1eafdbbdc169c6,114567,114567
sample_0973.jpg,social_media,reddit,6fa333a8d380aa9d05ff63310fdccb44e5a9dc51b116e2e34390f9950799ec12,6fa333a8d380aa9d05ff63310fdccb44e5a9dc51b116e2e34390f9950799ec12,31517,31517
sample_0974.jpg,social_media,facebook,8e51b62b40145653344264c359e81b7d1a765fa2072f85f62447d5cdf01f5858,cdfd0ec236cbff3a671de67f9056f7875c7f1bf0617825431f1a09677f0568c5,7971,7813
sample_0975.jpg,social_media,facebook,dffea05bc1d67265898e5430e0f3b7d6c9f159b5c179faf69ed4830a1eef51dc,9169794e8b5748af16084515e52beae716f335884662e3145ad64b08b65f37e1,10875,10741
sample_0976.jpg,social_media,reddit,934b5e88418b8d9e561ce481e9b14237f30c8f19ab1aba50446a6d5615ee4c24,dd805a7c5c049766efb7548e561ddc7f07b4f6d29cae6b84e78eee845bb1d409,66368,65814
sample_0977.jpg,social_media,reddit,29560dd5c9bc8c7259115c4ce0fb2950e74a78f97a10a69bad7f8089f687250c,29560dd5c9bc8c7259115c4ce0fb2950e74a78f97a10a69bad7f8089f687250c,138374,138374
sample_0978.jpg,social_media,facebook,c5fa60681a5bb534e9e182424075c8b42e59e8319e32a95c63dbab7b81119687,f7618012f0e9d968502739ff3ecd89417ecff91becd8db1a8a4ca17c713f337d,19253,19119
sample_0979.jpg,social_media,facebook,da8fa2986f85117afc9313029dfcb4576080ab734d2b22cc8ce2a520a7cd3f8b,34a560e25156f09904f9dd98cd4b90febba5bddd35141f6949d52199c7d75819,18015,17857
sample_0980.jpg,social_media,reddit,74a027f4431d6538a8b160d9b4165cac5fdd59d29c8d69a1dce3bbfa13d50202,74a027f4431d6538a8b160d9b4165cac5fdd59d29c8d69a1dce3bbfa13d50202,39734,39734
sample_0981.jpg,social_media,facebook,b25e867931579b270c5df39d86ba1e6d99d022a3e6e6c3c5063893b85fd0bbb2,b8945e37b5c4ba352b1dfad2276546c01b5ea3a64b0cb6eddbdbdc526fdd12d6,12056,11922
sample_0982.jpg,social_media,twitter,22cbc420d786acc17a4b63a6d5eb93586e5187b197dd02a6fe6672ffe8910a4c,12b9eeb3426e8b57731518dee42d16caf7844485fa707adfff15c31486008276,36068,35526
sample_0983.jpg,social_media,reddit,6747300a27e66e20558aaef8e61766f4b67d9fd1480575eed43a447a9bfa16ce,6747300a27e66e20558aaef8e61766f4b67d9fd1480575eed43a447a9bfa16ce,67078,67078
sample_0984.jpg,social_media,reddit,e251351c59a8ec41b43c291303e823afef9a89457e2b84ffd961478eb07376fa,e251351c59a8ec41b43c291303e823afef9a89457e2b84ffd961478eb07376fa,38150,38150
sample_0985.jpg,non_memes,screenshots,d3ae46e466011472299b14f8fbd9aca6f4e0fa470ee7251a38732a218ac1e32a,d3ae46e466011472299b14f8fbd9aca6f4e0fa470ee7251a38732a218ac1e32a,111231,111231
sample_0986.jpg,social_media,reddit,d6f00df8bfbec56f41c1b9a5fedff26267c06d27cc9d3213e57a421a686d523d,d6f00df8bfbec56f41c1b9a5fedff26267c06d27cc9d3213e57a421a686d523d,68272,68272
sample_0987.jpg,social_media,reddit,6dfa919a57f950dcfac7d73cf727d8bf3b7454d1c13844acb33cca63e63e21e5,6dfa919a57f950dcfac7d73cf727d8bf3b7454d1c13844acb33cca63e63e21e5,32076,32076
sample_0988.jpg,social_media,facebook,e72c5988bd5e3bf9ee603d2611b1c56bb876e2d4b70309c547746c67c13f0216,00bf98745150b29932854a469b041baa2425402b7b9a8d0491c2e756ea2c5971,41286,41152
sample_0989.jpg,social_media,twitter,0a5bb487870dc7021942fdaaee9bd2a17e307f2590f1164c0bf9079e27e8c54a,0a5bb487870dc7021942fdaaee9bd2a17e307f2590f1164c0bf9079e27e8c54a,253211,253211
sample_0990.jpg,non_memes,screenshots,f04864568b8c6031da5766d169d5c8254280042041baf6f6c689451f33353c06,f04864568b8c6031da5766d169d5c8254280042041baf6f6c689451f33353c06,204057,204057
sample_0991.jpg,social_media,reddit,ac4d8b769994bbdc3d470372b876425d047c0d1a9c8048ab686750aebaaebded,ac4d8b769994bbdc3d470372b876425d047c0d1a9c8048ab686750aebaaebded,109890,109890
sample_0992.jpg,social_media,reddit,688fc6959f1780793cb3f2ff36dd7fab49e1f06d9efb14dbc87c71f2fc8c0ec0,688fc6959f1780793cb3f2ff36dd7fab49e1f06d9efb14dbc87c71f2fc8c0ec0,27048,27048
sample_0993.jpg,social_media,reddit,1628f9dba56eb2e80d1b306e3cbd816ed1f5b0c0d12098b16ee1a66218f12a94,116549c398326a2e5f0e8eb32b8cf658acf0ba32e963c26285e59b0e473fb285,114377,113823
sample_0994.jpg,social_media,reddit,98d5d423059879257599cd5c18ed8ecbae0c58035b6550461ff410bcc96d875a,98d5d423059879257599cd5c18ed8ecbae0c58035b6550461ff410bcc96d875a,69927,69927
sample_0995.jpg,social_media,reddit,664f09a5846c9ce1729e60fe84da62b0b556a015df4b0fe5d43b429ee64d1285,664f09a5846c9ce1729e60fe84da62b0b556a015df4b0fe5d43b429ee64d1285,49751,49751
sample_0996.jpg,social_media,reddit,52ceb524295d63af1d6e01d055f26ec9cbfae57507393a4667a167605b1a5b5f,52ceb524295d63af1d6e01d055f26ec9cbfae57507393a4667a167605b1a5b5f,217766,217766
sample_0997.jpg,social_media,reddit,f5f396ad49193576385122b1800ae5ebad2435d9e3d1cd0f9aecdb6fc9fe5062,f5f396ad49193576385122b1800ae5ebad2435d9e3d1cd0f9aecdb6fc9fe5062,82345,82345
sample_0998.jpg,social_media,twitter,e1eeb1c65df8c9a9598bcc711211ec713765751129abf93108fab6d7443e17e4,853a65978c0a12aba6ca509c3b82d240e2f717167d3216983c347b29eb1e1f94,62114,61572
sample_0999.jpg,social_media,twitter,c94a445670dad58fee47440689d8768781dfa35cffc07742520f1dba38d3014b,c94a445670dad58fee47440689d8768781dfa35cffc07742520f1dba38d3014b,29930,29930
sample_1000.jpg,social_media,reddit,4639bb498b22d4e8bb52cd0e3133f6604a0560e163b16999927c05df530aacc5,4639bb498b22d4e8bb52cd0e3133f6604a0560e163b16999927c05df530aacc5,305804,305804
